level,poi_domain_h,poi_category_h,poi_type_h,offering_tier,offering_weight,causal_rationale,data_corr
domain,Entertainment,,,2,0.66,Cultural/nightlife consumption venues broadly cited as gentrification-era amenities (Ley 1996 The New Middle Class (cultural-intermediary consumption preferences)); kept at medium weight pending category refinement.,
category,Entertainment,Bar,,2,0.66,"Craft bars/pubs are a cited retail-succession indicator but less distinctive than dedicated 'cafe culture' (Lees/Slater/Wyly 2008 Gentrification (retail-succession indicators: cafes, galleries, boutiques, fitness/wellness)).",
type,Entertainment,Bar,Bar,2,0.66,"Craft bars/pubs are a cited retail-succession indicator but less distinctive than dedicated 'cafe culture' (Lees/Slater/Wyly 2008 Gentrification (retail-succession indicators: cafes, galleries, boutiques, fitness/wellness)).",
type,Entertainment,Bar,Pub,2,0.66,"Craft bars/pubs are a cited retail-succession indicator but less distinctive than dedicated 'cafe culture' (Lees/Slater/Wyly 2008 Gentrification (retail-succession indicators: cafes, galleries, boutiques, fitness/wellness)).",
category,Entertainment,Culture,,3,1.0,"Galleries/museums/theatres are a headline 'third wave' cultural-consumption signature (Zukin 2009 Naked City (boutique/artisanal 'third wave' retail as gentrification signature); Lees/Slater/Wyly 2008 Gentrification (retail-succession indicators: cafes, galleries, boutiques, fitness/wellness)).",
type,Entertainment,Culture,Art Center,3,1.0,"Galleries/museums/theatres are a headline 'third wave' cultural-consumption signature (Zukin 2009 Naked City (boutique/artisanal 'third wave' retail as gentrification signature); Lees/Slater/Wyly 2008 Gentrification (retail-succession indicators: cafes, galleries, boutiques, fitness/wellness)).",
type,Entertainment,Culture,Gallery,3,1.0,"Galleries/museums/theatres are a headline 'third wave' cultural-consumption signature (Zukin 2009 Naked City (boutique/artisanal 'third wave' retail as gentrification signature); Lees/Slater/Wyly 2008 Gentrification (retail-succession indicators: cafes, galleries, boutiques, fitness/wellness)).",
type,Entertainment,Culture,Museum,3,1.0,"Galleries/museums/theatres are a headline 'third wave' cultural-consumption signature (Zukin 2009 Naked City (boutique/artisanal 'third wave' retail as gentrification signature); Lees/Slater/Wyly 2008 Gentrification (retail-succession indicators: cafes, galleries, boutiques, fitness/wellness)).",
type,Entertainment,Culture,Theater,3,1.0,"Galleries/museums/theatres are a headline 'third wave' cultural-consumption signature (Zukin 2009 Naked City (boutique/artisanal 'third wave' retail as gentrification signature); Lees/Slater/Wyly 2008 Gentrification (retail-succession indicators: cafes, galleries, boutiques, fitness/wellness)).",
type,Entertainment,Culture,Zoo,3,1.0,"Galleries/museums/theatres are a headline 'third wave' cultural-consumption signature (Zukin 2009 Naked City (boutique/artisanal 'third wave' retail as gentrification signature); Lees/Slater/Wyly 2008 Gentrification (retail-succession indicators: cafes, galleries, boutiques, fitness/wellness)).",
category,Entertainment,Leisure,,1,0.33,"Cinemas are large-format, low-frequency-turnover venues with weak neighbourhood-level compositional signal; kept low weight, not causally central.",
type,Entertainment,Leisure,Cinema,1,0.33,"Cinemas are large-format, low-frequency-turnover venues with weak neighbourhood-level compositional signal; kept low weight, not causally central.",
category,Entertainment,Nightlife,,0,0.0,"Nightclub/gambling/brothel show no established causal link to commercial gentrification in the literature (if anything, associated with pre-upgrading nightlife economies); dropped as non-causal per the 2x2 (ADR-0017 D2).",
type,Entertainment,Nightlife,Brothel,0,0.0,"Nightclub/gambling/brothel show no established causal link to commercial gentrification in the literature (if anything, associated with pre-upgrading nightlife economies); dropped as non-causal per the 2x2 (ADR-0017 D2).",
type,Entertainment,Nightlife,Gambling,0,0.0,"Nightclub/gambling/brothel show no established causal link to commercial gentrification in the literature (if anything, associated with pre-upgrading nightlife economies); dropped as non-causal per the 2x2 (ADR-0017 D2).",
type,Entertainment,Nightlife,Nightclub,0,0.0,"Nightclub/gambling/brothel show no established causal link to commercial gentrification in the literature (if anything, associated with pre-upgrading nightlife economies); dropped as non-causal per the 2x2 (ADR-0017 D2).",
domain,Gastronomy,,,2,0.66,"Sit-down dining broadly cited as a retail-succession indicator (Lees/Slater/Wyly 2008 Gentrification (retail-succession indicators: cafes, galleries, boutiques, fitness/wellness)); refined per category.",
category,Gastronomy,Cafe,,3,1.0,Independent/specialty cafes are the single most-cited 'third wave' gentrification retail signature (Zukin 2009 Naked City (boutique/artisanal 'third wave' retail as gentrification signature); Ley 1996 The New Middle Class (cultural-intermediary consumption preferences)).,
type,Gastronomy,Cafe,Coffee,3,1.0,Independent/specialty cafes are the single most-cited 'third wave' gentrification retail signature (Zukin 2009 Naked City (boutique/artisanal 'third wave' retail as gentrification signature); Ley 1996 The New Middle Class (cultural-intermediary consumption preferences)).,
type,Gastronomy,Cafe,Ice Cream Shop,1,0.33,"Seasonal/low-differentiation format; weak signature relative to specialty coffee, kept low weight.",
type,Gastronomy,Cafe,Other Cafes,3,1.0,Independent/specialty cafes are the single most-cited 'third wave' gentrification retail signature (Zukin 2009 Naked City (boutique/artisanal 'third wave' retail as gentrification signature); Ley 1996 The New Middle Class (cultural-intermediary consumption preferences)).,
category,Gastronomy,Fast Food,,1,0.33,"Fast food/quick-service is largely incumbent-serving and low-cost; theory does not implicate it as a gentrification-offering signal (Dangschat 1988 invasion-succession (incumbent-serving trades displaced by upgrading, not signal-bearing themselves)); kept low weight, not dropped outright since some formats do follow footfall upgrades.",
type,Gastronomy,Fast Food,Asian Fast Food,1,0.33,"Fast food/quick-service is largely incumbent-serving and low-cost; theory does not implicate it as a gentrification-offering signal (Dangschat 1988 invasion-succession (incumbent-serving trades displaced by upgrading, not signal-bearing themselves)); kept low weight, not dropped outright since some formats do follow footfall upgrades.",
type,Gastronomy,Fast Food,Burger Fast Food,1,0.33,"Fast food/quick-service is largely incumbent-serving and low-cost; theory does not implicate it as a gentrification-offering signal (Dangschat 1988 invasion-succession (incumbent-serving trades displaced by upgrading, not signal-bearing themselves)); kept low weight, not dropped outright since some formats do follow footfall upgrades.",
type,Gastronomy,Fast Food,Fries Fast Food,1,0.33,"Fast food/quick-service is largely incumbent-serving and low-cost; theory does not implicate it as a gentrification-offering signal (Dangschat 1988 invasion-succession (incumbent-serving trades displaced by upgrading, not signal-bearing themselves)); kept low weight, not dropped outright since some formats do follow footfall upgrades.",
type,Gastronomy,Fast Food,Kebab Fast Food,1,0.33,"Fast food/quick-service is largely incumbent-serving and low-cost; theory does not implicate it as a gentrification-offering signal (Dangschat 1988 invasion-succession (incumbent-serving trades displaced by upgrading, not signal-bearing themselves)); kept low weight, not dropped outright since some formats do follow footfall upgrades.",
type,Gastronomy,Fast Food,Other Fast Food,1,0.33,"Fast food/quick-service is largely incumbent-serving and low-cost; theory does not implicate it as a gentrification-offering signal (Dangschat 1988 invasion-succession (incumbent-serving trades displaced by upgrading, not signal-bearing themselves)); kept low weight, not dropped outright since some formats do follow footfall upgrades.",
type,Gastronomy,Fast Food,Pizza Fast Food,1,0.33,"Fast food/quick-service is largely incumbent-serving and low-cost; theory does not implicate it as a gentrification-offering signal (Dangschat 1988 invasion-succession (incumbent-serving trades displaced by upgrading, not signal-bearing themselves)); kept low weight, not dropped outright since some formats do follow footfall upgrades.",
category,Gastronomy,Restaurant,,2,0.66,"Full-service restaurants (incl. international cuisine as a 'foodie' cosmopolitanism marker) cited in retail-succession literature (Ley 1996 The New Middle Class (cultural-intermediary consumption preferences)); medium weight -- ethnic-cuisine restaurants can equally reflect stable incumbent immigrant commerce, so not top-tier without data confirmation (2x2, ADR-0017 D2).",
type,Gastronomy,Restaurant,Asian Restaurant,2,0.66,"Full-service restaurants (incl. international cuisine as a 'foodie' cosmopolitanism marker) cited in retail-succession literature (Ley 1996 The New Middle Class (cultural-intermediary consumption preferences)); medium weight -- ethnic-cuisine restaurants can equally reflect stable incumbent immigrant commerce, so not top-tier without data confirmation (2x2, ADR-0017 D2).",
type,Gastronomy,Restaurant,Beer Garden,2,0.66,"Full-service restaurants (incl. international cuisine as a 'foodie' cosmopolitanism marker) cited in retail-succession literature (Ley 1996 The New Middle Class (cultural-intermediary consumption preferences)); medium weight -- ethnic-cuisine restaurants can equally reflect stable incumbent immigrant commerce, so not top-tier without data confirmation (2x2, ADR-0017 D2).",
type,Gastronomy,Restaurant,German Restaurant,2,0.66,"Full-service restaurants (incl. international cuisine as a 'foodie' cosmopolitanism marker) cited in retail-succession literature (Ley 1996 The New Middle Class (cultural-intermediary consumption preferences)); medium weight -- ethnic-cuisine restaurants can equally reflect stable incumbent immigrant commerce, so not top-tier without data confirmation (2x2, ADR-0017 D2).",
type,Gastronomy,Restaurant,Greek Restaurant,2,0.66,"Full-service restaurants (incl. international cuisine as a 'foodie' cosmopolitanism marker) cited in retail-succession literature (Ley 1996 The New Middle Class (cultural-intermediary consumption preferences)); medium weight -- ethnic-cuisine restaurants can equally reflect stable incumbent immigrant commerce, so not top-tier without data confirmation (2x2, ADR-0017 D2).",
type,Gastronomy,Restaurant,Indian Restaurant,2,0.66,"Full-service restaurants (incl. international cuisine as a 'foodie' cosmopolitanism marker) cited in retail-succession literature (Ley 1996 The New Middle Class (cultural-intermediary consumption preferences)); medium weight -- ethnic-cuisine restaurants can equally reflect stable incumbent immigrant commerce, so not top-tier without data confirmation (2x2, ADR-0017 D2).",
type,Gastronomy,Restaurant,International Restaurant,2,0.66,"Full-service restaurants (incl. international cuisine as a 'foodie' cosmopolitanism marker) cited in retail-succession literature (Ley 1996 The New Middle Class (cultural-intermediary consumption preferences)); medium weight -- ethnic-cuisine restaurants can equally reflect stable incumbent immigrant commerce, so not top-tier without data confirmation (2x2, ADR-0017 D2).",
type,Gastronomy,Restaurant,Italian Restaurant,2,0.66,"Full-service restaurants (incl. international cuisine as a 'foodie' cosmopolitanism marker) cited in retail-succession literature (Ley 1996 The New Middle Class (cultural-intermediary consumption preferences)); medium weight -- ethnic-cuisine restaurants can equally reflect stable incumbent immigrant commerce, so not top-tier without data confirmation (2x2, ADR-0017 D2).",
type,Gastronomy,Restaurant,Other Restaurant,2,0.66,"Full-service restaurants (incl. international cuisine as a 'foodie' cosmopolitanism marker) cited in retail-succession literature (Ley 1996 The New Middle Class (cultural-intermediary consumption preferences)); medium weight -- ethnic-cuisine restaurants can equally reflect stable incumbent immigrant commerce, so not top-tier without data confirmation (2x2, ADR-0017 D2).",
type,Gastronomy,Restaurant,Steakhouse,2,0.66,"Full-service restaurants (incl. international cuisine as a 'foodie' cosmopolitanism marker) cited in retail-succession literature (Ley 1996 The New Middle Class (cultural-intermediary consumption preferences)); medium weight -- ethnic-cuisine restaurants can equally reflect stable incumbent immigrant commerce, so not top-tier without data confirmation (2x2, ADR-0017 D2).",
type,Gastronomy,Restaurant,Sushi Restaurant,2,0.66,"Full-service restaurants (incl. international cuisine as a 'foodie' cosmopolitanism marker) cited in retail-succession literature (Ley 1996 The New Middle Class (cultural-intermediary consumption preferences)); medium weight -- ethnic-cuisine restaurants can equally reflect stable incumbent immigrant commerce, so not top-tier without data confirmation (2x2, ADR-0017 D2).",
type,Gastronomy,Restaurant,Turkish Restaurant,2,0.66,"Full-service restaurants (incl. international cuisine as a 'foodie' cosmopolitanism marker) cited in retail-succession literature (Ley 1996 The New Middle Class (cultural-intermediary consumption preferences)); medium weight -- ethnic-cuisine restaurants can equally reflect stable incumbent immigrant commerce, so not top-tier without data confirmation (2x2, ADR-0017 D2).",
domain,Mobility,,,0,0.0,"Transport/vehicle infrastructure is provided independent of local commercial-market composition (public/civic infrastructure -- provided independent of local commercial-market signal, not an 'offering' (ticket scope note: benches, toilets, vending, public transport)); dropped.",
category,Mobility,Individual,,0,0.0,Parking/fuel/vehicle-service infrastructure -- not a commercial 'offering' signal; dropped.,
type,Mobility,Individual,Bike Parking,0,0.0,Parking/fuel/vehicle-service infrastructure -- not a commercial 'offering' signal; dropped.,
type,Mobility,Individual,Bike Rental,1,0.33,"Cycling-share infrastructure has a documented weak association with neighbourhood upgrading ('bike-lane gentrification' discourse), but is municipally sited, not a private commercial offering; kept low weight rather than dropped.",
type,Mobility,Individual,Car Rental,0,0.0,Parking/fuel/vehicle-service infrastructure -- not a commercial 'offering' signal; dropped.,
type,Mobility,Individual,Charging Station,1,0.33,"EV charging correlates weakly with affluent car ownership, but is infrastructure, not retail offering; kept low weight.",
type,Mobility,Individual,Gas Station,0,0.0,Parking/fuel/vehicle-service infrastructure -- not a commercial 'offering' signal; dropped.,
type,Mobility,Individual,Parking Lot,0,0.0,Parking/fuel/vehicle-service infrastructure -- not a commercial 'offering' signal; dropped.,
type,Mobility,Individual,Parking Ticket Machine,0,0.0,Parking/fuel/vehicle-service infrastructure -- not a commercial 'offering' signal; dropped.,
type,Mobility,Individual,Taxi Stand,0,0.0,Parking/fuel/vehicle-service infrastructure -- not a commercial 'offering' signal; dropped.,
category,Mobility,Public Transport,,0,0.0,"Transit stops/ticket machines are municipally sited independent of local retail composition (public/civic infrastructure -- provided independent of local commercial-market signal, not an 'offering' (ticket scope note: benches, toilets, vending, public transport)); explicitly named in ticket scope as non-signal-bearing; dropped.",
type,Mobility,Public Transport,Stop,0,0.0,"Transit stops/ticket machines are municipally sited independent of local retail composition (public/civic infrastructure -- provided independent of local commercial-market signal, not an 'offering' (ticket scope note: benches, toilets, vending, public transport)); explicitly named in ticket scope as non-signal-bearing; dropped.",
type,Mobility,Public Transport,Ticket Machine,0,0.0,"Transit stops/ticket machines are municipally sited independent of local retail composition (public/civic infrastructure -- provided independent of local commercial-market signal, not an 'offering' (ticket scope note: benches, toilets, vending, public transport)); explicitly named in ticket scope as non-signal-bearing; dropped.",
domain,Office,,,1,0.33,"Generic office space is a workplace-density signal, not a retail/consumption offering; ambiguous causal link, kept low weight.",
category,Office,Office,,1,0.33,"Generic office space is a workplace-density signal, not a retail/consumption offering; ambiguous causal link, kept low weight.",
type,Office,Office,Office,1,0.33,"Generic office space is a workplace-density signal, not a retail/consumption offering; ambiguous causal link, kept low weight.",
domain,Other,,,1,0.33,"Miscellaneous/residual category; no default causal claim, kept low weight pending data confirmation.",
category,Other,Hipster,,3,1.0,Coworking space is the founding worked example of a gentrification-signature offering (Florida 2002 creative class (coworking/creative-office clustering); matches the original seed_poi_canonical_category.csv stub 'office/coworking = true').,
type,Other,Hipster,Coworking Space,3,1.0,Coworking space is the founding worked example of a gentrification-signature offering (Florida 2002 creative class (coworking/creative-office clustering); matches the original seed_poi_canonical_category.csv stub 'office/coworking = true').,
category,Other,Other,,0,0.0,"Embassies are diplomatic/state infrastructure sited by geopolitical, not commercial-market, logic; dropped.",
type,Other,Other,Embassy,0,0.0,"Embassies are diplomatic/state infrastructure sited by geopolitical, not commercial-market, logic; dropped.",
domain,Public Service,,,0,0.0,"Civic/public-service infrastructure is sited by administrative planning, not local commercial-market response (public/civic infrastructure -- provided independent of local commercial-market signal, not an 'offering' (ticket scope note: benches, toilets, vending, public transport)); dropped by default.",
category,Public Service,Bank,,1,0.33,Bank-branch presence is sometimes cited as a generic commercial-vitality indicator but is not a gentrification-specific signature; kept low weight rather than dropped.,
type,Public Service,Bank,ATM,1,0.33,Bank-branch presence is sometimes cited as a generic commercial-vitality indicator but is not a gentrification-specific signature; kept low weight rather than dropped.,
type,Public Service,Bank,Bank Branch,1,0.33,Bank-branch presence is sometimes cited as a generic commercial-vitality indicator but is not a gentrification-specific signature; kept low weight rather than dropped.,
category,Public Service,Education,,0,0.0,"Civic/public-service infrastructure is sited by administrative planning, not local commercial-market response (public/civic infrastructure -- provided independent of local commercial-market signal, not an 'offering' (ticket scope note: benches, toilets, vending, public transport)); dropped by default.",
type,Public Service,Education,Daycare,0,0.0,"Civic/public-service infrastructure is sited by administrative planning, not local commercial-market response (public/civic infrastructure -- provided independent of local commercial-market signal, not an 'offering' (ticket scope note: benches, toilets, vending, public transport)); dropped by default.",
type,Public Service,Education,High School,0,0.0,"Civic/public-service infrastructure is sited by administrative planning, not local commercial-market response (public/civic infrastructure -- provided independent of local commercial-market signal, not an 'offering' (ticket scope note: benches, toilets, vending, public transport)); dropped by default.",
type,Public Service,Education,Kindergarten,0,0.0,"Civic/public-service infrastructure is sited by administrative planning, not local commercial-market response (public/civic infrastructure -- provided independent of local commercial-market signal, not an 'offering' (ticket scope note: benches, toilets, vending, public transport)); dropped by default.",
type,Public Service,Education,Library,0,0.0,"Civic/public-service infrastructure is sited by administrative planning, not local commercial-market response (public/civic infrastructure -- provided independent of local commercial-market signal, not an 'offering' (ticket scope note: benches, toilets, vending, public transport)); dropped by default.",
type,Public Service,Education,School,0,0.0,"Civic/public-service infrastructure is sited by administrative planning, not local commercial-market response (public/civic infrastructure -- provided independent of local commercial-market signal, not an 'offering' (ticket scope note: benches, toilets, vending, public transport)); dropped by default.",
type,Public Service,Education,University,0,0.0,"Civic/public-service infrastructure is sited by administrative planning, not local commercial-market response (public/civic infrastructure -- provided independent of local commercial-market signal, not an 'offering' (ticket scope note: benches, toilets, vending, public transport)); dropped by default.",
category,Public Service,Health,,0,0.0,"Civic/public-service infrastructure is sited by administrative planning, not local commercial-market response (public/civic infrastructure -- provided independent of local commercial-market signal, not an 'offering' (ticket scope note: benches, toilets, vending, public transport)); dropped by default.",
type,Public Service,Health,Clinic,0,0.0,"Civic/public-service infrastructure is sited by administrative planning, not local commercial-market response (public/civic infrastructure -- provided independent of local commercial-market signal, not an 'offering' (ticket scope note: benches, toilets, vending, public transport)); dropped by default.",
type,Public Service,Health,Dentist,0,0.0,"Civic/public-service infrastructure is sited by administrative planning, not local commercial-market response (public/civic infrastructure -- provided independent of local commercial-market signal, not an 'offering' (ticket scope note: benches, toilets, vending, public transport)); dropped by default.",
type,Public Service,Health,Doctor,0,0.0,"Civic/public-service infrastructure is sited by administrative planning, not local commercial-market response (public/civic infrastructure -- provided independent of local commercial-market signal, not an 'offering' (ticket scope note: benches, toilets, vending, public transport)); dropped by default.",
type,Public Service,Health,Hospital,0,0.0,"Civic/public-service infrastructure is sited by administrative planning, not local commercial-market response (public/civic infrastructure -- provided independent of local commercial-market signal, not an 'offering' (ticket scope note: benches, toilets, vending, public transport)); dropped by default.",
type,Public Service,Health,Pharmacy,0,0.0,"Civic/public-service infrastructure is sited by administrative planning, not local commercial-market response (public/civic infrastructure -- provided independent of local commercial-market signal, not an 'offering' (ticket scope note: benches, toilets, vending, public transport)); dropped by default.",
type,Public Service,Health,Vet,0,0.0,"Civic/public-service infrastructure is sited by administrative planning, not local commercial-market response (public/civic infrastructure -- provided independent of local commercial-market signal, not an 'offering' (ticket scope note: benches, toilets, vending, public transport)); dropped by default.",
category,Public Service,Other,,0,0.0,Civic/administrative services; dropped.,
type,Public Service,Other,Driving School,0,0.0,Civic/administrative services; dropped.,
type,Public Service,Other,Music School,0,0.0,Civic/administrative services; dropped.,
type,Public Service,Other,Weekly Market,2,0.66,"Farmers'/artisan markets are a specifically cited gentrification-era retail-succession format (Zukin 2009 Naked City (boutique/artisanal 'third wave' retail as gentrification signature)), distinct from generic public-service infrastructure; kept at medium weight.",
category,Public Service,Safety,,0,0.0,"Civic/public-service infrastructure is sited by administrative planning, not local commercial-market response (public/civic infrastructure -- provided independent of local commercial-market signal, not an 'offering' (ticket scope note: benches, toilets, vending, public transport)); dropped by default.",
type,Public Service,Safety,Fire Station,0,0.0,"Civic/public-service infrastructure is sited by administrative planning, not local commercial-market response (public/civic infrastructure -- provided independent of local commercial-market signal, not an 'offering' (ticket scope note: benches, toilets, vending, public transport)); dropped by default.",
type,Public Service,Safety,Police,0,0.0,"Civic/public-service infrastructure is sited by administrative planning, not local commercial-market response (public/civic infrastructure -- provided independent of local commercial-market signal, not an 'offering' (ticket scope note: benches, toilets, vending, public transport)); dropped by default.",
category,Public Service,Social,,0,0.0,"Civic/public-service infrastructure is sited by administrative planning, not local commercial-market response (public/civic infrastructure -- provided independent of local commercial-market signal, not an 'offering' (ticket scope note: benches, toilets, vending, public transport)); dropped by default.",
type,Public Service,Social,Community Center,0,0.0,"Civic/public-service infrastructure is sited by administrative planning, not local commercial-market response (public/civic infrastructure -- provided independent of local commercial-market signal, not an 'offering' (ticket scope note: benches, toilets, vending, public transport)); dropped by default.",
type,Public Service,Social,Social Service,0,0.0,"Civic/public-service infrastructure is sited by administrative planning, not local commercial-market response (public/civic infrastructure -- provided independent of local commercial-market signal, not an 'offering' (ticket scope note: benches, toilets, vending, public transport)); dropped by default.",
domain,Public Space,,,0,0.0,"Street furniture/utilities (benches, toilets, vending, mail, recycling, phone) are municipally provided independent of local commercial-market composition -- explicitly named in the ticket as non-characteristic-shaping (public/civic infrastructure -- provided independent of local commercial-market signal, not an 'offering' (ticket scope note: benches, toilets, vending, public transport)); dropped.",
category,Public Space,Bench,,0,0.0,"Street furniture/utilities (benches, toilets, vending, mail, recycling, phone) are municipally provided independent of local commercial-market composition -- explicitly named in the ticket as non-characteristic-shaping (public/civic infrastructure -- provided independent of local commercial-market signal, not an 'offering' (ticket scope note: benches, toilets, vending, public transport)); dropped.",
type,Public Space,Bench,Park Bench,0,0.0,"Street furniture/utilities (benches, toilets, vending, mail, recycling, phone) are municipally provided independent of local commercial-market composition -- explicitly named in the ticket as non-characteristic-shaping (public/civic infrastructure -- provided independent of local commercial-market signal, not an 'offering' (ticket scope note: benches, toilets, vending, public transport)); dropped.",
category,Public Space,Mail,,0,0.0,"Street furniture/utilities (benches, toilets, vending, mail, recycling, phone) are municipally provided independent of local commercial-market composition -- explicitly named in the ticket as non-characteristic-shaping (public/civic infrastructure -- provided independent of local commercial-market signal, not an 'offering' (ticket scope note: benches, toilets, vending, public transport)); dropped.",
type,Public Space,Mail,Mailbox,0,0.0,"Street furniture/utilities (benches, toilets, vending, mail, recycling, phone) are municipally provided independent of local commercial-market composition -- explicitly named in the ticket as non-characteristic-shaping (public/civic infrastructure -- provided independent of local commercial-market signal, not an 'offering' (ticket scope note: benches, toilets, vending, public transport)); dropped.",
type,Public Space,Mail,Parcel Locker,0,0.0,"Street furniture/utilities (benches, toilets, vending, mail, recycling, phone) are municipally provided independent of local commercial-market composition -- explicitly named in the ticket as non-characteristic-shaping (public/civic infrastructure -- provided independent of local commercial-market signal, not an 'offering' (ticket scope note: benches, toilets, vending, public transport)); dropped.",
type,Public Space,Mail,Stamp Machine,0,0.0,"Street furniture/utilities (benches, toilets, vending, mail, recycling, phone) are municipally provided independent of local commercial-market composition -- explicitly named in the ticket as non-characteristic-shaping (public/civic infrastructure -- provided independent of local commercial-market signal, not an 'offering' (ticket scope note: benches, toilets, vending, public transport)); dropped.",
category,Public Space,Other,,0,0.0,"Street furniture/utilities (benches, toilets, vending, mail, recycling, phone) are municipally provided independent of local commercial-market composition -- explicitly named in the ticket as non-characteristic-shaping (public/civic infrastructure -- provided independent of local commercial-market signal, not an 'offering' (ticket scope note: benches, toilets, vending, public transport)); dropped.",
type,Public Space,Other,Barbecue Area,0,0.0,"Street furniture/utilities (benches, toilets, vending, mail, recycling, phone) are municipally provided independent of local commercial-market composition -- explicitly named in the ticket as non-characteristic-shaping (public/civic infrastructure -- provided independent of local commercial-market signal, not an 'offering' (ticket scope note: benches, toilets, vending, public transport)); dropped.",
category,Public Space,Other Area,,0,0.0,"Street furniture/utilities (benches, toilets, vending, mail, recycling, phone) are municipally provided independent of local commercial-market composition -- explicitly named in the ticket as non-characteristic-shaping (public/civic infrastructure -- provided independent of local commercial-market signal, not an 'offering' (ticket scope note: benches, toilets, vending, public transport)); dropped.",
type,Public Space,Other Area,Other Area,0,0.0,"Street furniture/utilities (benches, toilets, vending, mail, recycling, phone) are municipally provided independent of local commercial-market composition -- explicitly named in the ticket as non-characteristic-shaping (public/civic infrastructure -- provided independent of local commercial-market signal, not an 'offering' (ticket scope note: benches, toilets, vending, public transport)); dropped.",
category,Public Space,Other Building,,0,0.0,"Street furniture/utilities (benches, toilets, vending, mail, recycling, phone) are municipally provided independent of local commercial-market composition -- explicitly named in the ticket as non-characteristic-shaping (public/civic infrastructure -- provided independent of local commercial-market signal, not an 'offering' (ticket scope note: benches, toilets, vending, public transport)); dropped.",
type,Public Space,Other Building,Other Building,0,0.0,"Street furniture/utilities (benches, toilets, vending, mail, recycling, phone) are municipally provided independent of local commercial-market composition -- explicitly named in the ticket as non-characteristic-shaping (public/civic infrastructure -- provided independent of local commercial-market signal, not an 'offering' (ticket scope note: benches, toilets, vending, public transport)); dropped.",
category,Public Space,Phone,,0,0.0,"Street furniture/utilities (benches, toilets, vending, mail, recycling, phone) are municipally provided independent of local commercial-market composition -- explicitly named in the ticket as non-characteristic-shaping (public/civic infrastructure -- provided independent of local commercial-market signal, not an 'offering' (ticket scope note: benches, toilets, vending, public transport)); dropped.",
type,Public Space,Phone,Phone,0,0.0,"Street furniture/utilities (benches, toilets, vending, mail, recycling, phone) are municipally provided independent of local commercial-market composition -- explicitly named in the ticket as non-characteristic-shaping (public/civic infrastructure -- provided independent of local commercial-market signal, not an 'offering' (ticket scope note: benches, toilets, vending, public transport)); dropped.",
category,Public Space,Post,,0,0.0,"Street furniture/utilities (benches, toilets, vending, mail, recycling, phone) are municipally provided independent of local commercial-market composition -- explicitly named in the ticket as non-characteristic-shaping (public/civic infrastructure -- provided independent of local commercial-market signal, not an 'offering' (ticket scope note: benches, toilets, vending, public transport)); dropped.",
type,Public Space,Post,Post Office,0,0.0,"Street furniture/utilities (benches, toilets, vending, mail, recycling, phone) are municipally provided independent of local commercial-market composition -- explicitly named in the ticket as non-characteristic-shaping (public/civic infrastructure -- provided independent of local commercial-market signal, not an 'offering' (ticket scope note: benches, toilets, vending, public transport)); dropped.",
category,Public Space,Recycling,,0,0.0,"Street furniture/utilities (benches, toilets, vending, mail, recycling, phone) are municipally provided independent of local commercial-market composition -- explicitly named in the ticket as non-characteristic-shaping (public/civic infrastructure -- provided independent of local commercial-market signal, not an 'offering' (ticket scope note: benches, toilets, vending, public transport)); dropped.",
type,Public Space,Recycling,Clothing Container,0,0.0,"Street furniture/utilities (benches, toilets, vending, mail, recycling, phone) are municipally provided independent of local commercial-market composition -- explicitly named in the ticket as non-characteristic-shaping (public/civic infrastructure -- provided independent of local commercial-market signal, not an 'offering' (ticket scope note: benches, toilets, vending, public transport)); dropped.",
type,Public Space,Recycling,Glass Container,0,0.0,"Street furniture/utilities (benches, toilets, vending, mail, recycling, phone) are municipally provided independent of local commercial-market composition -- explicitly named in the ticket as non-characteristic-shaping (public/civic infrastructure -- provided independent of local commercial-market signal, not an 'offering' (ticket scope note: benches, toilets, vending, public transport)); dropped.",
type,Public Space,Recycling,Glass and Clothing Container,0,0.0,"Street furniture/utilities (benches, toilets, vending, mail, recycling, phone) are municipally provided independent of local commercial-market composition -- explicitly named in the ticket as non-characteristic-shaping (public/civic infrastructure -- provided independent of local commercial-market signal, not an 'offering' (ticket scope note: benches, toilets, vending, public transport)); dropped.",
type,Public Space,Recycling,Other Container,0,0.0,"Street furniture/utilities (benches, toilets, vending, mail, recycling, phone) are municipally provided independent of local commercial-market composition -- explicitly named in the ticket as non-characteristic-shaping (public/civic infrastructure -- provided independent of local commercial-market signal, not an 'offering' (ticket scope note: benches, toilets, vending, public transport)); dropped.",
type,Public Space,Recycling,Trash Can,0,0.0,"Street furniture/utilities (benches, toilets, vending, mail, recycling, phone) are municipally provided independent of local commercial-market composition -- explicitly named in the ticket as non-characteristic-shaping (public/civic infrastructure -- provided independent of local commercial-market signal, not an 'offering' (ticket scope note: benches, toilets, vending, public transport)); dropped.",
category,Public Space,Toilet,,0,0.0,"Street furniture/utilities (benches, toilets, vending, mail, recycling, phone) are municipally provided independent of local commercial-market composition -- explicitly named in the ticket as non-characteristic-shaping (public/civic infrastructure -- provided independent of local commercial-market signal, not an 'offering' (ticket scope note: benches, toilets, vending, public transport)); dropped.",
type,Public Space,Toilet,Toilet,0,0.0,"Street furniture/utilities (benches, toilets, vending, mail, recycling, phone) are municipally provided independent of local commercial-market composition -- explicitly named in the ticket as non-characteristic-shaping (public/civic infrastructure -- provided independent of local commercial-market signal, not an 'offering' (ticket scope note: benches, toilets, vending, public transport)); dropped.",
category,Public Space,Vending,,0,0.0,"Street furniture/utilities (benches, toilets, vending, mail, recycling, phone) are municipally provided independent of local commercial-market composition -- explicitly named in the ticket as non-characteristic-shaping (public/civic infrastructure -- provided independent of local commercial-market signal, not an 'offering' (ticket scope note: benches, toilets, vending, public transport)); dropped.",
type,Public Space,Vending,Candy Machine,0,0.0,"Street furniture/utilities (benches, toilets, vending, mail, recycling, phone) are municipally provided independent of local commercial-market composition -- explicitly named in the ticket as non-characteristic-shaping (public/civic infrastructure -- provided independent of local commercial-market signal, not an 'offering' (ticket scope note: benches, toilets, vending, public transport)); dropped.",
type,Public Space,Vending,Cigarette Machine,0,0.0,"Street furniture/utilities (benches, toilets, vending, mail, recycling, phone) are municipally provided independent of local commercial-market composition -- explicitly named in the ticket as non-characteristic-shaping (public/civic infrastructure -- provided independent of local commercial-market signal, not an 'offering' (ticket scope note: benches, toilets, vending, public transport)); dropped.",
type,Public Space,Vending,Condom Machine,0,0.0,"Street furniture/utilities (benches, toilets, vending, mail, recycling, phone) are municipally provided independent of local commercial-market composition -- explicitly named in the ticket as non-characteristic-shaping (public/civic infrastructure -- provided independent of local commercial-market signal, not an 'offering' (ticket scope note: benches, toilets, vending, public transport)); dropped.",
type,Public Space,Vending,Dog Bag Dispenser,0,0.0,"Street furniture/utilities (benches, toilets, vending, mail, recycling, phone) are municipally provided independent of local commercial-market composition -- explicitly named in the ticket as non-characteristic-shaping (public/civic infrastructure -- provided independent of local commercial-market signal, not an 'offering' (ticket scope note: benches, toilets, vending, public transport)); dropped.",
type,Public Space,Vending,Drinks Machine,0,0.0,"Street furniture/utilities (benches, toilets, vending, mail, recycling, phone) are municipally provided independent of local commercial-market composition -- explicitly named in the ticket as non-characteristic-shaping (public/civic infrastructure -- provided independent of local commercial-market signal, not an 'offering' (ticket scope note: benches, toilets, vending, public transport)); dropped.",
type,Public Space,Vending,Drinks and Candy Machine,0,0.0,"Street furniture/utilities (benches, toilets, vending, mail, recycling, phone) are municipally provided independent of local commercial-market composition -- explicitly named in the ticket as non-characteristic-shaping (public/civic infrastructure -- provided independent of local commercial-market signal, not an 'offering' (ticket scope note: benches, toilets, vending, public transport)); dropped.",
type,Public Space,Vending,Other Vending Machine,0,0.0,"Street furniture/utilities (benches, toilets, vending, mail, recycling, phone) are municipally provided independent of local commercial-market composition -- explicitly named in the ticket as non-characteristic-shaping (public/civic infrastructure -- provided independent of local commercial-market signal, not an 'offering' (ticket scope note: benches, toilets, vending, public transport)); dropped.",
domain,Religion,,,0,0.0,Cemeteries and places of worship are sited by demographic/institutional history rather than commercial-market response; no established causal link to retail-based gentrification signal; dropped.,
category,Religion,Cemetery,,0,0.0,Cemeteries and places of worship are sited by demographic/institutional history rather than commercial-market response; no established causal link to retail-based gentrification signal; dropped.,
type,Religion,Cemetery,Cemetery,0,0.0,Cemeteries and places of worship are sited by demographic/institutional history rather than commercial-market response; no established causal link to retail-based gentrification signal; dropped.,
category,Religion,Religious Buildings,,0,0.0,Cemeteries and places of worship are sited by demographic/institutional history rather than commercial-market response; no established causal link to retail-based gentrification signal; dropped.,
type,Religion,Religious Buildings,Church,0,0.0,Cemeteries and places of worship are sited by demographic/institutional history rather than commercial-market response; no established causal link to retail-based gentrification signal; dropped.,
type,Religion,Religious Buildings,Mosque,0,0.0,Cemeteries and places of worship are sited by demographic/institutional history rather than commercial-market response; no established causal link to retail-based gentrification signal; dropped.,
type,Religion,Religious Buildings,Other Temple,0,0.0,Cemeteries and places of worship are sited by demographic/institutional history rather than commercial-market response; no established causal link to retail-based gentrification signal; dropped.,
domain,Retail,,,1,0.33,"Retail broadly; refined per category -- boutique/specialty formats are cited signatures, generic/utility retail is incumbent-serving (Dangschat 1988 invasion-succession (incumbent-serving trades displaced by upgrading, not signal-bearing themselves)).",
category,Retail,Art,,1,0.33,"Retail broadly; refined per category -- boutique/specialty formats are cited signatures, generic/utility retail is incumbent-serving (Dangschat 1988 invasion-succession (incumbent-serving trades displaced by upgrading, not signal-bearing themselves)).",
type,Retail,Art,Art,1,0.33,"Retail broadly; refined per category -- boutique/specialty formats are cited signatures, generic/utility retail is incumbent-serving (Dangschat 1988 invasion-succession (incumbent-serving trades displaced by upgrading, not signal-bearing themselves)).",
type,Retail,Art,Photo,1,0.33,"Retail broadly; refined per category -- boutique/specialty formats are cited signatures, generic/utility retail is incumbent-serving (Dangschat 1988 invasion-succession (incumbent-serving trades displaced by upgrading, not signal-bearing themselves)).",
category,Retail,Clothing,,2,0.66,"Boutique/independent clothing retail cited as retail-succession format (Zukin 2009 Naked City (boutique/artisanal 'third wave' retail as gentrification signature)); Second Hand/Tailor kept at same tier pending data split (2x2 confirmation, ADR-0017 D2).",
type,Retail,Clothing,Boutique,3,1.0,Independent fashion boutiques are a headline third-wave retail signature (Zukin 2009 Naked City (boutique/artisanal 'third wave' retail as gentrification signature)).,
type,Retail,Clothing,Clothing,2,0.66,"Boutique/independent clothing retail cited as retail-succession format (Zukin 2009 Naked City (boutique/artisanal 'third wave' retail as gentrification signature)); Second Hand/Tailor kept at same tier pending data split (2x2 confirmation, ADR-0017 D2).",
type,Retail,Clothing,Second Hand,2,0.66,"Boutique/independent clothing retail cited as retail-succession format (Zukin 2009 Naked City (boutique/artisanal 'third wave' retail as gentrification signature)); Second Hand/Tailor kept at same tier pending data split (2x2 confirmation, ADR-0017 D2).",
type,Retail,Clothing,Shoes,2,0.66,"Boutique/independent clothing retail cited as retail-succession format (Zukin 2009 Naked City (boutique/artisanal 'third wave' retail as gentrification signature)); Second Hand/Tailor kept at same tier pending data split (2x2 confirmation, ADR-0017 D2).",
type,Retail,Clothing,Sports,2,0.66,"Boutique/independent clothing retail cited as retail-succession format (Zukin 2009 Naked City (boutique/artisanal 'third wave' retail as gentrification signature)); Second Hand/Tailor kept at same tier pending data split (2x2 confirmation, ADR-0017 D2).",
type,Retail,Clothing,Tailor,2,0.66,"Boutique/independent clothing retail cited as retail-succession format (Zukin 2009 Naked City (boutique/artisanal 'third wave' retail as gentrification signature)); Second Hand/Tailor kept at same tier pending data split (2x2 confirmation, ADR-0017 D2).",
category,Retail,Drugstore,,0,0.0,Chain drugstores are ubiquitous convenience retail with no distinctive gentrification association; dropped.,
type,Retail,Drugstore,Drugstore,0,0.0,Chain drugstores are ubiquitous convenience retail with no distinctive gentrification association; dropped.,
category,Retail,Food and Drink,,1,0.33,"Everyday grocery/convenience retail (supermarket, kiosk, beverages) is broadly incumbent-serving, weak gentrification signature.",
type,Retail,Food and Drink,Bakery,2,0.66,Artisan bakeries follow the specialty-food-retail pattern but are also common in stable neighbourhoods; medium weight pending data confirmation.,
type,Retail,Food and Drink,Beverages,1,0.33,"Everyday grocery/convenience retail (supermarket, kiosk, beverages) is broadly incumbent-serving, weak gentrification signature.",
type,Retail,Food and Drink,Butcher,1,0.33,"Everyday grocery/convenience retail (supermarket, kiosk, beverages) is broadly incumbent-serving, weak gentrification signature.",
type,Retail,Food and Drink,Delicatessen,3,1.0,Delicatessens/specialty food retail are a cited 'foodie' gentrification signature (Zukin 2009 Naked City (boutique/artisanal 'third wave' retail as gentrification signature); Ley 1996 The New Middle Class (cultural-intermediary consumption preferences)).,
type,Retail,Food and Drink,Kiosk,1,0.33,"Everyday grocery/convenience retail (supermarket, kiosk, beverages) is broadly incumbent-serving, weak gentrification signature.",
type,Retail,Food and Drink,Liquor,1,0.33,"Everyday grocery/convenience retail (supermarket, kiosk, beverages) is broadly incumbent-serving, weak gentrification signature.",
type,Retail,Food and Drink,Supermarket,1,0.33,"Everyday grocery/convenience retail (supermarket, kiosk, beverages) is broadly incumbent-serving, weak gentrification signature.",
type,Retail,Food and Drink,Sweets,1,0.33,"Everyday grocery/convenience retail (supermarket, kiosk, beverages) is broadly incumbent-serving, weak gentrification signature.",
category,Retail,Hardware,,0,0.0,"Hardware/ironmonger stores are classic incumbent trades displaced BY upgrading rather than a signal of it (Dangschat 1988 invasion-succession (incumbent-serving trades displaced by upgrading, not signal-bearing themselves)); dropped.",
type,Retail,Hardware,Hardware Store,0,0.0,"Hardware/ironmonger stores are classic incumbent trades displaced BY upgrading rather than a signal of it (Dangschat 1988 invasion-succession (incumbent-serving trades displaced by upgrading, not signal-bearing themselves)); dropped.",
type,Retail,Hardware,Ironmonger,0,0.0,"Hardware/ironmonger stores are classic incumbent trades displaced BY upgrading rather than a signal of it (Dangschat 1988 invasion-succession (incumbent-serving trades displaced by upgrading, not signal-bearing themselves)); dropped.",
category,Retail,Medical,,0,0.0,"Opticians/hearing-aid/medical retail track health demand, not commercial gentrification; dropped.",
type,Retail,Medical,Hearing Aid,0,0.0,"Opticians/hearing-aid/medical retail track health demand, not commercial gentrification; dropped.",
type,Retail,Medical,Medical,0,0.0,"Opticians/hearing-aid/medical retail track health demand, not commercial gentrification; dropped.",
type,Retail,Medical,Optician,0,0.0,"Opticians/hearing-aid/medical retail track health demand, not commercial gentrification; dropped.",
category,Retail,Other Goods,,1,0.33,"Mixed durable-goods retail; ambiguous, kept low weight.",
type,Retail,Other Goods,Computer,1,0.33,"Mixed durable-goods retail; ambiguous, kept low weight.",
type,Retail,Other Goods,Decoration,1,0.33,"Mixed durable-goods retail; ambiguous, kept low weight.",
type,Retail,Other Goods,Discount Market,1,0.33,"Mixed durable-goods retail; ambiguous, kept low weight.",
type,Retail,Other Goods,Florist,1,0.33,"Mixed durable-goods retail; ambiguous, kept low weight.",
type,Retail,Other Goods,Furniture,2,0.66,Design-oriented furniture retail is cited alongside boutique/design retail as a succession format; medium weight.,
type,Retail,Other Goods,Jewelry,2,0.66,Jewelry retail follows the specialty/boutique retail-succession pattern (Zukin 2009 Naked City (boutique/artisanal 'third wave' retail as gentrification signature)); medium weight.,
type,Retail,Other Goods,Pet Shop,2,0.66,"Upscale pet-care retail (grooming, boutique pet shops) is specifically cited in retail-gentrification literature (Lees/Slater/Wyly 2008 Gentrification (retail-succession indicators: cafes, galleries, boutiques, fitness/wellness)); medium weight.",
type,Retail,Other Goods,Textile Shop,1,0.33,"Mixed durable-goods retail; ambiguous, kept low weight.",
category,Retail,Other Shop,,0,0.0,"Unclassified residual retail; no specific causal claim, dropped by default (not causally plausible without a specific type).",
type,Retail,Other Shop,Other Shop,0,0.0,"Unclassified residual retail; no specific causal claim, dropped by default (not causally plausible without a specific type).",
category,Retail,Print,,1,0.33,"Newspaper/copy-shop retail is a declining incumbent format, not a gentrification signature.",
type,Retail,Print,Books,3,1.0,Independent bookstores are a canonical 'third wave' cultural-retail signature (Zukin 2009 Naked City (boutique/artisanal 'third wave' retail as gentrification signature); Ley 1996 The New Middle Class (cultural-intermediary consumption preferences)).,
type,Retail,Print,Copy Shop,1,0.33,"Newspaper/copy-shop retail is a declining incumbent format, not a gentrification signature.",
type,Retail,Print,Newspaper,1,0.33,"Newspaper/copy-shop retail is a declining incumbent format, not a gentrification signature.",
category,Retail,Tech,,0,0.0,Consumer electronics/mobile retail is ubiquitous chain format with no distinctive gentrification association; dropped.,
type,Retail,Tech,Electronics,0,0.0,Consumer electronics/mobile retail is ubiquitous chain format with no distinctive gentrification association; dropped.,
type,Retail,Tech,Mobile,0,0.0,Consumer electronics/mobile retail is ubiquitous chain format with no distinctive gentrification association; dropped.,
category,Retail,Toys and Gifts,,1,0.33,Ambiguous specialty-retail format; kept low weight pending data confirmation.,
type,Retail,Toys and Gifts,Gifts,1,0.33,Ambiguous specialty-retail format; kept low weight pending data confirmation.,
type,Retail,Toys and Gifts,Toys,1,0.33,Ambiguous specialty-retail format; kept low weight pending data confirmation.,
category,Retail,Workshop,,0,0.0,"Auto/bicycle repair and car dealerships are classic incumbent trades (Dangschat 1988 invasion-succession (incumbent-serving trades displaced by upgrading, not signal-bearing themselves)); dropped.",
type,Retail,Workshop,Bicycle,1,0.33,"Bicycle shops sit at the edge of 'cycling culture' amenity discourse; kept low weight rather than dropped, pending data confirmation.",
type,Retail,Workshop,Car Dealership,0,0.0,"Auto/bicycle repair and car dealerships are classic incumbent trades (Dangschat 1988 invasion-succession (incumbent-serving trades displaced by upgrading, not signal-bearing themselves)); dropped.",
type,Retail,Workshop,Car Repair,0,0.0,"Auto/bicycle repair and car dealerships are classic incumbent trades (Dangschat 1988 invasion-succession (incumbent-serving trades displaced by upgrading, not signal-bearing themselves)); dropped.",
domain,Services,,,1,0.33,Personal-service trades broadly incumbent-serving; refined per category.,
category,Services,Beauty,,2,0.66,"Boutique beauty/wellness services are cited alongside fitness/wellness as gentrification-era consumption (Lees/Slater/Wyly 2008 Gentrification (retail-succession indicators: cafes, galleries, boutiques, fitness/wellness)).",
type,Services,Beauty,Beauty,2,0.66,"Boutique beauty/wellness services are cited alongside fitness/wellness as gentrification-era consumption (Lees/Slater/Wyly 2008 Gentrification (retail-succession indicators: cafes, galleries, boutiques, fitness/wellness)).",
category,Services,Funeral,,0,0.0,"Funeral services track demographic life-course events, not commercial-market response to neighbourhood change; dropped.",
type,Services,Funeral,Funeral Home,0,0.0,"Funeral services track demographic life-course events, not commercial-market response to neighbourhood change; dropped.",
category,Services,Hairdresser,,1,0.33,Generic hairdressers are ubiquitous and not distinctively upscale absent a 'salon/barbershop' qualifier; kept low weight.,
type,Services,Hairdresser,Hairdresser,1,0.33,Generic hairdressers are ubiquitous and not distinctively upscale absent a 'salon/barbershop' qualifier; kept low weight.,
category,Services,Laundry,,0,0.0,"Laundromats/dry cleaning are basic incumbent-serving utility services (Dangschat 1988 invasion-succession (incumbent-serving trades displaced by upgrading, not signal-bearing themselves)); dropped.",
type,Services,Laundry,Dry Cleaning,0,0.0,"Laundromats/dry cleaning are basic incumbent-serving utility services (Dangschat 1988 invasion-succession (incumbent-serving trades displaced by upgrading, not signal-bearing themselves)); dropped.",
type,Services,Laundry,Laundromat,0,0.0,"Laundromats/dry cleaning are basic incumbent-serving utility services (Dangschat 1988 invasion-succession (incumbent-serving trades displaced by upgrading, not signal-bearing themselves)); dropped.",
category,Services,Massage,,2,0.66,Wellness/spa services follow the same fitness/wellness consumption pattern; medium weight.,
type,Services,Massage,Massage,2,0.66,Wellness/spa services follow the same fitness/wellness consumption pattern; medium weight.,
category,Services,Travel,,0,0.0,"Travel agencies are a declining, disintermediated format with no established gentrification association; dropped.",
type,Services,Travel,Travel,0,0.0,"Travel agencies are a declining, disintermediated format with no established gentrification association; dropped.",
domain,Sports and Recreation,,,1,0.33,Mixed sport/recreation; refined per category.,
category,Sports and Recreation,Recreation,,1,0.33,Mixed recreation amenities; ambiguous.,
type,Sports and Recreation,Recreation,Other Recreation,1,0.33,Mixed recreation amenities; ambiguous.,
type,Sports and Recreation,Recreation,Playground,0,0.0,"Playgrounds are public family infrastructure sited by municipal planning, not a commercial offering; dropped.",
type,Sports and Recreation,Recreation,Sauna,2,0.66,Spa/sauna wellness venues follow the boutique-wellness consumption pattern; medium weight.,
type,Sports and Recreation,Recreation,Water Sports,1,0.33,Mixed recreation amenities; ambiguous.,
category,Sports and Recreation,Sport,,1,0.33,"Municipal/generic sport facilities (football, basketball, tennis, table tennis courts) are typically public/club infrastructure, weak commercial signature.",
type,Sports and Recreation,Sport,Basketball,1,0.33,"Municipal/generic sport facilities (football, basketball, tennis, table tennis courts) are typically public/club infrastructure, weak commercial signature.",
type,Sports and Recreation,Sport,Fitness Center,3,1.0,"Boutique fitness studios (the 'yoga_studio' worked example in the original seed_poi_canonical_category.csv stub) are a headline wellness-consumption gentrification signature (Lees/Slater/Wyly 2008 Gentrification (retail-succession indicators: cafes, galleries, boutiques, fitness/wellness)).",
type,Sports and Recreation,Sport,Football,1,0.33,"Municipal/generic sport facilities (football, basketball, tennis, table tennis courts) are typically public/club infrastructure, weak commercial signature.",
type,Sports and Recreation,Sport,Martial Arts,2,0.66,Studio-format martial-arts businesses follow the boutique-fitness pattern; medium weight.,
type,Sports and Recreation,Sport,Other Sport,1,0.33,"Municipal/generic sport facilities (football, basketball, tennis, table tennis courts) are typically public/club infrastructure, weak commercial signature.",
type,Sports and Recreation,Sport,Other Sports,1,0.33,"Municipal/generic sport facilities (football, basketball, tennis, table tennis courts) are typically public/club infrastructure, weak commercial signature.",
type,Sports and Recreation,Sport,Sports Center,1,0.33,"Municipal/generic sport facilities (football, basketball, tennis, table tennis courts) are typically public/club infrastructure, weak commercial signature.",
type,Sports and Recreation,Sport,Swimming,1,0.33,"Municipal/generic sport facilities (football, basketball, tennis, table tennis courts) are typically public/club infrastructure, weak commercial signature.",
type,Sports and Recreation,Sport,Table Tennis,1,0.33,"Municipal/generic sport facilities (football, basketball, tennis, table tennis courts) are typically public/club infrastructure, weak commercial signature.",
type,Sports and Recreation,Sport,Tennis,1,0.33,"Municipal/generic sport facilities (football, basketball, tennis, table tennis courts) are typically public/club infrastructure, weak commercial signature.",
domain,Tourism,,,0,0.0,Static heritage/sightseeing infrastructure does not track commercial-market change; dropped by default.,
category,Tourism,Accommodation,,2,0.66,Hotel/hostel growth is a cited 'tourism gentrification' correlate of commercial upgrading (Gotham 2005 tourism gentrification (hotel/hostel growth as commercial-upgrading correlate)); medium weight (not top-tier -- large-scale tourism infrastructure siting has other drivers too).,
type,Tourism,Accommodation,Hostel,2,0.66,Hotel/hostel growth is a cited 'tourism gentrification' correlate of commercial upgrading (Gotham 2005 tourism gentrification (hotel/hostel growth as commercial-upgrading correlate)); medium weight (not top-tier -- large-scale tourism infrastructure siting has other drivers too).,
type,Tourism,Accommodation,Hotel,2,0.66,Hotel/hostel growth is a cited 'tourism gentrification' correlate of commercial upgrading (Gotham 2005 tourism gentrification (hotel/hostel growth as commercial-upgrading correlate)); medium weight (not top-tier -- large-scale tourism infrastructure siting has other drivers too).,
type,Tourism,Accommodation,Other Accommodation,2,0.66,Hotel/hostel growth is a cited 'tourism gentrification' correlate of commercial upgrading (Gotham 2005 tourism gentrification (hotel/hostel growth as commercial-upgrading correlate)); medium weight (not top-tier -- large-scale tourism infrastructure siting has other drivers too).,
category,Tourism,Info,,0,0.0,Static heritage/sightseeing infrastructure does not track commercial-market change; dropped by default.,
type,Tourism,Info,Info,0,0.0,Static heritage/sightseeing infrastructure does not track commercial-market change; dropped by default.,
category,Tourism,Other Tourism,,0,0.0,Static heritage/sightseeing infrastructure does not track commercial-market change; dropped by default.,
type,Tourism,Other Tourism,Other Tourism,0,0.0,Static heritage/sightseeing infrastructure does not track commercial-market change; dropped by default.,
category,Tourism,Sights,,0,0.0,Static heritage/sightseeing infrastructure does not track commercial-market change; dropped by default.,
type,Tourism,Sights,Artwork,0,0.0,Static heritage/sightseeing infrastructure does not track commercial-market change; dropped by default.,
type,Tourism,Sights,Listed Building,0,0.0,Static heritage/sightseeing infrastructure does not track commercial-market change; dropped by default.,
type,Tourism,Sights,Other Monument,0,0.0,Static heritage/sightseeing infrastructure does not track commercial-market change; dropped by default.,
type,Tourism,Sights,Viewpoint,0,0.0,Static heritage/sightseeing infrastructure does not track commercial-market change; dropped by default.,
domain,Vacancy,,,3,1.0,"Vacancy is retained at full weight as the theorised **opposite-pole disinvestment/rent-gap marker** (Smith 1979 rent-gap theory (vacancy/disinvestment as opposite-pole signal, ADR-0017 D-2)) -- NOT an amenity-offering signal. Per ADR-0017 D-2 it must never be summed with amenity OA into one score; downstream (OA-B.3 #172) must apply it with an explicit negative/disinvestment sign, kept separate from the amenity-offering composite.",
category,Vacancy,Vacancy,,3,1.0,"Vacancy is retained at full weight as the theorised **opposite-pole disinvestment/rent-gap marker** (Smith 1979 rent-gap theory (vacancy/disinvestment as opposite-pole signal, ADR-0017 D-2)) -- NOT an amenity-offering signal. Per ADR-0017 D-2 it must never be summed with amenity OA into one score; downstream (OA-B.3 #172) must apply it with an explicit negative/disinvestment sign, kept separate from the amenity-offering composite.",
type,Vacancy,Vacancy,Vacancy,3,1.0,"Vacancy is retained at full weight as the theorised **opposite-pole disinvestment/rent-gap marker** (Smith 1979 rent-gap theory (vacancy/disinvestment as opposite-pole signal, ADR-0017 D-2)) -- NOT an amenity-offering signal. Per ADR-0017 D-2 it must never be summed with amenity OA into one score; downstream (OA-B.3 #172) must apply it with an explicit negative/disinvestment sign, kept separate from the amenity-offering composite.",
