oa_method,label,formula_summary,unit,reference_point,golden_anchored,expected_temporal_safe,grounding
nested_lq,Nested location quotient (canonical),(local_share / city_share); category/type share against their own domain total (parent-relative),ratio centred on 1,parent-relative,true,true,"Isard (1960); Miller Gibson & Wright (1991); ADR-0017 D1"
global_lq,Global (city-relative) location quotient,(local_share / city_share); every level's share against the all-domains grand total (city-relative),ratio centred on 1,city-relative,false,true,"Isard (1960); OA-D0 geo sign-off C7; #240 issue body"
log_lq,Log location quotient,ln(nested_lq),log-ratio centred on 0,parent-relative,false,true,"Isard (1960) ch.5 right-skew note"
share_diff,Share difference,local_share - city_share (parent-relative bases),percentage-point difference,parent-relative,false,true,"OA-D0 geo sign-off C7 (typed columns, incompatible units)"
shrunk_lq,Empirical-Bayes shrunk location quotient,"shrunk_share = (local + k*city_share) / (local_base + k); shrunk_lq = shrunk_share / city_share; k = oa_min_poi_base_n",ratio centred on 1 (shrunk),parent-relative,false,true,"Efron & Morris (1975) JASA; Agresti (2013) Categorical Data Analysis 3rd ed. Sec 3.3; OA-D0 geo sign-off C4"
raw_share,Raw within-group share,local_stock / local_base (parent-relative bases),"proportion [0-1]",parent-relative,false,false,"OA-D0 geo sign-off C3 (expected to fail the completeness-contamination gate)"
zscore_slq,Binomial-significance z-score (SLQ),"expected = local_base * city_share; variance = local_base * city_share * (1 - city_share); z = (observed - expected) / sqrt(variance)",standardized score centred on 0,parent-relative,false,false,"Isserman (1977) JAIP; Wilson (1927) normal approximation to the binomial; OA-D0 geo sign-off C4/#280 issue body"
density,POI density,local_stock / area_km2 (ST_Area in native metric CRS; PLR grain only),POIs per km2,absolute,false,false,"Openshaw (1984) MAUP; OA-D0 geo sign-off C5/C8; OA-D0 domain sign-off Condition C; #280 issue body"
percapita,"POIs per 1,000 residents",local_stock / residents_total * 1000 (EWR population; exact snapshot_year=reference_year match only),"POIs per 1,000 residents",absolute,false,false,"OA-D0 geo sign-off C10; OA-D0 domain sign-off Condition C (denominator endogenous to displacement); #280 issue body"
