level,thesis_oa_suffix,domain_h,category_h,type_h,note
category,dl_c_beerdigung_stock,Services,Funeral,,
category,dl_c_friseur_stock,Services,Hairdresser,,
category,dl_c_kosmetik_und_beauty_stock,Services,Beauty,,
category,dl_c_massage_stock,Services,Massage,,
category,dl_c_reisen_stock,Services,Travel,,
category,dl_c_waescherei_stock,Services,Laundry,,
category,gastro_c_cafe_stock,Gastronomy,Cafe,,
category,gastro_c_fast_food_stock,Gastronomy,Fast Food,,
category,gastro_c_restaurant_stock,Gastronomy,Restaurant,,
category,pubserv_c_bank_stock,Public Service,Bank,,
category,pubserv_c_bildung_stock,Public Service,Education,,
category,pubserv_c_gesundheit_stock,Public Service,Health,,
category,pubserv_c_sicherheit_stock,Public Service,Safety,,
category,pubserv_c_sonstiges_stock,Public Service,Other,,
category,pubserv_c_sozial_stock,Public Service,Social,,
category,waren_c_drogerie_stock,Retail,Drugstore,,
category,waren_c_essen_und_trinken_stock,Retail,Food and Drink,,
category,waren_c_handwerk_stock,Retail,Hardware,,"thesis 'Handwerk' (craft trades) mapped to our Hardware category; 'Werkstatt' mapped to Workshop -- translation pairing, not a literal cognate"
category,waren_c_kleidung_stock,Retail,Clothing,,
category,waren_c_kunst_stock,Retail,Art,,
category,waren_c_medical_stock,Retail,Medical,,
category,waren_c_print_stock,Retail,Print,,
category,waren_c_sonstige_waren_stock,Retail,Other Goods,,
category,waren_c_sonstiger_shop_stock,Retail,Other Shop,,
category,waren_c_spielzeug_und_geschenke_stock,Retail,Toys and Gifts,,
category,waren_c_technik_stock,Retail,Tech,,
category,waren_c_werkstatt_stock,Retail,Workshop,,"thesis 'Handwerk' (craft trades) mapped to our Hardware category; 'Werkstatt' mapped to Workshop -- translation pairing, not a literal cognate"
domain,total_d_buero_stock,Office,,,
domain,total_d_dienstleistung_stock,Services,,,
domain,total_d_gastronomie_stock,Gastronomy,,,
domain,total_d_leerstand_stock,Vacancy,,,
domain,total_d_mobilitaet_stock,Mobility,,,
domain,total_d_oeffentlicher_raum_stock,Public Space,,,
domain,total_d_public_service_stock,Public Service,,,
domain,total_d_religion_stock,Religion,,,
domain,total_d_sonstiges_stock,Other,,,
domain,total_d_sport_und_erholung_stock,Sports and Recreation,,,
domain,total_d_tourismus_stock,Tourism,,,
domain,total_d_vergnuegung_stock,Entertainment,,,
domain,total_d_waren_stock,Retail,,,
type,gastro_t_eisdiele_stock,Gastronomy,Cafe,Ice Cream Shop,
type,gastro_t_fast_food_sonstiges_stock,Gastronomy,Fast Food,Other Fast Food,
type,gastro_t_fastfood_asiatisch_stock,Gastronomy,Fast Food,Asian Fast Food,
type,gastro_t_fastfood_burger_stock,Gastronomy,Fast Food,Burger Fast Food,
type,gastro_t_fastfood_kebap_stock,Gastronomy,Fast Food,Kebab Fast Food,
type,gastro_t_fastfood_pizza_stock,Gastronomy,Fast Food,Pizza Fast Food,
type,gastro_t_fastfood_pommesbude_stock,Gastronomy,Fast Food,Fries Fast Food,
type,gastro_t_kaffee_stock,Gastronomy,Cafe,Coffee,
type,gastro_t_restaurant_asiatisch_stock,Gastronomy,Restaurant,Asian Restaurant,
type,gastro_t_restaurant_deutsch_stock,Gastronomy,Restaurant,German Restaurant,
type,gastro_t_restaurant_griechisch_stock,Gastronomy,Restaurant,Greek Restaurant,
type,gastro_t_restaurant_indisch_stock,Gastronomy,Restaurant,Indian Restaurant,
type,gastro_t_restaurant_international_stock,Gastronomy,Restaurant,International Restaurant,
type,gastro_t_restaurant_italiener_stock,Gastronomy,Restaurant,Italian Restaurant,
type,gastro_t_restaurant_sonstiges_stock,Gastronomy,Restaurant,Other Restaurant,
type,gastro_t_restaurant_steakhouse_stock,Gastronomy,Restaurant,Steakhouse,
type,gastro_t_restaurant_sushi_stock,Gastronomy,Restaurant,Sushi Restaurant,
type,gastro_t_restaurant_tuerkisch_stock,Gastronomy,Restaurant,Turkish Restaurant,
type,gastro_t_sonstige_cafes_stock,Gastronomy,Cafe,Other Cafes,
type,sport_t_basketball_stock,Sports and Recreation,Sport,Basketball,
type,sport_t_fitnesszentrum_stock,Sports and Recreation,Sport,Fitness Center,
type,sport_t_fussball_stock,Sports and Recreation,Sport,Football,
type,sport_t_kampfsport_stock,Sports and Recreation,Sport,Martial Arts,
type,sport_t_sauna_stock,Sports and Recreation,Recreation,Sauna,
type,sport_t_schwimmen_stock,Sports and Recreation,Sport,Swimming,
type,sport_t_sonstige_sportarten_stock,Sports and Recreation,Sport,Other Sports,"'sonstige_sportarten' (plural, Other Sports) vs 'sonstiges_sport' (singular, Other Sport) -- thesis carries both near-duplicate residual buckets; mapped 1:1 by cardinality, not a translation ambiguity we can resolve further"
type,sport_t_sonstiges_erholung_stock,Sports and Recreation,Recreation,Other Recreation,
type,sport_t_sonstiges_sport_stock,Sports and Recreation,Sport,Other Sport,"'sonstige_sportarten' (plural, Other Sports) vs 'sonstiges_sport' (singular, Other Sport) -- thesis carries both near-duplicate residual buckets; mapped 1:1 by cardinality, not a translation ambiguity we can resolve further"
type,sport_t_spielplatz_stock,Sports and Recreation,Recreation,Playground,
type,sport_t_sportzentrum_stock,Sports and Recreation,Sport,Sports Center,
type,sport_t_tennis_stock,Sports and Recreation,Sport,Tennis,
type,sport_t_tischtennis_stock,Sports and Recreation,Sport,Table Tennis,
type,sport_t_wassersport_stock,Sports and Recreation,Recreation,Water Sports,
type,vergnuegung_t_bar_stock,Entertainment,Bar,Bar,
type,vergnuegung_t_biergarten_stock,Gastronomy,Restaurant,Beer Garden,"KNOWN DOMAIN DIVERGENCE (documented, not a bug): thesis 71_oa.sql groups Biergarten under 'vergnuegung' (Entertainment); the current OSM taxonomy (seed_poi_mapping.csv) classifies 'Beer Garden' under Gastronomy > Restaurant. Mapped to domain_h='Gastronomy' (where OA-A.2 actually computes it), not 'Entertainment', so the join finds the real leaf. Flagged for geo-DS/domain-expert review (A.3, #167)."
type,vergnuegung_t_bordell_stock,Entertainment,Nightlife,Brothel,
type,vergnuegung_t_gallerie_stock,Entertainment,Culture,Gallery,
type,vergnuegung_t_kino_stock,Entertainment,Leisure,Cinema,
type,vergnuegung_t_kunstzentrum_stock,Entertainment,Culture,Art Center,
type,vergnuegung_t_museum_stock,Entertainment,Culture,Museum,
type,vergnuegung_t_nachtclub_stock,Entertainment,Nightlife,Nightclub,
type,vergnuegung_t_pub_stock,Entertainment,Bar,Pub,
type,vergnuegung_t_spielothek_stock,Entertainment,Nightlife,Gambling,
type,vergnuegung_t_theater_stock,Entertainment,Culture,Theater,
type,vergnuegung_t_zoo_stock,Entertainment,Culture,Zoo,
