ZEIT;RAUMID;BEZ;PGR;BZR;PLR;STADTRAUM;E_A;E_AM;E_AW;E_A00_01;E_A01_02;E_A02_03;E_A03_05;E_A05_06;E_A06_07;E_A07_08;E_A08_10;E_A10_12;E_A12_14;E_A14_15;E_A15_18;E_A18_21;E_A21_25;E_A25_27;E_A27_30;E_A30_35;E_A35_40;E_A40_45;E_A45_50;E_A50_55;E_A55_60;E_A60_63;E_A63_65;E_A65_67;E_A67_70;E_A70_75;E_A75_80;E_A80_85;E_A85_90;E_A90_95;E_A95_110;E_AU1;E_A1U6;E_A6U15;E_A15U18;E_A18U25;E_A25U55;E_A55U65;E_A65U80;E_A80U110
201812;01011101;01;01;11;01;1;1417;754;663;3;6;11;16;13;12;7;9;7;0;6;6;40;169;135;166;208;136;118;84;52;52;42;18;15;24;23;21;9;6;3;0;3;46;41;6;209;899;112;83;18
201812;01011102;01;01;11;02;1;67;46;21;0;0;0;0;0;0;0;0;0;0;0;0;0;0;12;10;15;3;6;12;6;0;0;0;0;0;3;0;0;0;0;0;0;0;0;0;0;64;0;3;0
201812;01011103;01;01;11;03;1;1751;925;826;3;9;3;3;6;3;4;16;19;15;12;39;46;146;80;157;193;211;142;106;118;101;62;45;32;24;57;37;38;15;9;0;3;21;69;39;192;1007;208;150;62
201812;01011104;01;01;11;04;1;1901;1067;834;10;16;6;19;4;14;12;18;10;18;3;18;61;237;161;206;296;203;133;118;102;101;27;13;6;21;24;6;13;15;7;3;10;45;75;18;298;1219;141;57;38
201812;01011105;01;01;11;05;1;654;357;297;7;7;3;12;0;9;6;12;12;3;3;6;9;35;23;46;109;66;69;73;49;27;20;3;12;15;6;6;0;3;3;0;7;22;45;6;44;435;50;39;6
201812;01011201;01;01;12;01;1;986;550;436;3;6;9;13;6;3;6;12;17;3;3;18;25;88;63;87;150;90;80;76;46;54;27;15;15;16;24;16;6;6;3;0;3;34;44;18;113;592;96;71;15
201812;01011202;01;01;12;02;1;231;112;119;0;0;6;0;3;0;0;0;6;3;0;9;6;3;9;24;34;37;30;25;9;6;6;3;3;3;3;0;0;3;0;0;0;9;9;9;9;168;15;9;3
201812;01011203;01;01;12;03;1;408;222;186;0;7;0;6;0;3;0;7;0;6;0;0;3;13;21;37;58;48;44;44;36;27;12;6;3;6;9;6;6;0;0;0;0;13;16;0;16;288;45;24;6
201812;01011204;01;01;12;04;1;2757;1383;1374;31;18;27;47;27;24;22;34;21;34;12;41;66;161;117;299;507;337;218;208;153;126;51;37;21;30;43;30;6;6;3;0;31;119;147;41;227;1839;214;124;15
201812;01011301;01;01;13;01;1;2113;1108;1005;15;16;12;30;9;10;7;21;3;21;6;12;22;121;115;254;472;321;208;144;109;75;27;12;25;16;18;6;6;0;0;0;15;67;68;12;143;1623;114;65;6
201812;01011302;01;01;13;02;1;3429;1752;1677;15;21;21;37;23;9;15;27;31;21;3;27;49;192;198;409;688;488;375;290;193;113;40;12;12;38;30;33;13;3;3;0;15;102;106;27;241;2641;165;113;19
201812;01011303;01;01;13;03;1;3493;1896;1597;21;27;15;31;12;15;13;27;19;29;15;27;76;262;246;442;788;464;297;219;155;120;48;20;21;36;21;9;9;6;3;0;21;85;118;27;338;2611;188;87;18
201812;01011304;01;01;13;04;1;2288;1125;1163;22;17;22;36;17;16;13;24;30;21;18;48;56;178;152;235;355;263;219;147;141;94;48;18;22;16;28;6;10;6;7;3;22;92;122;48;234;1512;160;72;26
201812;01011305;01;01;13;05;1;2162;1202;960;15;21;22;21;12;15;9;12;15;9;6;19;45;122;112;231;414;296;192;185;142;84;42;30;19;18;21;15;12;6;0;0;15;76;66;19;167;1572;156;73;18
201812;01011306;01;01;13;06;1;3168;1640;1528;18;9;17;24;15;12;15;15;6;12;6;22;206;577;195;322;518;389;233;179;118;87;36;27;22;30;27;15;10;6;0;0;18;65;66;22;783;1954;150;94;16
201812;01011401;01;01;14;01;1;5667;2921;2746;33;70;51;83;35;45;37;66;64;43;34;68;103;315;319;667;1245;893;547;397;216;108;76;24;22;30;31;15;24;6;0;0;33;239;289;68;418;4284;208;98;30
201812;01011402;01;01;14;02;1;3776;1881;1895;25;24;33;50;21;25;18;27;27;18;3;18;64;189;189;464;923;644;380;259;162;89;39;15;12;21;25;9;3;0;0;0;25;128;118;18;253;3021;143;67;3
201812;01022101;01;02;21;01;1;1343;770;573;9;9;3;15;10;9;9;24;12;21;6;15;38;108;83;145;176;136;123;104;86;57;36;19;24;17;27;9;7;6;0;0;9;37;81;15;146;853;112;77;13
201812;01022102;01;02;21;02;1;2881;1554;1327;19;15;9;29;4;19;15;23;22;35;12;33;106;267;188;256;394;291;253;216;187;136;63;46;39;47;84;39;25;0;6;3;19;57;126;33;373;1785;245;209;34
201812;01022103;01;02;21;03;1;153;84;69;0;4;0;0;6;0;3;6;3;3;0;3;6;12;7;6;18;18;16;12;12;12;3;0;0;3;0;0;0;0;0;0;0;10;15;3;18;89;15;3;0
201812;01022104;01;02;21;04;1;6219;3468;2751;21;24;41;61;21;26;31;48;58;33;21;72;166;511;383;586;904;671;478;487;398;329;156;97;97;122;178;113;52;24;0;10;21;147;217;72;677;3907;582;510;86
201812;01022105;01;02;21;05;1;2069;1106;963;18;15;15;19;13;12;16;25;21;31;15;33;65;151;93;186;270;216;186;164;154;112;46;30;13;42;41;30;26;7;4;0;18;62;120;33;216;1269;188;126;37
201812;01022106;01;02;21;06;1;2329;1225;1104;3;13;6;12;13;12;6;15;13;18;9;22;76;170;148;222;393;249;210;153;151;111;56;27;33;57;66;47;15;3;0;0;3;44;73;22;246;1526;194;203;18
201812;01022201;01;02;22;01;1;3459;1862;1597;15;18;21;44;18;22;23;32;36;28;6;45;87;264;205;397;598;322;312;240;214;168;52;44;27;54;76;50;26;12;3;0;15;101;147;45;351;2288;264;207;41
201812;01022202;01;02;22;02;1;873;470;403;12;6;12;15;3;9;9;3;6;0;3;9;21;58;45;97;150;110;69;72;61;27;9;6;0;9;18;24;7;3;0;0;12;36;30;9;79;604;42;51;10
201812;01022203;01;02;22;03;1;2386;1178;1208;9;21;10;37;24;17;15;28;38;27;6;25;44;142;98;193;270;236;244;187;176;120;66;30;33;54;105;69;50;9;3;0;9;92;131;25;186;1404;216;261;62
201812;01022204;01;02;22;04;1;1774;1057;717;12;10;9;3;3;0;3;15;6;9;6;12;33;142;130;202;302;209;164;138;80;84;51;17;18;34;28;28;20;6;0;0;12;25;39;12;175;1225;152;108;26
201812;01022205;01;02;22;05;1;1127;569;558;6;19;14;12;9;15;6;33;25;24;10;39;49;82;63;52;138;88;98;77;61;60;21;15;16;21;31;21;16;6;0;0;6;54;113;39;131;577;96;89;22
201812;01022206;01;02;22;06;1;676;342;334;3;0;9;6;6;0;3;3;6;3;0;0;27;47;46;55;101;88;51;55;42;46;9;18;6;9;25;3;3;3;3;0;3;21;15;0;74;438;73;43;9
201812;01022207;01;02;22;07;1;1953;1036;917;6;9;3;15;6;0;3;0;0;12;6;13;70;382;252;265;245;163;111;91;81;66;26;19;12;25;27;27;15;3;0;0;6;33;21;13;452;1208;111;91;18
201812;01033101;01;03;31;01;1;11364;6171;5193;67;96;129;208;94;92;99;178;180;153;83;232;403;784;542;914;1421;1173;1022;930;799;546;233;138;107;159;238;190;116;32;3;3;67;527;785;232;1187;6801;917;694;154
201812;01033102;01;03;31;02;1;4698;2501;2197;27;29;29;60;28;30;24;46;57;49;21;88;185;372;236;426;575;475;425;432;306;224;106;51;45;76;132;98;33;9;4;0;27;146;227;88;557;2875;381;351;46
201812;01033201;01;03;32;01;1;4293;2184;2109;19;19;26;37;17;19;22;53;43;45;26;56;102;244;177;300;539;497;472;418;349;211;95;63;59;86;111;101;60;21;6;0;19;99;208;56;346;2752;369;357;87
201812;01033202;01;03;32;02;1;2946;1478;1468;15;10;16;25;18;18;10;25;37;25;9;34;107;257;143;237;397;306;276;213;179;165;69;45;44;72;74;90;15;12;0;3;15;69;124;34;364;1751;279;280;30
201812;01033203;01;03;32;03;1;5926;3246;2680;39;63;33;88;37;33;49;70;69;70;33;121;202;418;342;509;798;632;537;486;397;283;118;58;42;95;114;102;59;29;0;0;39;221;324;121;620;3701;459;353;88
201812;01044101;01;04;41;01;1;6637;3592;3045;34;46;42;73;44;45;40;68;64;73;36;87;182;479;329;626;890;702;628;482;470;391;150;101;86;116;171;96;61;19;6;0;34;205;326;87;661;4127;642;469;86
201812;01044102;01;04;41;02;1;4042;2164;1878;24;33;28;49;22;22;28;59;51;37;22;45;104;262;183;432;543;450;341;318;266;220;113;64;36;73;112;66;24;15;0;0;24;132;219;45;366;2533;397;287;39
201812;01044103;01;04;41;03;1;3242;1744;1498;18;24;27;44;25;34;19;49;37;27;20;77;107;265;209;308;448;350;267;258;194;146;59;34;28;55;58;37;9;9;0;0;18;120;186;77;372;2034;239;178;18
201812;01044201;01;04;42;01;1;10789;5885;4904;58;89;60;143;65;66;85;133;146;133;49;208;336;733;516;914;1403;1114;1002;932;815;574;231;119;96;158;259;208;110;31;3;0;58;357;612;208;1069;6696;924;721;144
201812;01044202;01;04;42;02;1;7092;4020;3072;43;22;33;75;44;24;27;84;61;59;25;98;244;733;552;816;1071;799;580;480;390;266;134;83;63;74;105;61;31;12;3;0;43;174;280;98;977;4688;483;303;46
201812;01044203;01;04;42;03;1;6531;3578;2953;44;52;49;78;42;43;35;70;65;65;25;93;175;376;319;539;927;711;575;531;460;359;154;104;78;130;212;130;74;16;0;0;44;221;303;93;551;4062;617;550;90
201812;02010101;02;01;01;01;1;3061;1693;1368;16;17;18;27;15;17;13;39;48;36;15;37;82;302;226;327;462;337;216;245;186;123;51;36;27;21;44;34;19;18;3;4;16;77;168;37;384;1999;210;126;44
201812;02010102;02;01;01;02;1;4589;2358;2231;18;25;24;50;24;24;16;46;36;34;15;47;155;320;187;354;548;444;454;412;368;289;93;59;45;74;141;132;87;37;25;6;18;123;171;47;475;2767;441;392;155
201812;02010103;02;01;01;03;1;5446;2874;2572;28;37;29;41;21;21;16;55;40;25;12;53;123;310;212;383;625;617;552;575;469;337;146;70;78;103;189;150;92;28;9;0;28;128;169;53;433;3433;553;520;129
201812;02010104;02;01;01;04;1;1661;847;814;3;6;12;12;0;6;9;15;6;9;6;18;32;68;57;120;215;195;164;194;136;102;54;35;16;30;65;30;37;9;0;0;3;30;51;18;100;1081;191;141;46
201812;02020201;02;02;02;01;1;384;202;182;6;6;3;12;6;7;6;3;4;3;3;3;3;21;12;18;87;64;48;24;6;6;3;3;9;9;9;0;0;0;0;0;6;27;26;3;24;259;12;27;0
201812;02020202;02;02;02;02;1;1773;959;814;15;13;9;25;12;9;6;34;15;16;12;30;60;137;94;188;245;204;113;132;125;74;43;18;12;38;30;31;19;4;10;0;15;59;92;30;197;1101;135;111;33
201812;02020203;02;02;02;03;1;2746;1437;1309;18;21;21;40;12;12;12;17;14;6;6;18;57;159;142;309;421;347;267;204;170;158;60;25;36;61;58;41;28;3;3;0;18;94;67;18;216;1860;243;196;34
201812;02020204;02;02;02;04;1;3537;1893;1644;15;25;13;25;16;15;14;25;20;28;17;47;78;246;183;354;616;430;333;261;197;164;83;34;39;48;85;72;30;21;3;0;15;79;119;47;324;2374;281;244;54
201812;02020205;02;02;02;05;1;3861;1999;1862;12;9;6;33;12;3;7;0;18;18;6;15;190;324;202;321;602;417;340;309;267;212;104;48;52;72;115;76;43;16;3;9;12;60;52;15;514;2458;364;315;71
201812;02020206;02;02;02;06;1;5310;2712;2598;25;12;15;34;19;15;15;37;30;22;13;40;84;288;238;502;927;781;519;427;364;256;118;77;65;79;135;105;49;15;0;4;25;80;132;40;372;3758;451;384;68
201812;02030301;02;03;03;01;1;3451;1778;1673;9;9;3;12;15;6;6;15;18;13;6;31;63;159;102;244;447;320;350;304;328;208;83;72;56;100;207;143;77;25;14;6;9;39;64;31;222;2095;363;506;122
201812;02030302;02;03;03;02;1;4280;2291;1989;12;13;25;21;3;6;6;18;19;24;3;27;96;210;191;380;589;541;468;379;268;250;103;66;51;101;166;123;82;33;6;0;12;62;76;27;306;2816;419;441;121
201812;02030401;02;03;04;01;1;4886;2588;2298;22;16;18;38;6;12;9;15;18;9;12;28;73;284;278;504;828;655;505;404;311;219;110;48;46;73;137;106;62;25;9;6;22;78;75;28;357;3485;377;362;102
201812;02030402;02;03;04;02;1;3736;1997;1739;6;6;6;12;3;9;9;10;13;17;6;20;75;216;187;352;610;503;375;282;256;183;92;56;42;74;135;110;44;21;0;6;6;27;64;20;291;2565;331;361;71
201812;02040501;02;04;05;01;1;866;414;452;3;13;6;18;3;12;11;12;3;13;0;9;30;67;41;58;137;89;88;76;67;46;21;18;6;3;7;3;3;3;0;0;3;40;51;9;97;556;85;19;6
201812;02040502;02;04;05;02;1;1458;729;729;12;16;3;28;7;3;12;11;13;7;9;19;27;97;108;189;284;200;125;83;73;55;15;12;6;15;12;14;3;0;0;0;12;54;55;19;124;1062;82;47;3
201812;02040503;02;04;05;03;1;1929;1012;917;24;13;16;21;15;9;6;15;17;3;0;10;31;135;136;275;428;282;155;129;91;51;18;12;18;0;13;3;0;3;0;0;24;65;50;10;166;1496;81;34;3
201812;02040701;02;04;07;01;1;3580;1847;1733;24;21;21;41;21;23;12;43;21;25;18;56;103;435;285;550;659;349;240;184;157;121;72;33;24;12;12;15;3;0;0;0;24;104;142;56;538;2424;226;63;3
201812;02040702;02;04;07;02;1;2171;1188;983;12;9;12;6;6;6;6;6;13;6;0;9;136;275;178;325;414;291;191;91;61;46;24;9;12;9;9;6;0;3;0;0;12;33;37;9;411;1551;79;36;3
201812;02040703;02;04;07;03;1;686;374;312;12;9;12;24;13;10;14;18;16;18;7;21;18;36;56;99;139;58;35;22;12;18;10;0;0;6;0;0;3;0;0;0;12;58;83;21;54;421;28;6;3
201812;02050601;02;05;06;01;1;2018;1086;932;9;6;6;18;15;6;6;21;15;6;6;6;36;142;151;329;502;300;143;108;65;72;22;3;3;9;6;3;0;0;4;0;9;45;60;6;178;1598;97;21;4
201812;02050602;02;05;06;02;1;4784;2465;2319;35;37;39;39;18;24;6;33;29;30;9;40;71;329;365;720;1171;743;379;255;160;101;31;25;9;24;30;13;9;4;3;3;35;133;131;40;400;3793;157;76;19
201812;02050801;02;05;08;01;1;5120;2732;2388;42;36;34;58;24;37;18;46;28;19;22;47;96;420;375;791;1152;768;415;246;167;132;57;30;9;10;18;15;4;4;0;0;42;152;170;47;516;3914;219;52;8
201812;02050802;02;05;08;02;1;5065;2688;2377;21;40;24;37;15;9;7;18;18;18;3;19;79;436;413;825;1232;853;422;223;133;83;30;21;28;27;13;6;9;3;0;0;21;116;73;19;515;4101;134;74;12
201812;02050803;02;05;08;03;1;1868;1043;825;13;12;22;25;7;0;7;6;3;9;0;9;37;170;174;315;447;260;138;86;58;22;15;6;9;9;6;0;3;0;0;0;13;66;25;9;207;1478;43;24;3
201812;02050804;02;05;08;04;1;624;341;283;3;6;3;3;9;4;3;6;13;7;0;15;15;51;35;59;120;92;53;42;33;12;9;3;6;3;6;7;3;0;3;0;3;21;33;15;66;434;24;22;6
201812;03010101;03;01;01;01;2;403;250;153;3;9;10;3;3;0;3;3;9;0;3;0;16;30;19;41;72;67;42;22;24;12;3;0;3;3;0;3;0;0;0;0;3;25;18;0;46;287;15;9;0
201812;03010102;03;01;01;02;2;1803;1077;726;28;31;25;65;27;31;28;46;55;41;6;66;68;193;107;153;262;185;137;92;64;42;15;15;9;6;3;3;0;0;0;0;28;148;207;66;261;1000;72;21;0
201812;03010104;03;01;01;04;2;30;24;6;0;0;0;0;0;0;0;0;0;0;0;0;0;3;3;0;3;9;6;6;0;0;0;0;0;0;0;0;0;0;0;0;0;0;0;0;3;27;0;0;0
201812;03020203;03;02;02;03;2;265;155;110;6;6;3;16;6;6;9;12;6;13;4;9;12;19;6;15;30;29;24;15;3;6;3;0;0;3;4;0;0;0;0;0;6;31;50;9;31;122;9;7;0
201812;03020209;03;02;02;09;2;1364;657;707;12;12;6;24;9;6;6;21;18;9;6;16;138;170;75;105;174;149;141;81;74;38;19;9;9;9;10;12;3;3;0;0;12;51;66;16;308;799;66;40;6
201812;03020210;03;02;02;10;2;955;491;464;6;15;19;24;19;12;12;20;15;16;0;21;36;48;40;60;151;126;102;67;66;37;10;6;0;12;6;6;0;0;3;0;6;77;75;21;84;612;53;24;3
201812;03020307;03;02;03;07;2;1012;507;505;6;12;13;28;3;12;9;28;23;9;9;27;43;62;31;45;130;113;121;101;57;43;24;12;12;3;12;9;9;3;0;3;6;56;90;27;105;598;79;36;15
201812;03030405;03;03;04;05;2;1083;575;508;14;24;22;44;15;15;13;27;39;22;9;37;49;77;57;64;143;139;91;61;60;27;3;6;3;6;9;7;0;0;0;0;14;105;125;37;126;615;36;25;0
201812;03030406;03;03;04;06;2;299;131;168;6;3;0;0;0;3;0;3;3;6;0;3;15;15;15;27;37;24;42;32;22;12;6;6;4;6;0;0;3;3;3;0;6;3;15;3;30;199;24;10;9
201812;03030711;03;03;07;11;2;204;85;119;6;0;0;3;3;4;7;0;6;3;0;9;3;18;6;12;27;24;25;9;12;15;3;0;3;0;6;0;0;0;0;0;6;6;20;9;21;115;18;9;0
201812;03030715;03;03;07;15;2;1017;645;372;6;9;12;21;10;17;7;26;33;27;12;39;71;105;47;82;116;129;64;72;31;33;9;9;6;9;6;6;3;0;0;0;6;52;122;39;176;541;51;27;3
201812;03030716;03;03;07;16;2;19;10;9;0;0;0;0;0;0;0;0;0;0;0;0;3;0;0;0;7;0;0;6;3;0;0;0;0;0;0;0;0;0;0;0;0;0;0;0;3;16;0;0;0
201812;03040508;03;04;05;08;2;285;136;149;3;0;3;6;0;0;0;3;3;3;0;9;9;15;12;16;12;42;33;31;18;28;6;6;6;3;6;6;3;0;3;0;3;9;9;9;24;164;40;21;6
201812;03040512;03;04;05;12;2;768;387;381;6;12;6;9;6;12;6;12;9;12;3;12;28;51;43;76;112;89;69;79;37;24;16;3;6;0;15;9;3;3;0;0;6;33;54;12;79;505;43;30;6
201812;03040513;03;04;05;13;2;229;124;105;0;0;0;3;0;0;3;0;3;0;0;3;15;15;12;13;33;24;36;18;21;9;15;3;3;0;0;0;0;0;0;0;0;3;6;3;30;157;27;3;0
201812;03040614;03;04;06;14;2;3076;1537;1539;36;42;22;57;18;19;15;27;44;27;16;37;87;204;153;301;554;409;334;249;141;100;44;18;21;24;31;18;19;6;3;0;36;139;148;37;291;2141;162;94;28
201812;03040818;03;04;08;18;2;3800;1915;1885;35;31;46;74;33;31;20;42;43;37;18;79;70;231;225;443;722;576;319;245;170;109;55;32;27;30;24;12;12;6;3;0;35;184;191;79;301;2700;196;93;21
201812;03050919;03;05;09;19;2;859;498;361;19;18;19;28;16;13;18;27;22;30;15;34;34;86;34;76;98;71;63;51;21;22;6;10;9;9;7;3;0;0;0;0;19;81;125;34;120;414;38;28;0
201812;03050920;03;05;09;20;2;631;330;301;9;12;9;9;3;3;9;3;10;3;3;6;6;34;43;65;98;101;68;46;45;21;3;4;6;3;6;3;0;0;0;0;9;33;31;6;40;466;28;18;0
201812;03050923;03;05;09;23;2;1418;784;634;27;15;10;33;6;9;10;18;19;0;10;12;38;108;86;177;283;197;140;90;58;45;12;6;3;0;6;0;0;0;0;0;27;64;66;12;146;1031;63;9;0
201812;03050924;03;05;09;24;2;986;527;459;6;12;7;15;0;15;9;12;6;12;3;6;12;91;43;124;207;128;84;73;33;30;12;12;9;3;16;3;0;0;3;0;6;34;57;6;103;692;54;31;3
201812;03050925;03;05;09;25;2;1162;582;580;4;6;6;21;15;18;6;28;19;9;7;43;41;96;55;81;183;163;94;92;60;61;15;6;0;12;12;9;0;0;0;0;4;48;87;43;137;728;82;33;0
201812;03051017;03;05;10;17;2;663;403;260;10;0;0;3;3;3;0;9;3;9;6;3;32;94;60;82;98;91;54;40;24;26;3;0;3;3;4;0;0;0;0;0;10;6;30;3;126;449;29;10;0
201812;03051021;03;05;10;21;2;511;259;252;6;12;12;19;6;12;4;9;13;6;3;22;9;34;24;59;53;56;40;40;24;24;9;0;6;3;3;0;0;3;0;0;6;49;47;22;43;296;33;12;3
201812;03051022;03;05;10;22;2;256;131;125;0;3;7;12;6;0;0;12;6;3;3;9;15;6;20;16;39;30;25;18;7;3;10;6;0;0;0;0;0;0;0;0;0;28;24;9;21;155;19;0;0
201812;03061126;03;06;11;26;1;3202;1684;1518;12;21;30;31;19;15;9;32;27;16;6;31;102;236;256;462;656;486;290;191;115;69;27;15;12;9;18;9;0;0;0;0;12;101;105;31;338;2456;111;48;0
201812;03061131;03;06;11;31;1;2520;1299;1221;19;18;21;21;12;3;15;21;8;9;3;6;42;180;178;309;586;400;245;153;130;53;27;15;3;15;18;3;0;3;4;0;19;72;59;6;222;2001;95;39;7
201812;03061227;03;06;12;27;1;2552;1261;1291;18;12;12;18;9;3;7;15;9;12;9;18;30;153;189;396;620;382;244;148;91;61;20;12;12;12;12;12;12;4;0;0;18;51;55;18;183;2070;93;48;16
201812;03061228;03;06;12;28;1;2090;1048;1042;18;18;16;34;9;9;9;3;9;30;15;29;45;126;138;291;489;306;144;120;94;47;21;16;9;3;27;9;3;3;0;0;18;77;75;29;171;1582;84;48;6
201812;03061332;03;06;13;32;1;4772;2401;2371;29;25;21;59;25;29;24;40;27;22;12;24;64;246;258;549;1069;786;550;370;239;130;54;19;28;22;30;9;9;3;0;0;29;130;154;24;310;3821;203;89;12
201812;03061429;03;06;14;29;1;966;461;505;9;21;12;18;3;6;12;18;6;19;6;15;28;85;48;105;127;106;100;78;45;36;24;12;0;9;6;9;0;3;0;0;9;54;67;15;113;609;72;24;3
201812;03061430;03;06;14;30;1;1448;850;598;30;20;24;48;32;32;28;48;57;46;21;66;73;175;54;116;164;138;86;42;48;51;12;13;6;9;9;0;0;0;0;0;30;124;232;66;248;648;76;24;0
201812;03061434;03;06;14;34;1;1226;622;604;6;3;9;19;15;3;4;16;3;3;0;6;30;60;82;175;285;214;89;79;55;28;6;9;9;3;6;3;3;3;0;0;6;46;29;6;90;979;43;21;6
201812;03061435;03;06;14;35;1;795;395;400;7;6;7;12;0;3;9;12;9;0;6;12;15;55;67;85;144;118;79;57;31;31;12;0;9;0;9;0;0;0;0;0;7;25;39;12;70;581;43;18;0
201812;03061441;03;06;14;41;1;392;197;195;3;9;6;10;9;3;6;9;3;9;0;14;10;10;12;19;69;72;46;37;18;12;3;0;0;3;0;0;0;0;0;0;3;34;30;14;20;273;15;3;0
201812;03071536;03;07;15;36;1;2762;1398;1364;13;18;12;24;18;16;13;12;13;15;0;26;76;186;146;300;600;402;324;218;165;55;25;12;12;15;18;15;10;3;0;0;13;72;69;26;262;2155;92;60;13
201812;03071537;03;07;15;37;1;3868;1947;1921;24;48;39;72;28;35;35;60;28;33;18;36;76;191;171;426;749;603;414;318;167;143;33;24;12;24;32;21;8;0;0;0;24;187;209;36;267;2848;200;89;8
201812;03071633;03;07;16;33;1;646;335;311;3;13;12;12;9;6;6;18;3;6;0;3;6;40;27;83;149;106;68;28;18;18;6;3;3;0;0;0;0;0;0;0;3;46;39;3;46;479;27;3;0
201812;03071638;03;07;16;38;1;3748;1861;1887;20;40;36;49;24;22;19;31;24;21;13;33;42;193;192;493;802;573;413;288;165;90;49;25;16;24;24;18;6;3;0;0;20;149;130;33;235;2926;164;82;9
201812;03071639;03;07;16;39;1;2164;1088;1076;13;16;12;28;9;6;16;15;16;12;9;22;35;107;108;257;444;314;252;175;113;81;25;21;9;12;25;6;3;0;3;0;13;65;74;22;142;1663;127;52;6
201812;04010101;04;01;01;01;2;2935;1513;1422;16;31;26;36;9;13;18;35;44;32;9;36;96;228;152;205;375;299;297;270;179;155;80;41;42;73;70;35;10;14;6;3;16;102;151;36;324;1777;276;220;33
201812;04010102;04;01;01;02;2;294;195;99;0;7;6;9;6;3;3;6;9;3;6;19;19;36;9;15;18;33;15;15;15;6;0;3;12;6;0;12;0;0;0;3;0;28;30;19;55;120;9;30;3
201812;04010103;04;01;01;03;2;2121;1018;1103;22;15;19;39;17;26;19;36;43;33;18;30;57;112;63;112;230;209;221;201;179;98;72;39;31;42;60;36;24;6;9;3;22;90;175;30;169;1215;209;169;42
201812;04020204;04;02;02;04;2;36;18;18;3;0;0;0;0;0;0;0;3;0;0;3;0;3;3;0;0;3;3;3;0;0;0;0;3;0;0;3;3;0;3;0;3;0;3;3;3;12;0;6;6
201812;04020205;04;02;02;05;2;194;107;87;0;0;0;0;0;3;0;3;0;3;3;0;6;22;12;19;18;16;22;15;6;15;12;4;3;3;0;6;0;0;0;3;0;0;12;0;28;108;31;12;3
201812;04020206;04;02;02;06;2;495;263;232;4;13;6;13;6;0;6;7;7;7;0;0;22;24;18;25;61;59;52;31;25;18;21;13;9;12;18;9;3;0;0;6;4;38;27;0;46;271;52;48;9
201812;04020207;04;02;02;07;2;452;230;222;3;0;6;0;3;3;3;0;4;6;0;12;9;27;18;42;70;36;61;36;39;19;6;9;6;9;6;0;12;4;0;3;3;9;16;12;36;302;34;21;19
201812;04020208;04;02;02;08;2;413;196;217;3;3;3;9;0;3;4;3;3;3;3;3;28;19;7;3;24;54;30;45;46;39;21;6;6;9;21;9;6;0;0;0;3;15;19;3;47;209;66;45;6
201812;04020209;04;02;02;09;2;942;473;469;0;0;0;6;3;7;0;6;3;0;7;7;48;235;89;88;129;94;62;33;40;30;16;3;3;9;6;6;3;9;0;0;0;9;23;7;283;535;49;24;12
201812;04020310;04;02;03;10;2;281;140;141;0;0;3;3;3;0;0;3;3;0;0;0;10;68;34;52;40;22;9;19;3;3;0;0;0;0;0;0;3;3;0;0;0;9;6;0;78;179;3;0;6
201812;04020311;04;02;03;11;2;3056;1687;1369;18;18;21;28;7;22;12;43;34;27;13;46;113;289;163;222;387;299;231;253;221;137;66;55;33;77;104;53;27;16;12;9;18;74;151;46;402;1776;258;267;64
201812;04020312;04;02;03;12;2;1109;600;509;6;6;13;15;12;6;6;21;12;16;10;18;43;85;61;85;127;91;110;63;73;52;27;31;18;24;27;24;6;18;0;3;6;46;71;18;128;610;110;93;27
201812;04020313;04;02;03;13;2;1770;886;884;13;9;15;24;12;3;15;24;23;24;9;19;53;131;98;164;233;179;145;133;94;119;31;18;28;30;43;36;23;6;16;0;13;60;98;19;184;1046;168;137;45
201812;04020314;04;02;03;14;2;12;12;0;0;0;0;0;0;0;0;0;0;0;0;0;0;0;0;0;3;0;0;0;0;0;6;0;0;3;0;0;0;0;0;0;0;0;0;0;0;3;6;3;0
201812;04030415;04;03;04;15;1;1195;661;534;4;13;9;3;9;6;0;9;0;12;3;3;23;122;67;125;165;134;89;111;73;45;33;21;21;24;33;15;14;6;3;0;4;34;30;3;145;764;99;93;23
201812;04030416;04;03;04;16;1;2895;1429;1466;16;22;15;21;16;18;12;28;9;12;6;36;64;144;109;221;336;272;253;254;214;169;98;59;58;85;132;114;60;24;9;9;16;74;85;36;208;1659;326;389;102
201812;04030417;04;03;04;17;1;2562;1307;1255;10;13;15;24;15;21;12;15;27;12;9;39;66;162;100;178;306;230;272;228;211;166;72;37;39;68;98;66;24;9;9;9;10;67;96;39;228;1525;275;271;51
201812;04030518;04;03;05;18;1;2603;1350;1253;12;12;16;25;15;12;6;19;18;22;9;19;62;160;131;203;340;246;221;200;227;147;84;46;43;70;93;68;33;12;17;15;12;68;86;19;222;1568;277;274;77
201812;04030519;04;03;05;19;1;1624;891;733;6;9;15;16;13;9;3;13;12;18;6;18;21;81;93;152;219;183;171;144;96;96;40;26;33;41;28;24;26;6;0;6;6;53;61;18;102;1058;162;126;38
201812;04030620;04;03;06;20;1;2329;1214;1115;7;3;6;15;12;3;15;15;27;18;6;22;58;124;116;177;333;230;211;229;184;126;67;37;45;61;75;48;28;16;9;6;7;36;84;22;182;1480;230;229;59
201812;04030621;04;03;06;21;1;1079;581;498;4;0;6;3;6;0;0;10;3;6;0;9;18;70;72;103;165;103;84;125;80;49;45;18;12;30;19;24;9;3;3;0;4;15;19;9;88;732;112;85;15
201812;04030622;04;03;06;22;1;2995;1545;1450;6;14;13;18;12;28;12;21;24;19;18;31;55;139;91;187;393;336;286;246;231;206;111;75;68;95;118;48;40;23;16;15;6;57;122;31;194;1770;392;329;94
201812;04030623;04;03;06;23;1;1643;780;863;14;9;12;19;3;9;9;9;3;9;0;14;24;89;59;144;211;201;147;121;119;99;52;36;25;40;72;46;24;12;6;6;14;43;39;14;113;1002;187;183;48
201812;04030724;04;03;07;24;1;1463;680;783;3;6;12;12;0;0;0;12;6;0;0;15;24;92;63;97;173;161;134;105;87;113;55;25;33;36;54;47;39;28;18;13;3;30;18;15;116;820;193;170;98
201812;04030725;04;03;07;25;1;3212;1677;1535;9;21;21;27;9;19;16;34;34;25;21;36;62;214;156;262;415;351;292;255;225;194;103;65;44;75;95;51;38;19;15;9;9;78;149;36;276;1956;362;265;81
201812;04030726;04;03;07;26;1;1643;833;810;15;18;6;30;13;12;12;25;19;19;9;36;55;76;56;82;179;183;144;136;120;95;63;29;21;51;54;24;15;12;19;15;15;67;96;36;131;900;187;150;61
201812;04030827;04;03;08;27;1;4287;2254;2033;12;18;19;46;15;15;13;27;47;28;15;56;107;272;226;290;493;443;391;388;300;271;120;99;79;108;150;97;73;38;9;22;12;98;145;56;379;2531;490;434;142
201812;04030828;04;03;08;28;1;2860;1468;1392;12;13;6;19;10;12;10;12;19;25;10;15;64;183;118;225;343;284;255;253;206;192;94;79;68;80;100;72;39;24;6;12;12;48;88;15;247;1684;365;320;81
201812;04030929;04;03;09;29;1;1647;863;784;6;7;12;12;6;6;6;24;9;6;3;22;18;61;68;136;177;154;120;137;128;152;63;31;42;42;81;49;30;15;18;6;6;37;54;22;79;920;246;214;69
201812;04030930;04;03;09;30;1;1641;873;768;6;9;3;12;3;7;12;12;13;10;12;24;31;69;49;90;145;128;162;148;119;135;76;54;31;50;98;48;40;24;12;9;6;27;66;24;100;841;265;227;85
201812;04030931;04;03;09;31;1;1466;797;669;9;7;13;25;12;6;6;9;15;10;6;13;24;66;47;102;156;164;118;141;115;92;60;31;24;46;52;34;21;21;6;15;9;57;52;13;90;843;183;156;63
201812;04031032;04;03;10;32;1;4043;2037;2006;21;29;24;40;13;23;15;40;39;45;15;36;93;202;154;294;480;451;419;326;270;280;132;64;73;109;144;88;54;25;30;15;21;106;177;36;295;2394;476;414;124
201812;04041133;04;04;11;33;2;29;19;10;0;0;0;0;0;0;0;0;0;0;0;0;0;3;3;3;4;12;0;0;0;4;0;0;0;0;0;0;0;0;0;0;0;0;0;0;3;22;4;0;0
201812;04041134;04;04;11;34;2;1128;524;604;3;0;6;7;9;10;3;15;16;12;6;3;28;74;47;75;132;102;102;104;83;83;37;18;21;31;49;21;12;9;4;6;3;22;62;3;102;645;138;122;31
201812;04041135;04;04;11;35;2;552;264;288;3;0;0;6;6;3;3;3;3;3;7;15;19;23;9;21;47;56;40;54;44;55;15;15;12;15;30;8;19;6;9;3;3;12;22;15;42;271;85;65;37
201812;04041136;04;04;11;36;2;588;261;327;6;9;3;0;0;0;3;6;6;3;0;15;15;19;9;31;40;64;91;54;46;46;16;12;21;9;30;12;6;0;10;6;6;12;18;15;34;335;74;72;22
201812;04041137;04;04;11;37;2;1745;869;876;6;12;6;24;9;16;12;12;15;18;3;19;45;77;55;107;176;218;199;152;134;102;53;45;43;33;55;42;30;18;3;6;6;51;76;19;122;1041;200;173;57
201812;04041238;04;04;12;38;2;1028;515;513;0;0;6;9;10;3;9;15;21;19;6;18;25;42;34;57;100;104;118;118;73;66;30;22;34;15;36;20;9;0;6;3;0;25;73;18;67;604;118;105;18
201812;04041239;04;04;12;39;2;253;152;101;3;6;9;10;3;0;6;9;7;9;7;0;15;28;12;16;31;30;15;6;9;10;6;0;0;0;3;0;0;3;0;0;3;28;38;0;43;119;16;3;3
201812;04041240;04;04;12;40;2;222;97;125;0;0;0;6;3;0;0;0;3;3;0;0;15;15;0;13;18;21;18;27;22;18;3;3;9;7;3;3;3;6;0;3;0;9;6;0;30;119;24;22;12
201812;04041241;04;04;12;41;2;959;505;454;9;3;3;15;3;6;0;12;12;9;7;15;40;79;48;61;91;82;97;90;46;61;28;19;9;33;35;28;12;3;0;3;9;24;46;15;119;515;108;105;18
201812;04041342;04;04;13;42;2;760;381;379;0;4;9;6;6;6;6;3;9;12;4;9;15;24;12;48;75;63;70;74;48;49;34;27;18;31;27;30;19;18;0;4;0;25;40;9;39;390;110;106;41
201812;04041343;04;04;13;43;2;579;293;286;3;3;3;9;0;3;0;0;6;3;3;15;12;42;31;30;69;61;71;47;43;25;21;9;12;21;12;6;6;4;6;3;3;15;15;15;54;352;55;51;19
201812;04041344;04;04;13;44;2;1732;842;890;15;12;0;24;9;9;6;28;9;21;12;30;40;81;30;88;165;171;170;168;148;118;66;33;33;63;73;54;25;15;13;3;15;45;85;30;121;940;217;223;56
201812;04051445;04;05;14;45;1;1475;740;735;10;6;7;9;6;0;12;12;21;6;9;25;28;66;57;116;159;143;143;135;114;88;72;30;33;41;42;42;12;9;19;3;10;28;60;25;94;867;190;158;43
201812;04051446;04;05;14;46;1;2709;1408;1301;10;7;9;28;21;9;12;41;41;25;19;21;48;99;97;175;284;286;265;229;176;201;89;46;75;96;126;75;48;24;12;15;10;65;147;21;147;1512;336;372;99
201812;04051447;04;05;14;47;1;1322;656;666;3;7;3;3;3;6;3;15;21;3;3;23;27;60;53;79;145;140;102;125;111;99;53;43;24;40;55;34;15;6;9;9;3;16;51;23;87;755;195;153;39
201812;04051448;04;05;14;48;1;2822;1460;1362;3;6;15;30;15;22;12;19;9;22;18;26;53;167;88;216;323;268;265;257;235;184;102;54;53;75;112;70;61;15;9;18;3;66;102;26;220;1652;340;310;103
201812;04051549;04;05;15;49;1;1265;693;572;6;9;16;30;9;19;24;25;27;28;7;33;34;75;50;98;136;119;114;91;88;75;31;6;21;33;18;18;6;10;6;3;6;64;130;33;109;696;112;90;25
201812;04051550;04;05;15;50;1;1400;715;685;6;10;9;10;6;6;6;21;6;15;3;21;18;76;84;103;168;146;132;108;108;86;39;36;34;40;45;18;12;19;6;3;6;35;57;21;94;849;161;137;40
201812;04051551;04;05;15;51;1;1107;572;535;3;3;4;6;3;7;7;6;12;6;3;6;30;88;57;77;140;88;101;91;88;85;39;24;24;36;33;25;9;0;3;3;3;16;41;6;118;642;148;118;15
201812;04051652;04;05;16;52;1;2461;1285;1176;10;16;7;21;17;15;10;15;34;15;9;62;60;124;109;171;261;258;214;197;174;163;90;60;44;58;104;64;40;24;15;0;10;61;98;62;184;1384;313;270;79
201812;04051653;04;05;16;53;1;1803;930;873;6;7;9;15;10;6;6;13;15;16;6;24;57;128;90;129;179;180;170;157;122;119;61;24;39;60;56;50;22;15;6;6;6;41;62;24;185;1027;204;205;49
201812;04051654;04;05;16;54;1;657;324;333;0;3;6;6;0;3;0;6;0;6;0;3;22;34;15;58;87;74;55;66;37;46;18;18;9;9;39;9;22;0;6;0;0;15;15;3;56;392;82;66;28
201812;04051655;04;05;16;55;1;1862;975;887;9;12;7;16;12;6;13;19;24;15;10;45;45;111;76;143;215;204;158;161;160;118;43;40;33;36;58;31;21;12;0;9;9;47;87;45;156;1117;201;158;42
201812;04051656;04;05;16;56;1;1471;777;694;6;6;9;15;9;0;9;19;12;16;7;15;61;74;57;121;189;147;157;112;103;88;49;15;19;37;36;40;22;6;9;6;6;39;63;15;135;886;152;132;43
201812;04061757;04;06;17;57;2;18;18;0;0;0;0;0;0;0;0;0;0;0;0;0;12;0;0;0;0;0;0;0;3;0;3;0;0;0;0;0;0;0;0;0;0;0;0;0;12;3;3;0;0
201812;05010101;05;01;01;01;2;1404;701;703;16;12;22;32;9;16;21;31;22;25;9;27;42;91;57;72;162;136;169;112;83;69;21;18;20;27;30;34;7;3;6;3;16;75;124;27;133;791;108;111;19
201812;05010102;05;01;01;02;2;1351;691;660;15;29;24;25;18;6;10;15;18;21;9;30;51;136;66;123;150;155;105;115;56;60;18;10;18;19;31;12;0;3;3;0;15;96;79;30;187;770;88;80;6
201812;05010103;05;01;01;03;2;687;349;338;7;10;6;12;3;10;6;12;15;9;6;13;12;36;37;37;64;64;64;66;37;45;24;15;9;26;12;9;15;3;0;3;7;31;58;13;48;369;84;56;21
201812;05010204;05;01;02;04;2;889;397;492;10;21;22;37;15;15;18;40;27;34;18;40;35;49;29;37;73;89;78;58;39;21;3;22;12;16;16;6;3;3;3;0;10;95;152;40;84;403;46;50;9
201812;05010205;05;01;02;05;2;225;119;106;3;0;3;0;0;0;0;0;3;0;3;6;7;18;6;12;25;15;24;27;18;6;12;3;3;12;3;13;0;0;3;0;3;3;6;6;25;127;21;31;3
201812;05010206;05;01;02;06;2;2170;1110;1060;25;33;29;76;28;15;27;62;40;64;27;54;59;154;89;120;227;213;167;194;148;117;46;34;3;33;30;21;22;10;0;3;25;166;235;54;213;1158;197;87;35
201812;05010207;05;01;02;07;2;2623;1301;1322;39;31;50;57;26;42;24;52;66;26;21;64;82;117;86;144;268;298;278;230;164;152;63;39;25;46;46;47;25;12;3;0;39;164;231;64;199;1468;254;164;40
201812;05010208;05;01;02;08;2;1593;829;764;16;21;20;37;15;21;18;36;19;25;12;39;43;101;83;119;197;179;108;131;84;91;29;24;27;24;40;12;13;9;0;0;16;93;131;39;144;901;144;103;22
201812;05010209;05;01;02;09;2;906;509;397;9;6;3;16;12;13;3;18;12;18;9;27;18;46;34;60;95;77;98;93;73;42;19;24;12;21;33;12;3;0;0;0;9;37;73;27;64;530;85;78;3
201812;05010310;05;01;03;10;2;884;443;441;19;11;23;16;10;12;12;16;12;9;3;20;28;61;33;84;92;93;90;69;60;30;12;6;9;10;28;10;6;0;0;0;19;60;64;20;89;521;48;57;6
201812;05010311;05;01;03;11;2;1373;676;697;12;6;10;28;15;18;13;35;21;28;12;45;36;67;42;76;122;127;140;133;99;63;19;24;23;36;43;34;29;14;3;0;12;59;127;45;103;739;106;136;46
201812;05010312;05;01;03;12;2;3016;1691;1325;30;36;31;71;35;31;36;74;68;52;28;85;91;202;126;209;341;335;304;229;185;157;46;24;37;44;57;39;7;6;0;0;30;173;289;85;293;1729;227;177;13
201812;05010313;05;01;03;13;2;1839;1001;838;12;21;17;31;21;21;24;34;28;38;9;41;76;142;81;138;210;134;141;171;137;102;34;33;24;33;46;15;19;6;0;0;12;90;154;41;218;1012;169;118;25
201812;05010314;05;01;03;14;2;2853;1454;1399;23;32;29;52;22;29;25;53;44;48;22;48;70;196;113;179;341;302;242;230;208;151;71;51;46;65;72;54;19;16;0;0;23;135;221;48;266;1615;273;237;35
201812;05010339;05;01;03;39;2;611;355;256;13;13;16;27;22;21;16;28;36;24;12;38;22;41;22;31;65;61;39;25;21;0;3;3;6;3;3;0;0;0;0;0;13;78;137;38;63;264;6;12;0
201812;05020415;05;02;04;15;2;219;109;110;0;6;0;0;0;0;0;6;0;3;0;3;9;10;6;9;12;21;30;22;33;15;12;3;3;4;6;0;6;0;0;0;0;6;9;3;19;133;30;13;6
201812;05020416;05;02;04;16;2;26;14;12;0;0;0;0;0;0;0;0;0;0;0;0;0;0;0;0;3;0;3;0;6;4;0;0;0;0;7;3;0;0;0;0;0;0;0;0;0;12;4;10;0
201812;05020417;05;02;04;17;2;949;521;428;13;12;6;15;12;20;9;12;16;21;23;24;42;91;42;49;62;79;82;94;49;48;27;13;6;21;19;21;15;6;0;0;13;45;101;24;133;457;88;67;21
201812;05020418;05;02;04;18;2;702;415;287;10;9;10;15;12;10;15;15;25;16;6;19;29;59;33;47;79;76;64;37;24;22;12;9;12;3;22;6;3;3;0;0;10;46;87;19;88;360;43;43;6
201812;05020419;05;02;04;19;2;1018;496;522;12;13;15;18;13;9;6;31;17;22;6;27;26;67;46;68;132;98;89;73;60;67;21;12;12;9;25;6;9;9;0;0;12;59;91;27;93;566;100;52;18
201812;05020420;05;02;04;20;2;95;48;47;0;6;0;10;0;3;3;3;0;0;3;3;0;3;3;16;3;3;6;9;9;0;0;0;0;3;9;0;0;0;0;0;0;16;12;3;3;49;0;12;0
201812;05020521;05;02;05;21;2;300;158;142;0;3;3;9;6;0;3;6;7;6;3;3;6;16;12;21;31;35;34;34;24;3;16;3;6;0;3;7;0;0;0;0;0;21;25;3;22;191;22;16;0
201812;05020522;05;02;05;22;2;2260;1132;1128;28;43;60;68;38;25;40;70;71;56;26;66;86;120;78;143;242;262;207;158;136;85;30;21;13;18;33;18;12;7;0;0;28;209;288;66;206;1226;136;82;19
201812;05020523;05;02;05;23;2;3820;1917;1903;47;69;80;122;51;54;65;105;93;93;46;115;138;220;123;221;391;369;365;299;215;213;61;47;33;45;62;51;18;9;0;0;47;322;456;115;358;1983;321;191;27
201812;05020524;05;02;05;24;2;619;305;314;6;10;6;7;0;3;3;3;15;6;0;3;22;57;21;39;62;47;61;58;61;42;24;3;6;18;12;12;9;3;0;0;6;23;30;3;79;349;69;48;12
201812;05020625;05;02;06;25;2;1619;921;698;30;9;18;28;12;18;18;15;24;22;3;40;68;150;70;106;219;145;136;140;91;66;35;18;30;34;37;28;9;0;0;0;30;67;100;40;218;907;119;129;9
201812;05020626;05;02;06;26;2;3918;2087;1831;48;37;49;80;40;38;31;72;58;69;25;88;119;245;181;313;476;388;360;324;253;209;62;47;36;75;84;60;27;9;6;9;48;206;293;88;364;2295;318;255;51
201812;05020627;05;02;06;27;2;1253;693;560;12;13;18;28;24;22;12;37;21;27;15;55;53;93;46;92;127;121;121;101;84;46;30;6;6;6;15;6;10;6;0;0;12;83;134;55;146;692;82;33;16
201812;05020628;05;02;06;28;2;233;110;123;3;3;3;3;3;0;6;3;6;3;3;3;3;15;9;3;24;31;24;13;18;21;3;6;0;6;12;3;3;0;0;0;3;12;21;3;18;122;30;21;3
201812;05020629;05;02;06;29;2;332;156;176;0;3;0;0;0;0;3;9;3;6;0;3;9;9;10;13;48;36;22;33;27;24;10;15;6;9;12;3;13;6;0;0;0;3;21;3;18;189;49;30;19
201812;05030730;05;03;07;30;2;740;358;382;3;10;3;9;9;9;3;17;15;9;0;9;21;21;13;21;64;119;96;92;60;36;9;6;10;13;30;21;9;0;3;0;3;31;53;9;42;465;51;74;12
201812;05030731;05;03;07;31;2;2349;1134;1215;15;18;30;43;18;18;18;37;30;21;15;48;51;119;88;167;268;252;250;189;181;142;86;44;25;63;64;21;19;9;0;0;15;109;139;48;170;1395;272;173;28
201812;05030832;05;03;08;32;2;3021;1564;1457;29;21;22;49;20;27;21;79;34;40;23;60;93;205;93;184;359;304;288;233;205;140;85;49;58;92;100;62;30;13;3;0;29;112;224;60;298;1666;274;312;46
201812;05030833;05;03;08;33;2;111;58;53;0;0;0;0;0;0;0;0;3;3;0;0;3;10;4;19;9;6;12;12;9;3;0;3;3;3;6;3;0;0;0;0;0;0;6;0;13;71;6;15;0
201812;05040934;05;04;09;34;2;547;324;223;7;13;7;13;9;9;12;18;20;18;3;22;18;51;15;24;57;43;41;27;22;24;18;6;6;10;15;9;7;0;3;0;7;42;80;22;69;229;48;40;10
201812;05040935;05;04;09;35;2;68;50;18;0;0;0;0;0;0;0;0;0;0;0;0;0;17;6;6;9;0;3;6;9;3;0;3;0;0;3;3;0;0;0;0;0;0;0;0;17;39;6;6;0
201812;05040936;05;04;09;36;2;580;263;317;0;0;3;9;7;3;6;10;12;6;9;6;7;19;9;25;37;55;55;81;40;64;27;9;12;18;18;15;9;3;6;0;0;19;46;6;26;302;100;63;18
201812;05040937;05;04;09;37;2;114;45;69;0;0;0;0;0;3;0;0;0;0;0;3;6;0;4;3;9;6;14;15;3;9;6;6;3;9;12;3;0;0;0;0;0;0;3;3;6;54;21;27;0
201812;05040938;05;04;09;38;2;187;87;100;0;0;0;3;0;0;0;0;4;3;4;3;13;6;12;12;15;15;15;13;13;12;3;0;6;10;3;12;6;4;0;0;0;3;11;3;19;95;15;31;10
201812;06010101;06;01;01;01;2;950;466;484;6;9;3;9;3;0;0;15;12;12;6;28;39;71;42;68;84;97;74;78;59;68;34;27;18;15;33;22;12;3;3;0;6;24;45;28;110;502;129;88;18
201812;06010102;06;01;01;02;2;1710;830;880;10;9;9;24;12;18;6;13;15;15;13;24;40;87;57;113;195;198;165;131;157;101;69;41;31;48;45;27;18;9;7;3;10;54;80;24;127;1016;211;151;37
201812;06010103;06;01;01;03;2;989;493;496;0;4;3;6;3;0;6;3;15;9;3;12;33;48;42;63;114;93;110;92;84;59;24;12;15;38;40;28;12;3;6;9;0;16;36;12;81;598;95;121;30
201812;06010204;06;01;02;04;2;1128;578;550;0;3;13;6;15;12;7;12;9;4;0;22;42;85;39;70;133;107;92;113;101;70;24;19;16;36;36;21;9;6;0;6;0;37;44;22;127;655;113;109;21
201812;06010205;06;01;02;05;2;1612;800;812;9;16;13;27;6;0;9;13;18;16;4;12;37;110;71;137;216;186;161;127;117;85;40;26;30;27;36;34;10;10;3;6;9;62;60;12;147;1015;151;127;29
201812;06010206;06;01;02;06;2;1166;581;585;6;6;6;15;3;6;7;15;24;15;4;22;35;59;31;92;115;115;110;94;85;49;42;9;33;39;48;38;22;9;9;3;6;30;71;22;94;642;100;158;43
201812;06010207;06;01;02;07;2;1319;651;668;6;10;3;6;15;15;8;9;7;15;0;21;28;67;52;90;186;155;105;122;102;69;48;37;21;37;42;16;9;15;0;3;6;34;54;21;95;812;154;116;27
201812;06010208;06;01;02;08;2;1038;518;520;3;0;7;19;6;7;9;15;15;6;0;3;19;58;52;55;138;101;107;81;74;72;36;15;18;27;57;19;15;4;0;0;3;32;52;3;77;608;123;121;19
201812;06010209;06;01;02;09;2;1646;787;859;9;12;3;25;6;3;6;21;9;12;6;9;27;82;68;141;218;172;150;148;132;89;55;30;24;46;63;42;20;15;3;0;9;46;57;9;109;1029;174;175;38
201812;06010210;06;01;02;10;2;741;358;383;6;6;6;12;6;3;3;9;0;9;7;6;14;30;27;52;90;85;51;82;76;52;24;15;6;18;22;9;12;0;0;3;6;30;31;6;44;463;91;55;15
201812;06020301;06;02;03;01;2;546;269;277;6;4;0;3;0;3;3;6;3;6;0;6;9;31;40;40;55;45;52;56;46;27;19;9;10;19;18;15;6;3;0;6;6;7;21;6;40;334;55;62;15
201812;06020302;06;02;03;02;2;656;322;334;3;6;4;6;0;6;12;0;0;12;0;12;18;33;21;27;72;73;72;61;35;42;18;19;18;23;18;21;9;6;6;3;3;16;30;12;51;361;79;80;24
201812;06020303;06;02;03;03;2;1158;584;574;6;12;3;13;10;0;3;18;21;6;3;9;22;52;50;75;155;145;113;95;102;72;39;18;9;30;24;21;20;9;3;0;6;38;51;9;74;735;129;84;32
201812;06020304;06;02;03;04;2;1053;512;541;9;3;3;4;3;9;6;16;10;12;3;18;22;82;45;80;138;106;120;85;57;69;36;6;19;21;33;22;10;0;0;6;9;13;56;18;104;631;111;95;16
201812;06020305;06;02;03;05;2;1991;986;1005;7;11;13;15;9;15;9;33;25;18;12;29;75;229;124;161;197;224;163;141;137;81;41;28;18;55;55;30;21;9;6;0;7;48;112;29;304;1147;150;158;36
201812;06020306;06;02;03;06;2;532;270;262;6;3;3;3;9;10;0;9;3;6;0;9;30;18;13;34;58;46;43;44;49;32;6;16;6;9;22;30;9;6;0;0;6;18;28;9;48;287;54;67;15
201812;06020407;06;02;04;07;2;1166;589;577;0;6;10;21;6;6;13;18;17;15;9;16;24;49;68;122;142;139;98;83;87;51;24;13;30;21;39;24;6;6;3;0;0;43;78;16;73;739;88;114;15
201812;06020408;06;02;04;08;2;1041;529;512;19;13;13;13;6;9;13;21;12;24;6;21;41;84;45;75;119;92;89;87;68;71;21;13;9;6;24;18;6;3;0;0;19;45;85;21;125;575;105;57;9
201812;06020409;06;02;04;09;2;1105;547;558;6;6;12;3;16;12;13;12;12;6;3;28;40;70;46;49;119;112;102;103;92;47;36;24;9;16;33;31;16;12;3;16;6;37;58;28;110;623;107;89;47
201812;06020410;06;02;04;10;2;810;422;388;6;0;9;13;6;4;6;15;16;9;3;3;58;60;54;57;74;55;68;59;38;45;30;18;12;21;34;25;6;3;0;3;6;28;53;3;118;405;93;92;12
201812;06020411;06;02;04;11;2;989;443;546;6;9;15;23;6;3;7;19;24;18;9;28;27;68;29;39;100;114;89;93;55;48;33;18;19;27;24;21;15;0;0;3;6;53;80;28;95;519;99;91;18
201812;06030501;06;03;05;01;2;813;489;324;9;0;3;12;3;10;6;12;22;12;4;13;45;105;47;57;64;84;59;45;53;36;15;15;9;18;12;24;13;3;0;3;9;18;66;13;150;409;66;63;19
201812;06030502;06;03;05;02;2;673;328;345;3;6;15;10;3;9;6;25;15;12;6;14;28;32;29;39;64;55;72;55;39;37;15;12;12;12;18;18;6;3;3;0;3;34;73;14;60;353;64;60;12
201812;06030503;06;03;05;03;2;1770;854;916;9;16;15;34;18;9;6;18;21;28;7;36;46;97;61;124;185;166;157;168;126;93;64;49;33;52;52;28;24;12;9;7;9;83;89;36;143;987;206;165;52
201812;06030504;06;03;05;04;2;1199;580;619;12;9;4;9;0;13;11;15;15;9;12;27;51;56;34;66;118;96;115;104;96;84;45;25;15;38;55;29;24;9;0;3;12;22;75;27;107;629;154;137;36
201812;06030605;06;03;06;05;2;1072;542;530;3;3;6;12;7;0;6;12;15;3;3;10;30;79;52;90;120;122;96;95;84;66;33;13;18;28;36;18;6;3;0;3;3;28;39;10;109;659;112;100;12
201812;06030606;06;03;06;06;2;981;530;451;9;6;6;6;3;12;3;0;10;12;9;16;32;87;43;73;115;94;78;83;80;55;28;9;15;18;30;21;12;6;10;0;9;21;46;16;119;566;92;84;28
201812;06030607;06;03;06;07;2;799;428;371;3;6;6;6;0;0;0;3;9;0;0;3;57;188;84;119;79;59;58;27;24;19;9;3;6;6;12;0;3;7;3;0;3;18;12;3;245;450;31;24;13
201812;06030608;06;03;06;08;2;1873;1006;867;19;9;19;36;28;16;27;46;30;44;24;67;81;126;92;86;179;205;169;127;123;98;33;18;22;27;29;39;27;15;9;3;19;92;187;67;207;981;149;117;54
201812;06030609;06;03;06;09;2;1630;795;835;13;7;9;32;10;19;9;28;12;18;3;34;39;111;61;103;191;130;136;157;127;109;51;33;18;42;48;36;16;9;9;10;13;58;89;34;150;905;193;144;44
201812;06030610;06;03;06;10;2;1071;509;562;9;3;6;3;0;3;12;24;21;27;3;15;15;71;30;48;126;121;80;107;76;61;24;31;25;33;42;21;22;6;3;3;9;12;90;15;86;588;116;121;34
201812;06040701;06;04;07;01;2;1205;603;602;6;9;6;6;16;12;16;15;9;18;6;24;25;64;36;95;97;88;108;116;95;62;37;37;32;46;52;31;23;12;3;3;6;37;76;24;89;635;136;161;41
201812;06040702;06;04;07;02;2;655;338;317;6;6;9;15;6;3;12;6;12;12;6;15;25;36;21;35;52;56;67;59;36;45;15;12;21;9;33;9;7;9;0;0;6;36;51;15;61;326;72;72;16
201812;06040703;06;04;07;03;2;2241;1197;1044;3;6;6;9;10;9;3;21;12;12;6;13;168;481;257;261;219;137;95;102;105;77;43;24;18;35;48;24;28;3;6;0;3;31;63;13;649;1176;144;125;37
201812;06040804;06;04;08;04;2;735;349;386;0;7;3;9;3;3;6;10;0;3;0;12;28;43;33;42;51;58;48;76;69;45;21;25;12;18;45;27;19;13;3;3;0;22;22;12;71;377;91;102;38
201812;06040805;06;04;08;05;2;586;278;308;6;0;6;9;0;3;3;0;3;3;0;19;13;39;9;39;52;70;48;53;39;45;21;15;12;27;18;24;0;4;3;3;6;15;12;19;52;310;81;81;10
201812;06040806;06;04;08;06;2;601;271;330;0;0;3;3;3;3;3;0;12;0;6;12;15;56;22;39;68;39;76;42;45;42;28;6;12;12;21;6;15;6;3;3;0;9;24;12;71;331;76;51;27
201812;06040807;06;04;08;07;2;721;330;391;0;0;3;9;3;6;0;13;12;12;0;9;12;34;24;40;88;69;48;78;76;43;24;16;12;21;30;18;12;3;6;0;0;15;43;9;46;423;83;81;21
201812;06040808;06;04;08;08;2;681;306;375;3;3;10;9;3;0;0;16;12;6;0;22;28;37;18;30;40;72;101;78;75;35;16;0;18;16;9;18;3;3;0;0;3;25;34;22;65;414;51;61;6
201812;06040809;06;04;08;09;2;928;455;473;6;3;6;3;6;6;0;3;15;9;9;18;37;46;21;51;81;86;66;79;70;78;19;19;30;38;42;32;22;12;9;6;6;18;42;18;83;454;116;142;49
201812;06040810;06;04;08;10;2;1217;557;660;0;6;6;9;11;9;18;15;12;26;6;31;56;78;43;58;113;101;99;94;92;87;38;21;22;21;60;30;28;12;6;9;0;32;86;31;134;600;146;133;55
201812;07010101;07;01;01;01;1;3007;1671;1336;10;20;23;31;13;15;18;31;21;15;9;33;74;169;111;195;351;264;332;250;232;236;116;76;56;61;117;71;39;12;3;3;10;87;109;33;243;1735;428;305;57
201812;07010102;07;01;01;02;1;5938;3182;2756;46;25;49;66;35;45;38;72;77;59;30;113;168;398;264;430;685;561;526;500;434;348;187;91;89;131;190;134;91;37;9;10;46;175;321;113;566;3400;626;544;147
201812;07010103;07;01;01;03;1;2561;1404;1157;6;15;12;18;6;6;15;30;18;15;9;21;57;193;153;199;363;273;229;218;177;126;92;57;42;49;72;47;19;18;0;6;6;51;93;21;250;1612;275;210;43
201812;07010104;07;01;01;04;1;4776;2500;2276;18;12;22;34;9;22;15;30;30;41;18;39;123;305;202;317;575;457;432;422;366;296;153;100;80;125;247;124;89;50;20;3;18;77;156;39;428;2771;549;576;162
201812;07020201;07;02;02;01;1;2109;1051;1058;10;6;6;18;12;16;6;3;3;19;9;24;39;115;123;165;272;200;167;184;157;136;66;48;36;57;111;61;18;16;0;6;10;42;56;24;154;1268;250;265;40
201812;07020202;07;02;02;02;1;2656;1457;1199;12;17;6;27;12;12;15;15;16;18;3;45;77;173;153;242;365;319;274;199;182;148;70;25;27;37;85;35;29;12;6;0;12;62;79;45;250;1734;243;184;47
201812;07020203;07;02;02;03;1;4791;2518;2273;21;18;22;21;19;21;18;45;25;15;18;42;111;304;244;433;650;504;442;375;379;270;119;106;87;113;148;121;57;27;9;7;21;80;142;42;415;3027;495;469;100
201812;07020204;07;02;02;04;1;2691;1380;1311;3;6;9;22;10;3;9;15;9;15;3;26;81;232;148;241;437;338;198;208;169;152;72;37;39;47;62;52;33;9;6;0;3;47;54;26;313;1739;261;200;48
201812;07030301;07;03;03;01;1;3750;1842;1908;22;12;17;40;36;12;24;40;34;36;12;46;104;272;218;344;426;382;341;323;272;194;113;52;49;89;107;68;38;12;12;3;22;105;158;46;376;2306;359;313;65
201812;07030302;07;03;03;02;1;1605;787;818;6;6;9;6;3;9;9;9;9;13;9;26;37;120;80;148;196;178;136;126;97;77;55;33;30;36;57;45;27;3;4;6;6;24;58;26;157;961;165;168;40
201812;07030303;07;03;03;03;1;2803;1430;1373;3;15;17;25;6;6;12;28;26;12;12;34;73;196;112;209;307;311;276;238;227;182;70;52;46;66;109;63;55;9;6;0;3;63;96;34;269;1680;304;284;70
201812;07040401;07;04;04;01;2;4342;2342;2000;21;40;45;59;33;40;28;72;68;34;27;49;156;330;181;383;518;457;388;336;280;200;100;73;50;81;111;80;57;33;6;6;21;177;269;49;486;2543;373;322;102
201812;07040402;07;04;04;02;2;223;118;105;3;3;0;0;3;0;3;0;3;0;0;0;3;12;6;17;15;34;13;34;15;22;13;6;3;0;9;6;0;0;0;0;3;6;6;0;15;134;41;18;0
201812;07040403;07;04;04;03;2;4992;2684;2308;18;43;25;58;31;18;24;54;49;54;27;67;133;357;228;409;662;565;450;420;344;251;125;73;62;94;159;103;49;15;16;9;18;157;226;67;490;3078;449;418;89
201812;07040404;07;04;04;04;2;652;326;326;3;0;0;6;3;0;3;0;3;7;3;12;9;57;27;42;72;54;44;58;64;39;19;9;19;21;24;18;24;9;3;0;3;9;16;12;66;361;67;82;36
201812;07040405;07;04;04;05;2;2640;1390;1250;19;15;22;32;24;15;22;46;40;37;15;54;83;181;94;196;344;277;265;235;183;131;51;39;22;59;63;21;31;18;3;3;19;93;175;54;264;1594;221;165;55
201812;07040406;07;04;04;06;2;1454;813;641;12;25;9;27;15;15;12;27;23;21;3;30;25;83;92;146;235;153;109;100;101;70;28;21;9;21;18;15;9;0;0;0;12;76;101;30;108;936;119;63;9
201812;07050501;07;05;05;01;2;3533;1827;1706;24;28;24;43;28;12;18;63;50;40;24;56;95;232;168;309;406;339;327;287;233;194;103;59;41;85;111;68;42;18;6;0;24;123;207;56;327;2069;356;305;66
201812;07050502;07;05;05;02;2;1657;880;777;9;13;15;31;6;16;6;18;11;21;12;37;52;99;63;136;213;144;164;170;127;92;37;18;27;15;57;15;18;6;3;6;9;65;84;37;151;1017;147;114;33
201812;07050503;07;05;05;03;2;1463;749;714;3;10;9;12;12;6;9;15;12;15;3;16;45;83;65;118;204;163;115;139;95;79;40;27;24;44;45;27;13;12;0;3;3;43;60;16;128;899;146;140;28
201812;07050504;07;05;05;04;2;820;410;410;6;6;11;9;0;9;6;12;13;9;6;9;36;49;23;65;91;62;60;73;58;67;21;21;12;26;33;9;9;9;0;0;6;26;55;9;85;432;109;80;18
201812;07050505;07;05;05;05;2;1464;751;713;19;15;13;27;10;18;7;27;19;18;12;27;48;90;58;74;149;156;152;148;99;63;39;13;9;37;41;45;10;12;9;0;19;65;101;27;138;836;115;132;31
201812;07050506;07;05;05;06;2;233;103;130;3;3;4;0;0;3;0;0;3;0;0;0;10;18;3;16;21;31;21;28;25;12;3;10;3;3;0;10;3;0;0;0;3;7;6;0;28;145;25;16;3
201812;07060601;07;06;06;01;2;2325;1250;1075;27;25;41;73;26;51;27;74;67;63;41;94;81;165;110;138;206;216;207;144;146;89;36;33;24;33;52;18;12;0;3;3;27;165;323;94;246;1167;158;127;18
201812;07060602;07;06;06;02;2;464;235;229;3;3;7;6;3;3;0;9;0;3;3;4;14;9;24;27;62;40;31;59;36;39;18;0;6;19;21;3;9;0;3;0;3;19;18;4;23;279;57;49;12
201812;07060603;07;06;06;03;2;484;237;247;3;0;7;12;6;6;0;10;10;12;0;19;18;34;9;22;32;39;67;56;34;19;18;7;12;6;10;6;6;4;0;0;3;25;38;19;52;259;44;34;10
201812;07060604;07;06;06;04;2;2147;1080;1067;21;15;27;34;16;12;19;30;33;32;10;37;61;131;72;109;250;245;248;203;136;117;40;31;28;51;52;35;30;19;0;3;21;92;136;37;192;1263;188;166;52
201812;07070701;07;07;07;01;2;1027;508;519;12;6;14;19;0;6;3;15;10;3;6;28;43;75;32;62;90;131;106;88;76;44;9;27;27;21;43;19;12;0;0;0;12;39;43;28;118;585;80;110;12
201812;07070702;07;07;07;02;2;894;446;448;3;9;9;15;3;6;4;7;13;12;6;6;22;64;33;45;98;88;87;87;60;63;27;34;9;21;30;15;9;6;3;0;3;36;48;6;86;498;124;75;18
201812;07070703;07;07;07;03;2;889;412;477;7;0;6;12;9;12;7;13;19;12;3;21;25;40;21;38;75;81;77;91;82;54;40;13;19;33;40;24;9;6;0;0;7;27;66;21;65;465;107;116;15
201812;07070704;07;07;07;04;2;1884;981;903;29;27;31;56;30;24;30;68;71;72;35;83;94;97;58;85;167;174;185;109;126;84;33;18;15;25;36;13;6;3;0;0;29;144;300;83;191;904;135;89;9
201812;07070705;07;07;07;05;2;547;263;284;3;0;3;0;9;0;0;6;3;12;0;16;22;36;27;19;68;49;61;45;65;24;15;6;9;19;9;9;9;0;3;0;3;12;21;16;58;334;45;46;12
201812;07070706;07;07;07;06;2;485;272;213;6;10;13;20;9;9;0;20;9;9;3;9;10;42;21;47;41;48;40;37;15;30;13;3;3;3;3;3;6;3;0;0;6;52;50;9;52;249;46;12;9
201812;07070707;07;07;07;07;2;241;92;149;3;9;0;0;6;3;3;6;3;3;3;6;0;10;6;13;29;22;23;18;19;13;12;3;3;0;6;9;0;7;0;3;3;15;21;6;10;130;28;18;10
201812;08010115;08;01;01;15;1;231;142;89;3;0;0;0;6;0;0;3;0;0;0;0;0;9;9;27;43;35;12;19;19;16;3;3;9;3;3;3;6;0;0;0;3;6;3;0;9;164;22;18;6
201812;08010116;08;01;01;16;1;1429;786;643;7;6;9;13;3;0;3;12;9;6;3;10;34;72;68;152;220;166;158;111;90;76;29;21;15;31;42;30;21;9;3;0;7;31;33;10;106;965;126;118;33
201812;08010117;08;01;01;17;1;5556;2984;2572;9;25;27;30;18;19;19;51;30;29;15;66;92;296;292;618;1051;772;521;398;313;219;126;59;66;104;131;95;44;12;6;3;9;100;163;66;388;3965;404;396;65
201812;08010118;08;01;01;18;1;4426;2354;2072;31;28;30;63;29;37;24;63;54;67;16;65;104;268;204;458;609;535;420;354;312;224;94;42;36;65;87;58;40;3;3;3;31;150;261;65;372;2892;360;246;49
201812;08010211;08;01;02;11;1;3959;2116;1843;18;12;24;40;12;18;25;32;36;31;22;31;64;223;209;410;664;492;309;298;266;229;95;57;36;53;100;80;49;18;6;0;18;88;164;31;287;2648;381;269;73
201812;08010212;08;01;02;12;1;2565;1297;1268;3;15;19;25;6;10;13;19;27;24;10;45;76;103;68;184;305;290;258;249;201;147;73;48;46;77;84;84;37;16;3;0;3;65;103;45;179;1555;268;291;56
201812;08010213;08;01;02;13;1;4363;2290;2073;27;28;26;59;27;24;25;35;35;22;13;55;132;268;211;441;679;522;382;350;284;199;95;47;39;85;112;90;36;9;3;3;27;140;154;55;400;2869;341;326;51
201812;08010214;08;01;02;14;1;3050;1578;1472;12;15;12;37;25;21;12;39;15;45;15;49;87;198;150;310;433;315;270;246;233;166;86;39;44;46;54;31;27;18;0;0;12;89;147;49;285;1957;291;175;45
201812;08010301;08;01;03;01;1;8748;4551;4197;24;22;30;73;27;25;29;43;41;43;21;45;126;448;448;879;1640;1365;906;633;534;395;148;95;96;150;222;128;88;18;6;0;24;152;202;45;574;6405;638;596;112
201812;08010302;08;01;03;02;1;818;419;399;4;3;3;0;0;0;0;6;12;12;6;6;22;46;46;67;118;86;84;76;55;43;27;12;13;28;21;15;7;0;0;0;4;6;36;6;68;532;82;77;7
201812;08010303;08;01;03;03;1;3373;1800;1573;12;20;18;27;16;21;15;32;29;24;20;28;80;183;135;320;593;474;303;257;204;159;87;42;39;69;67;59;34;6;0;0;12;81;141;28;263;2286;288;234;40
201812;08010404;08;01;04;04;1;8166;4380;3786;54;46;47;88;42;44;52;82;61;75;30;116;172;467;430;788;1350;983;785;590;496;381;161;117;106;138;217;133;78;24;6;7;54;223;344;116;639;5422;659;594;115
201812;08010405;08;01;04;05;1;2792;1456;1336;16;14;18;30;16;13;12;24;37;23;15;52;56;162;152;257;510;411;223;231;144;122;55;39;25;25;49;31;12;9;6;3;16;78;124;52;218;1928;216;130;30
201812;08010406;08;01;04;06;1;2792;1502;1290;33;37;34;82;39;37;28;51;51;44;31;50;78;158;123;255;380;346;269;180;129;110;69;33;30;30;40;21;21;3;0;0;33;192;242;50;236;1682;212;121;24
201812;08010407;08;01;04;07;1;236;127;109;0;0;0;0;0;0;0;0;3;0;0;3;6;15;15;30;54;34;10;20;16;6;0;3;0;3;0;15;0;3;0;0;0;0;3;3;21;179;9;18;3
201812;08010508;08;01;05;08;1;2002;1038;964;13;17;19;38;11;6;15;29;28;28;9;22;65;134;91;155;263;186;173;177;176;120;44;25;13;42;38;44;15;3;3;0;13;85;115;22;199;1221;189;137;21
201812;08010509;08;01;05;09;1;2793;1460;1333;12;19;12;31;22;29;29;44;31;34;12;40;86;127;94;167;342;309;311;284;270;146;54;30;37;47;56;64;42;9;0;3;12;84;179;40;213;1777;230;204;54
201812;08010510;08;01;05;10;1;260;162;98;3;6;0;9;0;0;3;3;11;0;4;9;12;17;16;13;36;40;15;18;21;15;6;0;0;0;0;3;0;0;0;0;3;15;21;9;29;159;21;3;0
201812;08020619;08;02;06;19;2;4027;2257;1770;46;52;40;96;43;49;49;98;69;91;38;96;157;296;199;325;455;412;346;307;267;153;81;22;34;41;63;63;15;16;4;4;46;231;394;96;453;2311;256;201;39
201812;08020620;08;02;06;20;2;2033;1061;972;15;10;9;24;6;15;3;24;26;12;0;46;59;111;94;148;259;236;213;191;156;117;58;36;18;33;42;40;24;8;0;0;15;49;80;46;170;1297;211;133;32
201812;08020621;08;02;06;21;2;191;95;96;0;0;0;3;0;7;0;0;0;0;0;0;0;13;6;6;18;18;6;24;15;18;12;6;3;6;12;6;6;3;3;0;0;3;7;0;13;93;36;27;12
201812;08020622;08;02;06;22;2;1919;973;946;11;9;3;31;15;7;12;20;13;10;12;21;49;105;80;141;283;182;184;166;131;128;51;35;25;45;83;33;16;15;3;0;11;58;74;21;154;1167;214;186;34
201812;08020623;08;02;06;23;2;173;75;98;0;3;3;6;0;0;0;0;3;0;0;3;4;12;3;12;27;6;18;25;12;15;3;0;3;3;6;3;3;0;0;0;0;12;3;3;16;103;18;15;3
201812;08020624;08;02;06;24;2;179;102;77;0;0;0;0;6;0;0;0;0;0;0;3;9;15;0;10;18;7;21;18;24;13;3;4;0;9;16;3;0;0;0;0;0;6;0;3;24;98;20;28;0
201812;08020625;08;02;06;25;2;522;291;231;0;3;7;4;0;3;0;3;7;9;0;6;20;39;39;43;39;48;54;30;57;25;9;7;15;9;9;18;12;4;0;3;0;14;22;6;59;310;41;51;19
201812;08020726;08;02;07;26;2;911;430;481;6;6;12;8;9;3;3;9;9;6;10;9;27;68;22;64;110;93;72;73;79;37;42;27;24;24;15;25;9;6;4;0;6;35;40;9;95;513;106;88;19
201812;08020727;08;02;07;27;2;1769;983;786;16;15;18;27;12;10;18;30;37;33;15;55;68;147;88;126;174;174;171;151;119;76;39;15;21;22;43;28;18;3;0;0;16;72;143;55;215;1003;130;114;21
201812;08020728;08;02;07;28;2;1999;1062;937;15;27;24;29;15;12;18;24;31;35;12;50;84;177;109;172;221;189;184;171;118;82;30;33;12;19;51;18;25;9;3;0;15;95;132;50;261;1164;145;100;37
201812;08030829;08;03;08;29;2;2558;1302;1256;9;17;22;36;18;16;13;28;34;18;9;54;65;121;92;152;289;252;245;255;218;165;96;49;58;39;69;69;30;14;6;0;9;93;118;54;186;1503;310;235;50
201812;08030830;08;03;08;30;2;1201;604;597;3;11;7;4;4;0;6;12;9;0;3;15;24;58;38;79;147;139;111;119;124;76;42;25;18;21;49;39;6;12;0;0;3;26;30;15;82;757;143;127;18
201812;08030831;08;03;08;31;2;3652;1830;1822;32;18;19;27;18;22;21;33;54;53;27;60;90;197;132;223;361;350;418;378;310;237;103;58;60;65;118;85;56;24;3;0;32;82;210;60;287;2172;398;328;83
201812;08040932;08;04;09;32;2;390;180;210;3;6;3;13;6;12;6;10;9;6;6;10;9;15;12;24;41;43;41;42;21;15;9;6;3;7;0;9;3;0;0;0;3;28;49;10;24;224;30;19;3
201812;08040933;08;04;09;33;2;578;297;281;6;6;6;3;0;7;0;6;0;3;3;3;27;36;25;21;54;61;61;63;48;42;12;12;9;18;12;12;16;3;3;0;6;15;19;3;63;333;66;51;22
201812;08040934;08;04;09;34;2;344;167;177;0;0;0;3;0;3;0;3;6;0;6;12;12;21;15;31;30;42;22;30;41;18;13;9;3;9;6;0;6;3;0;0;0;3;18;12;33;211;40;18;9
201812;08041035;08;04;10;35;2;1166;611;555;4;12;10;12;6;12;6;9;11;21;9;36;42;70;42;66;105;117;121;124;90;59;30;16;21;29;46;25;12;0;3;0;4;40;68;36;112;665;105;121;15
201812;08041036;08;04;10;36;2;662;329;333;0;0;3;6;7;3;3;6;19;6;6;12;24;33;23;33;64;66;59;52;58;43;15;3;15;9;41;13;25;15;0;0;0;16;43;12;57;355;61;78;40
201812;08041037;08;04;10;37;2;1188;606;582;18;6;12;12;9;13;6;25;21;15;9;19;23;72;60;82;130;115;111;101;86;57;32;25;12;27;41;21;25;0;0;3;18;39;89;19;95;685;114;101;28
201812;08041038;08;04;10;38;2;551;292;259;3;0;0;9;6;0;3;0;0;10;0;3;21;33;24;36;42;52;65;60;48;41;9;9;9;15;12;29;6;0;3;3;3;15;13;3;54;327;59;65;12
201812;08041039;08;04;10;39;2;373;168;205;3;4;0;6;0;0;0;3;3;7;0;9;9;31;6;21;31;52;36;37;39;21;12;7;3;12;6;6;9;0;0;0;3;10;13;9;40;222;40;27;9
201812;08041040;08;04;10;40;2;765;395;370;3;6;3;6;3;9;3;7;12;15;6;15;28;39;15;51;47;97;75;82;74;52;24;6;15;16;12;13;15;13;3;0;3;18;52;15;67;441;82;56;31
201812;09010101;09;01;01;01;2;2393;1267;1126;9;19;16;26;9;18;12;15;15;16;12;25;55;147;128;242;525;330;249;199;116;86;30;15;16;27;12;18;6;0;0;0;9;70;88;25;202;1789;131;73;6
201812;09010102;09;01;01;02;2;9;9;0;0;0;0;0;0;0;0;0;0;0;0;0;0;0;0;6;0;0;3;0;0;0;0;0;0;0;0;0;0;0;0;0;0;0;0;0;0;9;0;0;0
201812;09010201;09;01;02;01;2;402;202;200;0;3;3;9;0;6;3;3;0;0;0;0;9;27;12;40;82;72;55;38;21;13;0;0;6;0;0;0;0;0;0;0;0;15;12;0;36;320;13;6;0
201812;09010202;09;01;02;02;2;763;395;368;15;6;12;15;9;3;6;6;9;0;6;6;15;78;72;102;147;70;40;56;39;15;15;9;0;6;6;0;0;0;0;0;15;42;30;6;93;526;39;12;0
201812;09010301;09;01;03;01;2;1417;768;649;9;9;7;18;6;6;6;15;13;3;6;13;34;97;97;186;293;183;127;80;79;51;30;16;9;12;6;3;3;0;0;0;9;40;49;13;131;1045;97;30;3
201812;09010302;09;01;03;02;2;280;160;120;3;4;0;0;0;0;0;0;6;3;0;6;12;9;12;12;24;24;37;38;27;18;6;3;3;3;9;12;6;3;0;0;3;4;9;6;21;174;27;27;9
201812;09010401;09;01;04;01;2;493;257;236;7;6;3;18;6;9;0;9;3;4;6;12;6;39;30;70;110;48;24;25;22;15;3;0;3;6;3;3;3;0;0;0;7;33;31;12;45;329;18;15;3
201812;09010402;09;01;04;02;2;832;423;409;6;10;13;18;9;0;6;9;9;16;6;15;39;79;55;59;107;78;77;67;39;33;18;10;6;12;15;9;6;3;3;0;6;50;46;15;118;482;61;42;12
201812;09020501;09;02;05;01;2;1640;929;711;16;19;31;43;16;16;15;27;24;30;12;44;76;158;112;221;246;161;108;92;73;42;15;9;10;9;12;0;3;0;0;0;16;109;124;44;234;1013;66;31;3
201812;09020502;09;02;05;02;2;2232;1207;1025;29;28;25;66;23;21;18;40;33;48;19;45;143;250;145;206;272;287;174;119;94;66;33;6;9;9;9;3;9;3;0;0;29;142;179;45;393;1297;105;30;12
201812;09020601;09;02;06;01;2;1996;1138;858;24;33;30;65;24;18;22;50;45;31;21;59;63;255;138;203;297;204;141;107;64;48;9;15;6;9;6;9;0;0;0;0;24;152;187;59;318;1154;72;30;0
201812;09020602;09;02;06;02;2;139;73;66;6;3;3;0;3;0;0;3;0;0;0;0;6;24;3;24;3;12;9;12;6;9;3;0;3;0;7;0;0;0;0;0;6;9;3;0;30;69;12;10;0
201812;09020701;09;02;07;01;2;887;470;417;3;12;10;10;9;6;7;3;4;0;0;3;47;242;100;115;133;105;27;18;12;6;3;3;0;6;3;0;0;0;0;0;3;41;20;3;289;510;12;9;0
201812;09020702;09;02;07;02;2;1876;1016;860;29;39;37;43;27;25;15;43;34;34;18;39;59;171;121;182;301;178;164;109;94;45;21;15;9;3;9;3;6;3;0;0;29;146;169;39;230;1149;81;24;9
201812;09020801;09;02;08;01;2;169;83;86;7;3;0;6;0;4;0;0;3;3;3;0;4;18;15;15;21;21;10;0;12;3;9;3;3;6;0;0;0;0;0;0;7;9;13;0;22;94;15;9;0
201812;09020802;09;02;08;02;2;1037;564;473;9;27;24;49;7;15;18;24;27;9;12;21;24;83;43;75;179;109;76;68;49;52;12;3;3;16;3;0;0;0;0;0;9;107;105;21;107;599;67;22;0
201812;09030901;09;03;09;01;2;796;417;379;0;9;3;12;3;9;3;12;18;13;6;9;22;46;33;68;114;95;99;82;52;24;15;0;3;16;18;6;3;0;3;0;0;27;61;9;68;543;39;43;6
201812;09030902;09;03;09;02;2;406;221;185;9;0;6;15;3;6;3;6;10;6;6;6;15;31;21;21;37;42;43;40;32;16;12;10;6;0;0;4;0;0;0;0;9;24;37;6;46;236;38;10;0
201812;09030903;09;03;09;03;2;691;358;333;9;6;11;28;15;13;15;27;18;22;9;25;34;54;31;36;81;65;56;46;30;24;6;9;3;6;3;6;0;3;0;0;9;60;104;25;88;345;39;18;3
201812;09031001;09;03;10;01;2;1023;606;417;12;12;12;21;6;6;12;15;21;19;7;18;50;105;40;72;108;138;106;77;61;36;27;6;3;3;12;15;3;0;0;0;12;51;80;18;155;602;69;33;3
201812;09031101;09;03;11;01;2;569;327;242;9;9;6;6;6;0;3;12;13;3;6;8;27;64;28;58;88;52;42;39;33;18;9;3;3;6;6;3;3;6;0;0;9;27;37;8;91;340;30;18;9
201812;09031201;09;03;12;01;2;66;31;35;0;0;0;0;0;0;0;6;0;0;0;0;0;6;0;3;7;6;13;7;0;6;6;0;3;3;0;0;0;0;0;0;0;0;6;0;6;36;12;6;0
201812;09031202;09;03;12;02;2;142;58;84;4;3;0;0;0;0;3;9;6;0;3;3;3;6;3;3;12;26;12;18;6;9;3;0;0;3;4;3;0;0;0;0;4;3;21;3;9;80;12;10;0
201812;09041301;09;04;13;01;2;798;497;301;10;12;12;12;12;9;3;18;15;12;6;19;24;82;42;80;80;100;82;45;48;30;12;3;3;6;9;6;0;6;0;0;10;48;63;19;106;477;45;24;6
201812;09041302;09;04;13;02;2;85;45;40;3;0;0;0;0;3;0;0;0;3;3;0;0;6;3;3;12;12;3;13;0;12;3;3;3;0;0;0;0;0;0;0;3;0;9;0;6;46;18;3;0
201812;09041401;09;04;14;01;2;165;81;84;3;6;3;3;0;0;6;0;3;3;3;0;13;7;6;15;18;18;15;6;16;6;3;0;3;3;3;0;0;3;0;0;3;12;15;0;20;94;9;9;3
201812;09041402;09;04;14;02;2;104;47;57;0;9;3;6;3;0;3;0;0;3;0;0;0;9;6;9;19;9;12;3;7;0;0;0;0;3;0;0;0;0;0;0;0;21;6;0;9;65;0;3;0
201812;09041501;09;04;15;01;2;917;487;430;12;13;18;29;24;16;9;42;27;21;6;36;26;49;47;69;90;109;90;69;40;48;6;6;3;0;6;6;0;0;0;0;12;84;121;36;75;514;60;15;0
201812;09041601;09;04;16;01;2;212;103;109;0;0;0;0;0;0;0;0;6;3;0;6;3;10;9;24;21;31;27;12;18;15;3;3;0;3;6;6;0;3;0;3;0;0;9;6;13;142;21;15;6
201812;09051701;09;05;17;01;2;284;193;91;3;6;7;6;3;0;3;0;6;3;3;3;15;48;16;25;37;33;21;19;3;6;3;0;6;3;3;0;0;3;0;0;3;22;15;3;63;154;9;12;3
201812;09051702;09;05;17;02;2;595;312;283;3;10;3;9;6;6;3;9;3;3;3;10;25;41;30;60;68;63;73;48;37;33;12;6;3;6;15;7;0;0;0;0;3;28;27;10;66;379;51;31;0
201812;09051801;09;05;18;01;2;475;266;209;7;6;3;12;6;10;7;4;9;17;0;19;10;35;24;31;42;55;54;36;26;24;13;6;3;0;6;3;7;0;0;0;7;27;47;19;45;268;43;12;7
201812;09051901;09;05;19;01;2;823;421;402;12;9;15;12;6;6;6;3;6;9;3;13;28;56;53;85;164;114;60;49;54;15;15;9;8;6;3;4;0;0;0;0;12;42;33;13;84;579;39;21;0
201812;09052001;09;05;20;01;2;535;289;246;0;6;3;7;6;0;3;9;9;9;3;27;18;37;22;49;71;64;62;42;45;18;9;3;4;0;9;0;0;0;0;0;0;22;33;27;55;355;30;13;0
201812;10010101;10;01;01;01;2;808;388;420;16;18;17;27;12;10;6;23;19;9;12;27;18;56;28;62;104;61;88;64;43;39;12;12;3;6;10;3;3;0;0;0;16;74;79;27;74;450;63;22;3
201812;10010102;10;01;01;02;2;2272;1186;1086;40;29;18;78;25;39;35;65;40;49;37;58;65;131;96;146;254;248;246;168;133;115;54;28;21;21;18;9;0;6;0;0;40;150;265;58;196;1291;197;69;6
201812;10010203;10;01;02;03;2;811;569;242;9;24;15;18;12;10;13;28;21;15;9;25;36;131;71;58;103;64;51;43;24;14;10;4;0;0;0;3;0;0;0;0;9;69;96;25;167;414;28;3;0
201812;10010204;10;01;02;04;2;1230;630;600;31;29;34;37;17;22;24;19;32;24;6;33;49;89;48;94;178;129;119;70;60;39;17;9;3;3;9;3;3;0;0;0;31;117;127;33;138;698;65;18;3
201812;10010205;10;01;02;05;2;687;350;337;3;3;6;33;12;3;12;24;12;16;13;18;25;37;26;58;88;60;67;46;49;40;6;3;15;0;9;0;3;0;0;0;3;54;80;18;62;394;49;24;3
201812;10010206;10;01;02;06;2;2642;1509;1133;36;58;46;91;27;45;36;63;69;41;28;84;98;239;94;202;347;281;205;200;128;100;45;21;13;24;6;3;3;0;6;3;36;222;282;84;337;1457;166;46;12
201812;10010207;10;01;02;07;2;1135;582;553;9;6;18;21;15;12;9;24;15;16;15;31;25;65;46;89;123;116;122;97;106;60;34;15;9;13;9;0;6;6;3;0;9;60;91;31;90;699;109;31;15
201812;10010308;10;01;03;08;2;362;227;135;0;3;6;0;6;3;0;3;6;3;0;10;21;30;16;32;47;40;36;27;30;21;10;3;3;0;0;3;3;0;0;0;0;15;15;10;51;228;34;6;3
201812;10010309;10;01;03;09;2;1392;724;668;6;19;12;27;13;12;12;25;18;15;9;42;37;62;68;106;183;160;146;151;86;97;33;14;12;9;9;3;3;3;0;0;6;71;91;42;99;900;144;33;6
201812;10010310;10;01;03;10;2;1938;1054;884;23;28;28;61;25;9;21;45;40;37;15;42;66;158;125;140;252;176;160;180;103;78;39;23;9;21;12;18;4;0;0;0;23;142;167;42;224;1136;140;60;4
201812;10010311;10;01;03;11;2;188;88;100;3;3;0;3;3;3;3;3;6;6;3;9;6;3;0;9;25;28;25;9;9;13;0;0;3;3;6;4;0;0;0;0;3;9;24;9;9;105;13;16;0
201812;10020412;10;02;04;12;2;1100;536;564;15;39;24;53;18;19;24;31;24;25;6;37;27;48;46;74;129;117;101;87;60;39;18;15;6;12;0;3;3;0;0;0;15;134;129;37;75;614;72;21;3
201812;10020413;10;02;04;13;2;2250;1176;1074;44;68;64;98;54;48;33;75;66;49;21;62;96;166;86;180;279;236;177;116;99;59;18;19;12;3;15;7;0;0;0;0;44;284;292;62;262;1173;96;37;0
201812;10020414;10;02;04;14;2;292;142;150;9;4;3;6;6;3;0;6;3;6;9;18;6;25;15;22;37;33;15;21;18;12;6;0;0;3;6;0;0;0;0;0;9;19;27;18;31;161;18;9;0
201812;10020415;10;02;04;15;2;1336;713;623;28;21;31;63;31;27;21;31;30;33;12;37;51;95;68;110;169;149;119;66;55;36;25;12;6;6;4;0;0;0;0;0;28;146;154;37;146;736;73;16;0
201812;10020416;10;02;04;16;2;1087;635;452;17;18;19;27;12;6;6;22;12;12;6;15;45;93;58;92;167;106;99;85;63;40;27;10;9;9;6;3;3;0;0;0;17;76;64;15;138;670;77;27;3
201812;10020517;10;02;05;17;2;833;462;371;10;25;24;20;9;20;11;25;26;27;12;26;42;82;36;43;105;80;57;46;38;33;9;6;9;6;3;3;0;0;0;0;10;78;121;26;124;405;48;21;0
201812;10020518;10;02;05;18;2;678;334;344;12;18;20;36;12;6;9;15;24;18;9;24;16;51;36;65;58;63;63;45;39;18;15;3;0;0;3;0;0;0;0;0;12;86;81;24;67;369;36;3;0
201812;10020519;10;02;05;19;2;1226;681;545;18;35;15;50;21;21;24;45;39;21;15;30;40;92;69;110;165;116;105;77;37;39;9;9;12;3;6;3;0;0;0;0;18;121;165;30;132;679;57;24;0
201812;10020620;10;02;06;20;2;275;153;122;3;3;3;6;0;0;16;0;0;9;0;6;9;18;10;24;46;31;21;18;21;16;6;0;6;0;0;3;0;0;0;0;3;12;25;6;27;171;22;9;0
201812;10020621;10;02;06;21;2;767;357;410;12;21;16;27;7;7;9;21;25;18;12;16;30;62;28;84;92;77;66;45;33;34;3;4;3;6;6;3;0;0;0;0;12;71;92;16;92;425;41;18;0
201812;10020622;10;02;06;22;2;521;260;261;9;9;9;10;3;9;6;15;3;18;6;12;15;12;25;54;69;58;56;54;18;15;6;6;6;9;0;6;3;0;0;0;9;31;57;12;27;334;27;21;3
201812;10020623;10;02;06;23;2;344;166;178;6;7;3;6;3;3;3;9;6;3;0;9;9;24;22;21;42;31;34;28;21;21;9;6;0;9;0;3;3;0;3;0;6;19;24;9;33;199;36;12;6
201812;10030724;10;03;07;24;2;876;467;409;0;0;6;0;0;0;0;3;3;4;0;3;48;255;148;145;112;51;18;25;19;9;9;3;0;6;0;6;3;0;0;0;0;6;10;3;303;518;21;12;3
201812;10030725;10;03;07;25;2;795;422;373;13;7;12;27;6;6;9;33;19;12;6;33;39;65;29;57;91;71;68;43;39;64;12;3;3;6;7;6;3;6;0;0;13;52;85;33;104;398;79;22;9
201812;10030726;10;03;07;26;2;416;214;202;7;6;15;27;6;14;7;19;22;15;0;12;15;26;16;15;53;50;31;28;6;6;6;0;7;0;7;0;0;0;0;0;7;54;77;12;41;199;12;14;0
201812;10030727;10;03;07;27;2;380;198;182;0;3;0;0;0;0;3;3;3;6;3;6;10;22;12;45;45;42;56;45;21;22;12;0;6;3;6;0;6;0;0;0;0;3;18;6;32;266;34;15;6
201812;10040828;10;04;08;28;2;307;148;159;7;0;3;3;3;0;0;6;3;0;0;0;10;20;9;25;43;27;34;39;24;27;6;3;3;0;9;3;0;0;0;0;7;9;9;0;30;201;36;15;0
201812;10040829;10;04;08;29;2;252;154;98;6;3;0;6;0;0;6;3;0;6;0;6;12;20;13;21;34;30;25;24;19;6;3;3;3;0;3;0;0;0;0;0;6;9;15;6;32;166;12;6;0
201812;10040830;10;04;08;30;2;166;76;90;3;0;0;0;6;0;3;4;3;0;0;0;12;6;10;9;24;10;3;33;7;6;3;3;0;9;9;3;0;0;0;0;3;6;10;0;18;96;12;21;0
201812;10040931;10;04;09;31;2;338;186;152;3;0;0;0;3;3;0;7;3;6;0;6;6;24;17;27;46;37;49;24;30;19;9;9;0;0;3;3;4;0;0;0;3;3;19;6;30;230;37;6;4
201812;10040932;10;04;09;32;2;222;135;87;3;0;3;6;0;0;0;0;3;0;0;9;3;15;18;16;33;21;30;27;16;13;0;0;0;3;0;0;0;3;0;0;3;9;3;9;18;161;13;3;3
201812;10040933;10;04;09;33;2;396;200;196;6;0;3;10;6;3;6;3;6;0;6;9;21;36;22;19;39;48;56;31;27;21;12;3;0;0;0;3;0;0;0;0;6;19;24;9;57;242;36;3;0
201812;11010101;11;01;01;01;2;49;34;15;3;0;0;0;0;0;0;0;0;0;0;0;0;3;6;6;10;6;3;3;3;6;0;0;0;0;0;0;0;0;0;0;3;0;0;0;3;37;6;0;0
201812;11010102;11;01;01;02;2;54;39;15;0;0;0;0;0;0;0;0;0;0;0;0;0;9;3;6;3;3;12;6;0;6;0;0;3;0;0;0;3;0;0;0;0;0;0;0;9;33;6;3;3
201812;11010103;11;01;01;03;2;290;184;106;3;12;6;12;7;6;3;9;6;9;0;6;4;45;9;33;35;43;18;12;3;6;3;0;0;0;0;0;0;0;0;0;3;37;33;6;49;153;9;0;0
201812;11010204;11;01;02;04;2;1543;770;773;23;37;27;49;27;26;20;43;36;31;15;40;51;106;69;118;182;147;135;111;85;83;34;18;12;6;9;0;3;0;0;0;23;140;171;40;157;847;135;27;3
201812;11010205;11;01;02;05;2;964;495;469;9;21;19;21;13;13;13;24;22;18;9;22;32;52;27;68;109;91;103;96;56;61;22;12;15;6;0;7;0;0;3;0;9;74;99;22;84;550;95;28;3
201812;11010206;11;01;02;06;2;934;472;462;21;21;15;44;15;3;9;29;25;6;6;25;30;85;51;74;112;98;60;75;44;44;6;18;0;9;6;3;0;0;0;0;21;95;78;25;115;514;68;18;0
201812;11010207;11;01;02;07;2;1237;688;549;21;30;31;46;15;9;22;27;24;33;15;26;42;133;68;99;160;123;88;66;49;36;33;15;6;3;6;11;0;0;0;0;21;122;130;26;175;653;84;26;0
201812;11010308;11;01;03;08;2;1919;959;960;38;32;46;84;37;38;25;58;45;41;21;62;52;130;71;121;271;181;133;141;110;106;18;18;15;3;6;10;3;3;0;0;38;199;228;62;182;1028;142;34;6
201812;11010309;11;01;03;09;2;1573;822;751;25;31;22;41;24;26;25;56;36;33;10;39;65;107;82;103;193;144;144;121;89;66;33;6;12;15;9;7;9;0;0;0;25;118;186;39;172;876;105;43;9
201812;11010310;11;01;03;10;2;732;373;359;16;16;15;27;11;15;16;21;25;9;6;18;37;55;38;55;96;62;43;37;31;30;23;9;9;3;6;0;0;3;0;0;16;69;92;18;92;362;62;18;3
201812;11020411;11;02;04;11;2;1871;970;901;36;57;52;70;36;43;36;74;54;49;28;46;62;168;96;148;220;169;151;90;76;43;22;9;3;12;15;3;0;0;3;0;36;215;284;46;230;950;74;33;3
201812;11020412;11;02;04;12;2;866;551;315;13;10;12;9;14;12;9;3;10;12;9;20;40;100;39;88;114;84;73;68;56;30;19;6;10;0;3;0;0;3;0;0;13;45;55;20;140;522;55;13;3
201812;11020513;11;02;05;13;2;624;325;299;6;14;20;31;22;14;16;41;34;21;15;31;32;36;12;45;72;64;32;31;6;13;3;6;0;0;3;0;0;0;4;0;6;87;141;31;68;262;22;3;4
201812;11020514;11;02;05;14;2;1762;1000;762;35;31;17;75;28;41;30;48;56;42;32;56;65;161;96;164;240;152;148;97;68;29;18;6;6;9;3;9;0;0;0;0;35;151;249;56;226;965;53;27;0
201812;11020515;11;02;05;15;2;2233;1098;1135;34;24;38;71;27;37;13;50;32;34;9;82;94;160;100;175;297;197;210;178;150;111;45;19;15;10;15;3;3;0;0;0;34;160;175;82;254;1307;175;43;3
201812;11020516;11;02;05;16;2;316;165;151;3;3;9;6;3;3;4;3;12;9;3;3;10;27;15;27;61;24;27;24;19;12;9;0;0;0;0;0;0;0;0;0;3;21;34;3;37;197;21;0;0
201812;11030617;11;03;06;17;2;1418;748;670;16;17;19;30;27;30;18;34;27;19;9;50;60;139;73;141;188;145;95;107;71;48;28;12;6;0;3;3;0;3;0;0;16;93;137;50;199;820;88;12;3
201812;11030618;11;03;06;18;2;2691;1406;1285;28;12;13;31;12;15;6;12;27;31;15;52;164;378;209;376;377;238;198;138;135;106;31;7;15;18;20;15;6;6;0;0;28;68;106;52;542;1671;144;68;12
201812;11030619;11;03;06;19;2;2060;1062;998;21;24;22;52;18;23;16;33;29;18;7;30;61;166;116;200;322;234;166;156;124;88;54;21;16;9;18;6;7;3;0;0;21;116;126;30;227;1318;163;49;10
201812;11030720;11;03;07;20;2;3185;2203;982;13;21;10;42;21;21;12;25;28;21;12;30;191;505;252;341;430;329;247;201;187;130;47;9;15;24;12;3;3;3;0;0;13;94;119;30;696;1987;186;54;6
201812;11030721;11;03;07;21;2;4529;2596;1933;41;44;62;71;39;27;42;57;67;65;27;116;201;481;295;446;621;513;333;336;214;198;106;39;20;26;18;12;9;3;0;0;41;216;285;116;682;2758;343;76;12
201812;11030824;11;03;08;24;2;2241;1196;1045;25;19;30;34;12;12;16;47;20;24;13;51;86;300;178;280;319;193;163;127;96;95;36;16;9;9;9;9;7;3;3;0;25;95;132;51;386;1356;147;36;13
201812;11040925;11;04;09;25;2;624;330;294;4;3;6;6;6;0;3;0;0;6;0;12;19;45;43;77;126;97;52;44;36;21;6;0;0;3;6;3;0;0;0;0;4;21;9;12;64;475;27;12;0
201812;11040926;11;04;09;26;2;4288;2295;1993;54;43;48;83;32;36;40;61;50;48;12;81;151;383;304;500;737;490;338;278;159;163;58;39;33;21;30;10;6;0;0;0;54;206;247;81;534;2806;260;94;6
201812;11041022;11;04;10;22;2;1345;826;519;15;6;3;36;15;15;6;24;18;25;12;24;46;176;101;148;223;115;93;69;57;52;21;21;6;6;9;3;0;0;0;0;15;60;100;24;222;806;94;24;0
201812;11041023;11;04;10;23;2;1293;650;643;20;27;23;30;9;12;9;40;13;27;9;33;42;88;58;139;192;115;126;99;55;56;23;9;18;12;3;0;6;0;0;0;20;89;110;33;130;784;88;33;6
201812;11041027;11;04;10;27;2;498;264;234;0;6;6;12;9;3;6;12;24;15;0;10;24;46;31;51;53;57;44;24;22;15;6;10;3;6;0;0;0;3;0;0;0;33;60;10;70;282;31;9;3
201812;11041128;11;04;11;28;2;3611;1781;1830;49;52;45;67;31;34;34;52;40;36;22;62;143;419;265;404;455;350;258;232;183;156;61;40;25;27;39;12;12;6;0;0;49;195;218;62;562;2147;257;103;18
201812;11051229;11;05;12;29;2;510;258;252;12;9;9;12;6;6;3;0;10;0;6;19;18;45;27;50;72;66;45;24;28;25;6;0;0;0;6;3;0;3;0;0;12;36;25;19;63;312;31;9;3
201812;11051330;11;05;13;30;2;1339;825;514;9;3;9;18;12;9;6;0;6;6;0;10;37;267;209;240;202;120;73;42;27;9;3;3;3;3;3;10;0;0;0;0;9;42;27;10;304;913;15;19;0
201812;11051331;11;05;13;31;2;629;325;304;6;9;0;9;3;3;3;9;12;3;3;12;15;54;24;77;89;64;75;46;30;27;15;3;4;9;16;6;3;0;0;0;6;21;33;12;69;405;45;35;3
201812;11051332;11;05;13;32;2;443;222;221;3;3;0;7;0;0;6;6;3;6;3;6;13;42;36;60;56;48;28;43;36;13;6;13;0;3;3;0;0;0;0;0;3;10;24;6;55;307;32;6;0
201812;12103115;12;10;31;15;2;1853;978;875;6;10;18;15;16;12;6;27;15;24;15;27;57;147;73;136;255;200;152;178;131;93;48;24;27;36;54;38;7;6;0;0;6;59;99;27;204;1125;165;155;13
201812;12103116;12;10;31;16;2;2782;1494;1288;21;27;21;64;27;24;18;42;51;54;16;61;71;209;145;226;352;297;257;232;174;155;52;24;27;49;42;26;18;0;0;0;21;139;205;61;280;1683;231;144;18
201812;12103117;12;10;31;17;2;3473;1902;1571;35;40;36;59;21;31;31;49;39;53;23;91;119;211;159;284;433;376;333;265;215;179;89;72;34;52;65;37;33;9;0;0;35;156;226;91;330;2065;340;188;42
201812;12103218;12;10;32;18;2;3294;1717;1577;25;12;24;45;19;30;22;37;32;39;16;50;134;309;205;301;391;328;258;270;244;157;74;30;28;47;85;46;21;12;3;0;25;100;176;50;443;1997;261;206;36
201812;12103219;12;10;32;19;2;2100;1126;974;18;18;22;37;9;12;18;15;31;22;15;21;63;140;99;170;288;204;219;171;156;88;54;30;19;33;47;47;25;3;3;3;18;86;113;21;203;1307;172;146;34
201812;12103220;12;10;32;20;2;713;359;354;3;16;6;6;6;9;6;9;6;6;3;18;18;39;13;30;105;84;67;68;54;34;22;12;9;21;18;9;10;3;3;0;3;34;39;18;57;421;68;57;16
201812;12214125;12;21;41;25;2;1227;781;446;3;12;9;21;6;6;16;15;16;18;9;23;31;64;64;88;131;168;150;101;86;54;18;16;6;36;39;15;6;0;0;0;3;48;80;23;95;788;88;96;6
201812;12214126;12;21;41;26;2;1636;848;788;16;16;18;24;13;15;12;28;27;19;15;41;57;136;65;139;163;151;151;155;103;78;33;27;24;31;37;30;9;3;0;0;16;71;116;41;193;927;138;122;12
201812;12214421;12;21;44;21;2;623;346;277;6;3;6;15;0;6;0;14;3;6;6;15;30;49;37;42;77;58;56;61;45;34;15;6;6;12;3;6;3;0;3;0;6;24;35;15;79;376;55;27;6
201812;12214422;12;21;44;22;2;2734;1443;1291;31;40;23;82;25;28;28;75;77;59;34;60;111;201;112;166;263;241;234;231;188;118;82;37;18;51;51;37;22;6;3;0;31;170;301;60;312;1435;237;157;31
201812;12214423;12;21;44;23;2;1184;623;561;6;15;3;28;9;12;13;12;9;15;4;22;22;79;43;95;162;118;99;93;104;71;24;24;16;28;27;16;15;0;0;0;6;55;65;22;101;714;119;87;15
201812;12214424;12;21;44;24;2;3376;1856;1520;27;31;34;84;42;28;21;73;56;65;31;87;116;228;127;232;386;352;326;288;248;162;84;37;30;58;72;37;11;0;0;3;27;191;274;87;344;1959;283;197;14
201812;12214527;12;21;45;27;2;1353;691;662;15;9;15;15;6;3;12;13;12;15;6;21;32;99;48;99;159;136;112;138;92;55;57;24;13;31;48;25;24;13;3;3;15;45;61;21;131;784;136;117;43
201812;12214528;12;21;45;28;2;65;41;24;0;0;0;0;0;0;0;0;0;3;0;22;12;6;3;3;0;0;0;0;6;3;0;0;0;3;0;4;0;0;0;0;0;0;3;22;18;12;3;7;0
201812;12224229;12;22;42;29;2;322;157;165;0;0;0;0;0;3;0;0;3;0;3;30;26;9;6;9;27;25;45;27;28;16;12;10;3;0;19;9;6;3;3;0;0;0;9;30;35;167;38;31;12
201812;12224230;12;22;42;30;2;962;471;491;3;6;9;12;3;9;3;13;10;9;10;28;23;57;44;59;75;73;99;85;63;64;21;32;29;27;34;34;13;9;6;0;3;30;54;28;80;498;117;124;28
201812;12231101;12;23;11;01;2;1096;565;531;13;6;0;12;6;6;6;6;15;21;12;21;40;63;48;53;122;82;97;114;88;70;34;18;22;33;49;12;9;9;3;6;13;24;66;21;103;604;122;116;27
201812;12231102;12;23;11;02;2;890;397;493;0;3;3;3;6;4;9;18;12;7;6;10;15;49;33;54;74;93;84;82;68;66;24;29;15;26;39;31;16;11;0;0;0;15;56;10;64;488;119;111;27
201812;12301203;12;30;12;03;2;2829;1566;1263;26;31;58;91;39;38;34;67;70;39;22;57;128;215;131;213;271;294;220;211;172;114;55;37;22;48;56;46;15;6;3;0;26;219;270;57;343;1512;206;172;24
201812;12301204;12;30;12;04;2;634;314;320;3;3;9;9;6;9;6;15;0;9;9;21;27;42;21;27;61;57;56;51;51;48;15;12;3;12;22;21;0;6;0;3;3;27;48;21;69;324;75;58;9
201812;12301205;12;30;12;05;2;409;227;182;0;0;3;15;6;3;0;3;3;0;0;12;9;33;15;30;51;28;37;60;37;18;3;3;7;9;9;9;0;3;3;0;0;24;9;12;42;258;24;34;6
201812;12301206;12;30;12;06;2;299;162;137;3;0;3;3;3;0;3;3;0;9;0;9;12;12;3;12;18;31;36;27;18;29;12;9;6;3;23;9;3;0;0;0;3;9;15;9;24;145;50;41;3
201812;12302107;12;30;21;07;2;554;274;280;3;9;3;6;0;0;3;10;9;0;3;14;21;28;27;28;62;47;63;45;54;44;12;9;9;10;10;13;12;0;0;0;3;18;25;14;49;326;65;42;12
201812;12302108;12;30;21;08;2;2938;1432;1506;15;27;34;63;51;18;28;67;68;81;35;98;114;164;97;172;299;302;318;304;186;140;44;33;30;45;52;37;16;0;0;0;15;175;297;98;278;1678;217;164;16
201812;12302109;12;30;21;09;2;2965;1404;1561;27;26;31;56;37;41;36;67;80;74;31;112;114;153;100;183;312;326;290;277;180;165;63;31;29;28;48;21;15;9;3;0;27;150;329;112;267;1668;259;126;27
201812;12302110;12;30;21;10;2;3014;1564;1450;42;26;34;84;37;65;44;95;83;77;26;105;125;181;111;163;279;300;297;284;211;94;66;31;18;40;42;32;13;9;0;0;42;181;390;105;306;1645;191;132;22
201812;12302211;12;30;22;11;2;420;212;208;3;0;3;3;0;0;0;7;6;10;0;22;18;18;19;24;46;22;29;58;37;19;16;12;6;9;6;6;21;0;0;0;3;6;23;22;36;235;47;27;21
201812;12302212;12;30;22;12;2;1778;923;855;37;37;22;62;24;39;35;67;56;65;27;55;80;116;56;103;173;187;150;123;98;61;24;12;9;24;12;9;6;3;3;3;37;145;289;55;196;890;97;54;15
201812;12304313;12;30;43;13;2;1009;523;486;15;12;12;6;7;9;9;24;16;15;4;22;31;73;50;77;110;115;90;74;73;40;35;18;12;15;24;12;6;0;0;3;15;37;77;22;104;589;93;63;9
201812;12304314;12;30;43;14;2;685;342;343;3;7;3;6;0;6;3;10;7;9;0;13;19;48;25;38;80;78;51;67;33;43;15;16;15;16;28;28;15;3;0;0;3;16;35;13;67;372;74;87;18
