"ZEIT";"RAUMID";"BEZ";"PGR";"BZR";"PLR";"E_A";"E_AM";"E_AW";"E_A00_01";"E_A01_02";"E_A02_03";"E_A03_05";"E_A05_06";"E_A06_07";"E_A07_08";"E_A08_10";"E_A10_12";"E_A12_14";"E_A14_15";"E_A15_18";"E_A18_21";"E_A21_25";"E_A25_27";"E_A27_30";"E_A30_35";"E_A35_40";"E_A40_45";"E_A45_50";"E_A50_55";"E_A55_60";"E_A60_63";"E_A63_65";"E_A65_67";"E_A67_70";"E_A70_75";"E_A75_80";"E_A80_85";"E_A85_90";"E_A90_95";"E_A95_110";"E_AU1";"E_A1U6";"E_A6U15";"E_A15U18";"E_A18U25";"E_A25U55";"E_A55U65";"E_A65U80";"E_A80U110"
"202512";"01100101";"01";"10";"01";"01";1482;789;693;3;3;6;6;3;3;3;7;14;10;6;12;40;145;105;154;242;170;107;108;101;48;38;15;24;36;13;26;9;21;0;4;3;18;43;12;185;987;101;99;34
"202512";"01100102";"01";"10";"01";"02";1102;583;519;3;15;0;10;10;0;4;10;16;12;7;13;16;68;25;78;170;161;120;75;68;72;38;9;24;23;35;7;10;3;0;0;3;35;49;13;84;697;119;89;13
"202512";"01100103";"01";"10";"01";"03";2146;1108;1038;12;3;0;18;3;12;13;22;10;10;9;27;36;116;103;199;326;282;207;147;130;112;55;51;35;38;65;46;19;27;9;4;12;24;76;27;152;1394;218;184;59
"202512";"01100104";"01";"10";"01";"04";2030;1050;980;6;16;12;36;18;15;12;22;22;15;16;29;46;161;104;202;298;267;165;151;108;74;67;42;32;19;18;18;18;12;6;3;6;82;102;29;207;1295;183;87;39
"202512";"01100205";"01";"10";"02";"05";1500;824;676;7;10;0;16;6;14;6;19;20;21;6;25;39;98;83;165;270;187;144;67;67;65;31;15;24;15;32;15;18;12;3;0;7;32;86;25;137;983;111;86;33
"202512";"01100206";"01";"10";"02";"06";635;324;311;3;4;3;6;3;0;7;3;0;7;6;3;17;34;21;41;90;85;81;65;51;39;6;18;9;12;3;9;6;0;0;3;3;16;23;3;51;434;63;33;9
"202512";"01100207";"01";"10";"02";"07";3173;1579;1594;14;15;13;30;26;30;16;45;40;33;21;33;83;189;125;234;514;487;326;215;178;155;65;41;43;60;55;44;24;13;3;3;14;84;185;33;272;2079;261;202;43
"202512";"01100308";"01";"10";"03";"08";2443;1230;1213;6;9;22;23;13;3;19;12;18;31;3;22;52;161;131;221;444;435;256;180;124;84;36;31;21;10;40;24;9;3;0;0;6;67;86;22;213;1791;151;95;12
"202512";"01100309";"01";"10";"03";"09";3583;1791;1792;7;23;16;43;16;15;15;41;26;23;18;48;60;167;151;283;611;574;439;326;233;181;70;52;22;25;49;34;6;3;3;3;7;98;138;48;227;2617;303;130;15
"202512";"01100310";"01";"10";"03";"10";3842;2031;1811;9;9;21;41;22;32;24;39;38;33;9;46;114;203;199;366;704;584;435;228;194;155;99;45;34;64;56;30;0;3;6;0;9;93;175;46;317;2710;299;184;9
"202512";"01100311";"01";"10";"03";"11";3497;1734;1763;15;18;27;54;18;16;23;41;40;46;15;74;102;411;235;290;512;447;293;227;161;141;65;39;39;42;52;19;11;17;4;3;15;117;181;74;513;2165;245;152;35
"202512";"01100312";"01";"10";"03";"12";3622;1927;1695;19;26;21;49;17;24;27;40;42;33;23;29;75;196;148;279;607;591;417;233;221;187;66;41;27;43;60;45;33;3;0;0;19;113;189;29;271;2496;294;175;36
"202512";"01100313";"01";"10";"03";"13";4187;2130;2057;12;12;18;36;15;16;12;33;30;18;9;32;223;551;297;527;636;531;355;271;140;129;75;37;30;38;43;26;22;9;4;0;12;81;118;32;774;2757;241;137;35
"202512";"01100414";"01";"10";"04";"14";2306;1173;1133;6;31;36;42;28;22;25;49;45;42;19;39;67;91;98;153;464;443;270;124;87;53;12;12;10;16;16;3;3;0;0;0;6;137;202;39;158;1639;77;45;3
"202512";"01100415";"01";"10";"04";"15";4122;2059;2063;16;18;16;41;26;22;18;50;33;49;27;66;124;260;184;347;706;667;447;338;240;177;60;34;21;52;30;38;6;9;0;0;16;101;199;66;384;2929;271;141;15
"202512";"01100416";"01";"10";"04";"16";3911;1925;1986;22;9;29;34;12;19;14;46;37;21;12;48;60;185;140;372;648;684;504;350;254;161;69;33;24;33;47;27;7;6;4;0;22;84;149;48;245;2952;263;131;17
"202512";"01200517";"01";"20";"05";"17";1811;1060;751;0;12;9;21;10;16;15;9;20;26;14;55;70;158;108;167;295;205;150;92;79;73;50;27;10;21;37;27;20;12;3;0;0;52;100;55;228;1096;150;95;35
"202512";"01200518";"01";"20";"05";"18";3334;1852;1482;7;6;23;31;16;16;15;26;27;31;18;41;141;336;201;312;504;360;245;200;190;184;88;55;53;40;66;51;31;10;7;3;7;76;133;41;477;2012;327;210;51
"202512";"01200519";"01";"20";"05";"19";3797;2106;1691;13;12;20;31;3;6;17;44;28;38;29;54;114;221;183;346;558;486;334;280;235;184;93;76;31;82;90;87;64;35;0;3;13;66;162;54;335;2422;353;290;102
"202512";"01200520";"01";"20";"05";"20";3132;1678;1454;9;3;7;10;7;16;10;28;13;18;6;38;85;244;151;346;503;352;228;210;187;163;105;58;56;64;79;64;57;9;3;3;9;27;91;38;329;1977;326;263;72
"202512";"01200521";"01";"20";"05";"21";2028;1094;934;7;9;18;26;11;13;6;30;28;17;9;50;58;106;92;171;269;215;152;159;127;145;65;40;27;40;43;47;22;19;7;0;7;64;103;50;164;1185;250;157;48
"202512";"01200522";"01";"20";"05";"22";2601;1317;1284;10;22;12;24;15;21;4;21;13;19;3;33;74;134;129;212;402;346;214;182;164;121;80;47;28;52;84;70;47;12;6;0;10;73;81;33;208;1649;248;234;65
"202512";"01200623";"01";"20";"06";"23";3709;1978;1731;6;7;15;48;13;6;16;30;26;26;19;62;110;214;170;363;598;496;287;269;243;204;118;44;47;47;74;79;28;32;12;0;6;83;123;62;324;2426;366;247;72
"202512";"01200624";"01";"20";"06";"24";3851;2101;1750;37;23;31;62;7;25;26;36;40;18;10;21;119;273;217;433;841;722;345;190;135;80;32;12;21;18;24;25;12;13;0;3;37;123;155;21;392;2883;124;88;28
"202512";"01200625";"01";"20";"06";"25";2260;1126;1134;15;9;9;10;9;13;12;12;36;29;6;44;55;107;87;150;277;257;180;167;179;116;101;37;37;51;68;78;64;33;9;3;15;37;108;44;162;1297;254;234;109
"202512";"01200626";"01";"20";"06";"26";1681;893;788;3;6;0;9;6;3;7;9;12;18;0;14;40;96;52;176;279;224;169;116;113;88;31;30;34;19;43;38;21;22;3;0;3;21;49;14;136;1129;149;134;46
"202512";"01200627";"01";"20";"06";"27";1121;546;575;7;10;10;10;19;16;15;42;21;15;21;37;26;46;35;56;110;127;90;96;75;62;43;22;27;13;21;19;19;11;0;0;7;49;130;37;72;589;127;80;30
"202512";"01200628";"01";"20";"06";"28";885;440;445;6;6;6;13;0;3;0;12;7;3;6;0;16;46;47;69;162;117;93;68;42;40;24;3;6;21;32;19;6;6;3;3;6;25;31;0;62;598;67;78;18
"202512";"01200629";"01";"20";"06";"29";2087;1116;971;0;3;7;15;6;3;9;10;13;15;6;12;69;247;167;262;388;249;151;98;71;75;41;24;24;12;46;39;16;3;6;0;0;31;56;12;316;1386;140;121;25
"202512";"01300730";"01";"30";"07";"30";3915;2081;1834;6;37;33;68;34;32;38;71;61;70;34;97;131;231;161;265;442;411;293;323;289;230;121;76;39;70;82;75;57;34;0;4;6;172;306;97;362;2184;427;266;95
"202512";"01300731";"01";"30";"07";"31";3700;2047;1653;9;19;27;43;24;21;25;58;50;44;34;70;110;238;198;327;476;449;329;247;229;227;94;70;46;53;71;54;37;11;7;3;9;113;232;70;348;2255;391;224;58
"202512";"01300732";"01";"30";"07";"32";3940;2096;1844;19;16;19;46;40;30;27;58;62;63;28;83;122;223;135;268;496;447;356;335;286;225;139;61;55;68;78;62;41;46;6;0;19;121;268;83;345;2323;425;263;93
"202512";"01300733";"01";"30";"07";"33";4506;2410;2096;10;15;30;27;24;35;28;50;38;59;25;81;149;221;186;278;549;496;411;377;424;306;127;73;72;88;113;103;68;40;3;0;10;96;235;81;370;2721;506;376;111
"202512";"01300834";"01";"30";"08";"34";4409;2168;2241;8;18;23;43;22;20;19;53;49;44;23;67;83;145;135;214;531;527;442;408;378;304;191;90;83;94;139;116;79;46;15;0;8;106;208;67;228;2635;585;432;140
"202512";"01300835";"01";"30";"08";"35";3572;1788;1784;10;6;3;25;9;18;7;20;24;18;7;34;247;473;197;262;395;337;257;258;210;209;113;70;36;48;94;83;60;33;9;0;10;43;94;34;720;1916;392;261;102
"202512";"01300836";"01";"30";"08";"36";6442;3428;3014;29;40;29;85;58;49;49;85;67;82;37;123;157;364;314;498;889;775;545;497;474;360;207;107;94;101;95;108;67;38;13;6;29;212;369;123;521;3992;674;398;124
"202512";"01400937";"01";"40";"09";"37";3860;2066;1794;20;16;12;62;16;12;13;48;61;29;19;75;115;262;180;317;540;423;319;310;247;200;97;75;66;63;96;86;53;19;6;3;20;106;182;75;377;2336;372;311;81
"202512";"01400938";"01";"40";"09";"38";3457;1902;1555;3;15;18;32;9;15;12;25;18;39;17;38;111;199;163;319;509;432;305;302;218;185;107;45;41;66;82;45;53;25;6;3;3;74;126;38;310;2248;337;234;87
"202512";"01400939";"01";"40";"09";"39";2531;1407;1124;3;26;19;25;9;12;21;32;31;32;13;58;62;197;118;199;313;297;222;187;165;146;84;53;33;34;49;51;33;7;0;0;3;79;141;58;259;1501;283;167;40
"202512";"01400940";"01";"40";"09";"40";1493;721;772;4;3;7;16;11;6;8;12;15;21;4;28;31;62;48;110;205;178;141;128;108;90;77;24;31;27;39;46;6;7;0;0;4;37;66;28;93;918;191;143;13
"202512";"01400941";"01";"40";"09";"41";1106;573;533;3;6;6;9;3;3;9;10;3;15;3;27;31;98;61;82;115;108;117;70;79;56;35;15;27;30;32;24;25;4;0;0;3;24;43;27;129;632;106;113;29
"202512";"01400942";"01";"40";"09";"42";3225;1708;1517;9;13;9;20;22;13;21;34;25;23;15;47;111;231;143;284;529;391;235;234;220;184;93;51;34;40;70;75;34;12;3;0;9;64;131;47;342;2036;328;219;49
"202512";"01401043";"01";"40";"10";"43";3318;1717;1601;0;13;15;39;10;17;22;41;50;37;33;60;100;162;114;228;397;316;263;269;283;253;144;74;49;91;76;84;40;35;0;3;0;77;200;60;262;1870;471;300;78
"202512";"01401044";"01";"40";"10";"44";4625;2544;2081;15;9;18;41;18;16;27;49;48;59;18;116;116;250;191;374;637;527;465;362;338;278;170;70;67;78;87;85;68;16;12;0;15;86;217;116;366;2894;518;317;96
"202512";"01401045";"01";"40";"10";"45";2434;1302;1132;6;6;10;18;27;6;19;28;22;39;14;26;61;137;98;162;322;270;230;222;181;159;85;51;45;45;50;42;34;16;3;0;6;61;128;26;198;1485;295;182;53
"202512";"01401046";"01";"40";"10";"46";3123;1740;1383;6;13;22;22;10;12;12;19;26;24;7;48;156;191;181;310;481;358;279;224;186;161;89;49;40;40;83;47;21;6;0;0;6;67;100;48;347;2019;299;210;27
"202512";"01401047";"01";"40";"10";"47";4181;2344;1837;16;16;15;34;9;22;13;34;35;27;20;64;151;409;292;503;599;478;391;236;228;197;93;48;45;40;64;50;30;19;3;0;16;74;151;64;560;2727;338;199;52
"202512";"01401048";"01";"40";"10";"48";4164;2342;1822;12;15;22;32;24;12;16;30;22;21;3;56;176;459;282;358;562;447;319;288;242;200;116;77;60;66;69;79;52;41;6;0;12;93;104;56;635;2498;393;274;99
"202512";"01401049";"01";"40";"10";"49";2775;1445;1330;9;14;6;28;10;24;16;48;28;44;23;49;88;114;79;185;265;269;192;175;235;224;122;76;63;76;116;95;56;30;13;3;9;58;183;49;202;1400;422;350;102
"202512";"02100101";"02";"10";"01";"01";3585;1906;1679;15;29;18;45;15;15;21;38;56;25;10;61;134;246;182;302;513;482;313;224;212;187;99;63;37;53;71;50;26;28;9;6;15;107;165;61;380;2228;349;211;69
"202512";"02100102";"02";"10";"01";"02";3227;1671;1556;9;15;20;24;16;9;10;38;25;22;12;45;77;190;134;276;362;361;304;222;263;212;139;56;75;52;86;63;56;38;13;3;9;75;116;45;267;1922;407;276;110
"202512";"02100103";"02";"10";"01";"03";1738;880;858;10;13;4;21;13;9;6;19;13;15;9;36;51;78;45;98;215;203;167;135;135;135;73;32;30;27;36;43;31;24;9;3;10;51;71;36;129;998;240;136;67
"202512";"02100104";"02";"10";"01";"04";2132;1132;1000;12;14;16;16;9;15;9;16;9;28;6;23;54;97;82;123;262;197;194;172;205;157;103;45;32;51;59;53;37;23;13;0;12;55;83;23;151;1235;305;195;73
"202512";"02100105";"02";"10";"01";"05";3186;1628;1558;3;12;15;19;10;12;3;15;25;8;6;24;34;82;87;169;377;374;298;309;302;254;163;87;68;102;80;104;87;42;9;6;3;56;69;24;116;1916;504;354;144
"202512";"02100106";"02";"10";"01";"06";1564;808;756;4;7;3;13;4;3;11;16;7;3;12;27;24;51;51;114;162;181;144;154;135;127;65;37;22;38;37;45;31;26;7;3;4;27;52;27;75;941;229;142;67
"202512";"02200207";"02";"20";"02";"07";783;378;405;3;0;9;19;8;4;6;6;12;14;10;26;20;60;23;58;144;116;58;74;39;9;9;6;6;6;15;11;6;3;3;0;3;36;52;26;80;512;24;38;12
"202512";"02200208";"02";"20";"02";"08";1609;803;806;0;3;6;9;10;13;9;12;22;16;6;25;53;72;95;141;220;181;173;100;103;94;51;36;19;38;32;28;18;18;3;3;0;28;78;25;125;1013;181;117;42
"202512";"02200209";"02";"20";"02";"09";2736;1437;1299;6;12;6;18;12;10;14;26;21;17;9;42;56;161;98;230;435;413;285;178;191;152;91;47;21;46;50;49;25;12;0;3;6;48;97;42;217;1830;290;166;40
"202512";"02200210";"02";"20";"02";"10";3510;1822;1688;9;7;10;23;6;22;19;24;22;28;6;46;99;171;118;274;577;549;359;293;204;160;80;65;42;55;80;72;52;26;6;6;9;46;121;46;270;2374;305;249;90
"202512";"02200211";"02";"20";"02";"11";3635;1839;1796;9;6;7;18;6;6;0;19;19;9;7;22;202;194;167;251;504;499;338;247;245;243;123;56;53;68;103;89;74;34;13;4;9;37;60;22;396;2251;422;313;125
"202512";"02200212";"02";"20";"02";"12";2105;1052;1053;0;3;0;6;3;13;3;15;6;6;6;21;15;61;72;154;281;306;220;195;174;169;98;40;34;39;55;51;30;21;0;8;0;12;49;21;76;1402;307;179;59
"202512";"02200213";"02";"20";"02";"13";2824;1463;1361;3;3;3;15;7;3;7;13;23;29;3;27;62;103;110;229;471;416;336;239;169;117;99;33;48;42;78;50;45;29;9;3;3;28;78;27;165;1970;249;218;86
"202512";"02300314";"02";"30";"03";"14";2495;1317;1178;3;0;3;3;6;9;6;4;18;15;3;12;28;92;70;118;279;235;231;258;248;211;120;64;51;64;83;113;91;43;6;8;3;12;55;12;120;1439;395;311;148
"202512";"02300315";"02";"30";"03";"15";2767;1504;1263;10;7;15;10;0;3;9;15;14;9;4;32;69;102;63;167;290;357;285;262;246;179;125;62;62;69;85;89;80;28;16;3;10;32;54;32;171;1670;366;305;127
"202512";"02300316";"02";"30";"03";"16";1224;622;602;6;3;0;6;0;0;3;6;7;3;3;3;26;42;43;62;146;149;136;107;108;68;58;21;33;22;45;46;34;20;18;0;6;9;22;3;68;751;147;146;72
"202512";"02300417";"02";"30";"04";"17";2885;1465;1420;4;9;13;18;12;10;10;34;22;16;9;33;59;107;113;241;341;409;319;245;229;179;93;37;33;44;69;73;52;34;12;6;4;52;101;33;166;1897;309;219;104
"202512";"02300418";"02";"30";"04";"18";2347;1262;1085;0;6;4;15;9;10;7;3;9;3;9;13;39;88;83;211;371;352;265;198;181;140;83;31;22;30;49;44;45;24;0;3;0;34;41;13;127;1661;254;145;72
"202512";"02300419";"02";"30";"04";"19";3495;1906;1589;0;0;6;22;7;3;4;12;9;16;6;20;60;173;131;249;537;503;420;286;231;207;117;57;43;62;72;110;76;32;18;6;0;35;50;20;233;2357;381;287;132
"202512";"02400520";"02";"40";"05";"20";1476;713;763;6;12;12;33;14;6;21;38;16;25;18;19;40;66;61;116;242;217;147;100;71;67;33;17;9;23;33;3;8;0;3;0;6;71;124;19;106;954;117;68;11
"202512";"02400521";"02";"40";"05";"21";2482;1271;1211;9;27;3;53;26;20;17;28;40;19;13;32;53;125;100;211;482;450;288;160;113;81;44;15;15;19;23;6;3;0;7;0;9;109;137;32;178;1804;140;63;10
"202512";"02400522";"02";"40";"05";"22";2688;1320;1368;21;9;12;47;4;18;22;32;26;27;12;30;67;123;105;273;576;459;299;185;101;94;41;25;10;25;23;12;10;0;0;0;21;72;137;30;190;1998;160;70;10
"202512";"02400623";"02";"40";"06";"23";5096;2554;2542;15;25;22;84;38;49;29;49;64;50;12;63;132;528;312;540;987;641;439;244;180;178;84;51;64;81;56;36;24;16;3;0;15;169;253;63;660;3343;313;237;43
"202512";"02400624";"02";"40";"06";"24";3897;2153;1744;15;24;19;33;16;16;16;26;32;15;9;53;290;545;275;443;640;513;334;214;112;103;44;24;15;28;25;12;3;3;0;0;15;92;114;53;835;2531;171;80;6
"202512";"02400625";"02";"40";"06";"25";704;393;311;3;6;6;12;3;3;6;13;15;9;6;11;9;24;23;72;185;136;70;41;11;21;7;0;6;6;0;0;0;0;0;0;3;27;52;11;33;538;28;12;0
"202512";"02500726";"02";"50";"07";"26";2670;1451;1219;17;21;6;29;12;7;10;22;6;12;10;32;57;149;136;303;609;477;296;168;88;74;36;30;4;24;10;12;10;3;0;0;17;68;67;32;206;2077;140;50;13
"202512";"02500727";"02";"50";"07";"27";1705;874;831;6;3;15;22;18;7;6;18;16;7;7;19;38;95;64;149;372;318;197;99;78;56;15;18;9;19;21;7;3;0;3;0;6;58;61;19;133;1277;89;56;6
"202512";"02500728";"02";"50";"07";"28";2616;1390;1226;6;10;12;24;0;6;9;25;28;15;6;25;52;142;100;280;578;500;312;180;123;78;39;24;6;12;18;3;3;0;0;0;6;46;89;25;194;2073;141;39;3
"202512";"02500729";"02";"50";"07";"29";1351;718;633;7;4;8;13;6;4;9;3;12;9;7;3;46;83;84;137;242;249;165;101;49;31;16;12;18;9;6;12;3;0;0;3;7;31;44;3;129;1027;59;45;6
"202512";"02500830";"02";"50";"08";"30";1217;643;574;3;12;13;12;10;10;9;9;9;6;3;12;22;78;53;129;266;209;136;68;56;34;23;3;3;9;17;3;0;0;0;0;3;47;46;12;100;917;60;32;0
"202512";"02500831";"02";"50";"08";"31";2381;1236;1145;0;12;18;19;20;0;9;22;15;25;9;28;55;143;131;195;506;427;316;143;91;75;36;16;24;16;12;9;0;0;9;0;0;69;80;28;198;1809;127;61;9
"202512";"02500832";"02";"50";"08";"32";3326;1782;1544;25;19;23;58;23;32;16;43;31;40;15;27;54;176;151;331;741;646;379;177;126;60;40;16;30;19;10;18;0;0;0;0;25;123;177;27;230;2551;116;77;0
"202512";"02500833";"02";"50";"08";"33";3170;1632;1538;0;6;10;21;3;10;13;25;19;23;3;18;36;163;180;364;764;650;355;189;118;80;30;27;12;12;30;3;0;6;0;0;0;40;93;18;199;2620;137;57;6
"202512";"02500834";"02";"50";"08";"34";2977;1575;1402;7;12;3;13;6;0;7;13;21;9;0;22;61;181;170;401;700;531;348;182;118;57;34;9;22;15;16;6;9;4;0;0;7;34;50;22;242;2450;100;59;13
"202512";"02500835";"02";"50";"08";"35";3213;1747;1466;10;10;31;40;15;12;25;37;35;25;18;34;125;322;207;351;619;533;299;186;104;73;25;6;25;9;18;10;3;6;0;0;10;96;152;34;447;2299;104;62;9
"202512";"02500836";"02";"50";"08";"36";724;342;382;6;14;9;12;12;10;6;7;6;15;3;14;16;10;35;38;130;140;98;48;15;18;14;9;3;12;6;9;9;0;0;0;6;47;47;14;26;504;41;30;9
"202512";"03100101";"03";"10";"01";"01";658;416;242;3;11;7;15;6;3;3;6;8;3;6;18;14;26;31;51;98;95;83;64;40;28;6;12;6;3;6;3;3;0;0;0;3;39;29;18;40;462;46;18;3
"202512";"03100102";"03";"10";"01";"02";1029;573;456;12;6;15;15;16;19;12;9;16;16;9;29;68;101;48;96;158;108;79;75;41;28;12;11;3;6;6;6;9;0;0;0;12;52;81;29;169;605;51;21;9
"202512";"03100103";"03";"10";"01";"03";2209;1186;1023;19;33;34;63;17;43;27;55;61;46;27;87;120;190;111;155;256;225;193;138;114;60;33;27;29;10;18;12;3;3;0;0;19;147;259;87;310;1192;120;69;6
"202512";"03200204";"03";"20";"02";"04";92;58;34;0;0;0;0;0;0;3;0;0;4;0;4;0;0;9;3;15;6;9;9;15;3;0;0;0;0;9;3;0;0;0;0;0;0;7;4;0;66;3;12;0
"202512";"03200205";"03";"20";"02";"05";1423;666;757;17;12;22;35;9;12;13;35;36;25;14;43;127;128;76;109;155;146;108;96;62;35;12;21;12;10;26;12;9;0;3;3;17;78;135;43;255;752;68;60;15
"202512";"03200206";"03";"20";"02";"06";1246;584;662;4;9;12;16;11;13;18;25;19;18;9;13;103;150;72;75;187;138;95;78;62;49;34;9;6;3;9;3;0;3;3;0;4;48;102;13;253;707;92;21;6
"202512";"03200207";"03";"20";"02";"07";1849;969;880;13;16;15;40;27;16;21;50;33;38;9;41;43;124;75;149;274;247;217;120;94;77;36;32;18;6;9;6;3;0;0;0;13;98;167;41;167;1176;145;39;3
"202512";"03200308";"03";"20";"03";"08";448;210;238;0;6;13;9;3;13;3;3;6;9;0;6;3;18;9;21;57;76;58;46;24;25;11;3;6;7;10;3;0;0;0;0;0;31;34;6;21;291;39;26;0
"202512";"03200309";"03";"20";"03";"09";664;342;322;6;3;7;16;12;6;9;13;29;6;9;19;27;53;22;30;91;85;64;30;39;22;12;18;3;12;6;3;3;3;3;3;6;38;72;19;80;361;52;24;9
"202512";"03200310";"03";"20";"03";"10";795;383;412;7;0;6;24;13;11;14;28;19;9;3;29;31;38;22;47;78;105;102;73;42;34;6;9;12;6;10;9;8;0;0;0;7;43;84;29;69;469;49;37;8
"202512";"03300411";"03";"30";"04";"11";2034;1024;1010;36;18;33;70;52;37;39;88;90;69;30;103;70;94;68;125;200;185;172;134;108;100;28;12;19;10;15;16;10;3;0;0;36;173;353;103;164;992;140;60;13
"202512";"03300412";"03";"30";"04";"12";347;174;173;3;3;4;9;0;3;3;0;6;6;0;0;7;31;15;43;35;41;37;30;20;15;6;9;6;6;3;6;0;0;0;0;3;16;18;0;38;221;30;21;0
"202512";"03300413";"03";"30";"04";"13";148;75;73;0;5;0;0;4;0;0;0;3;3;3;3;6;0;6;9;15;18;22;15;14;7;6;0;0;0;6;3;0;0;0;0;0;9;9;3;6;99;13;9;0
"202512";"03300514";"03";"30";"05";"14";433;203;230;6;3;6;13;12;6;10;7;11;13;6;21;23;15;14;25;54;43;56;16;18;21;9;9;4;3;0;6;3;0;0;0;6;34;53;21;38;226;39;13;3
"202512";"03300515";"03";"30";"05";"15";6;3;3;0;0;0;0;0;0;0;0;0;0;0;0;0;3;0;0;0;0;3;0;0;0;0;0;0;0;0;0;0;0;0;0;0;0;0;0;3;3;0;0;0
"202512";"03300516";"03";"30";"05";"16";2584;1412;1172;31;37;47;79;36;38;37;62;53;62;21;66;119;205;132;225;393;336;185;139;95;62;29;19;12;15;24;12;3;7;3;0;31;199;273;66;324;1505;110;63;13
"202512";"03300517";"03";"30";"05";"17";30;21;9;0;0;0;0;0;0;0;0;0;0;0;3;3;0;0;0;0;6;0;9;6;3;0;0;0;0;0;0;0;0;0;0;0;0;0;3;3;21;3;0;0
"202512";"03400618";"03";"40";"06";"18";442;237;205;0;0;0;9;3;0;9;4;6;12;9;10;9;20;10;28;59;48;65;28;40;23;12;9;3;4;3;6;10;3;0;0;0;12;40;10;29;278;44;16;13
"202512";"03400619";"03";"40";"06";"19";1391;689;702;15;13;9;18;9;12;12;27;18;16;11;30;39;112;74;101;193;201;124;105;85;48;31;6;16;10;19;12;12;6;7;0;15;49;96;30;151;883;85;57;25
"202512";"03400620";"03";"40";"06";"20";496;236;260;4;13;3;3;0;0;6;0;0;3;6;9;15;33;24;43;43;64;46;43;27;25;15;6;0;25;28;6;6;0;0;0;4;19;15;9;48;290;46;59;6
"202512";"03400721";"03";"40";"07";"21";1745;871;874;3;16;12;24;19;15;20;22;21;15;3;14;54;85;46;142;283;304;212;144;106;70;41;13;6;9;27;6;10;3;0;0;3;71;96;14;139;1237;124;48;13
"202512";"03400722";"03";"40";"07";"22";555;263;292;3;0;6;0;6;0;6;6;10;7;3;3;26;44;35;53;75;91;74;27;32;11;9;3;9;3;3;0;3;4;3;0;3;12;32;3;70;387;23;15;10
"202512";"03400723";"03";"40";"07";"23";1287;630;657;6;15;9;34;17;10;10;22;24;22;3;25;15;76;61;108;238;198;126;91;58;47;22;6;6;9;17;9;0;0;3;0;6;75;91;25;91;880;75;41;3
"202512";"03400724";"03";"40";"07";"24";1105;504;601;8;3;0;24;12;11;18;19;16;25;6;39;32;34;50;105;184;151;130;78;46;34;18;19;10;9;3;12;9;0;0;0;8;39;95;39;66;744;71;34;9
"202512";"03400725";"03";"40";"07";"25";735;339;396;3;6;6;22;3;3;10;21;16;20;3;14;24;24;33;44;91;101;101;66;51;23;7;3;6;12;9;7;3;3;0;0;3;37;73;14;48;487;33;34;6
"202512";"03400826";"03";"40";"08";"26";1406;777;629;7;15;23;37;10;16;9;39;13;14;17;25;64;117;91;152;246;184;141;49;58;37;14;3;3;13;6;3;0;0;0;0;7;85;108;25;181;921;54;25;0
"202512";"03400827";"03";"40";"08";"27";1732;883;849;10;6;9;12;18;3;6;24;24;9;3;15;15;120;74;196;322;266;212;133;91;52;30;9;9;26;15;9;3;7;4;0;10;45;69;15;135;1294;91;59;14
"202512";"03400828";"03";"40";"08";"28";1014;529;485;8;12;7;21;7;10;4;16;13;10;3;9;26;39;20;80;230;200;119;68;46;12;10;4;17;3;13;7;0;0;0;0;8;47;56;9;65;763;26;40;0
"202512";"03400829";"03";"40";"08";"29";1301;674;627;12;9;10;10;7;14;16;14;31;16;15;33;69;191;115;94;166;134;92;77;55;37;16;7;9;15;16;9;3;6;3;0;12;36;106;33;260;733;60;49;12
"202512";"03400830";"03";"40";"08";"30";1256;621;635;10;22;6;30;13;9;12;16;23;15;10;14;33;76;60;107;210;182;148;88;50;37;21;15;15;6;6;10;9;3;0;0;10;71;85;14;109;845;73;37;12
"202512";"03400831";"03";"40";"08";"31";NA;NA;NA;NA;NA;NA;NA;NA;NA;NA;NA;NA;NA;NA;NA;NA;NA;NA;NA;NA;NA;NA;NA;NA;NA;NA;NA;NA;NA;NA;NA;NA;NA;NA;NA;NA;NA;NA;NA;NA;NA;NA;NA;NA
"202512";"03500932";"03";"50";"09";"32";1964;1105;859;25;30;28;54;37;22;27;57;40;44;13;57;95;139;112;181;312;221;164;112;70;49;20;0;14;14;13;4;7;0;3;0;25;149;203;57;234;1172;69;45;10
"202512";"03500933";"03";"50";"09";"33";1257;677;580;3;10;6;29;0;9;6;13;12;9;6;30;41;93;49;94;246;216;113;87;90;26;15;9;9;6;21;6;0;3;0;0;3;45;55;30;134;895;50;42;3
"202512";"03500934";"03";"50";"09";"34";2421;1253;1168;3;21;22;45;26;16;12;29;24;19;18;30;48;126;100;231;462;451;296;130;109;64;47;21;25;15;19;6;6;0;0;0;3;114;118;30;174;1779;132;65;6
"202512";"03500935";"03";"50";"09";"35";1532;732;800;13;7;7;23;3;6;3;27;19;16;3;28;30;129;86;131;278;250;127;121;82;63;18;12;3;9;18;10;7;3;0;0;13;40;74;28;159;1075;93;40;10
"202512";"03500936";"03";"50";"09";"36";1811;945;866;13;16;15;22;9;10;17;30;35;34;21;46;54;145;76;163;260;257;198;109;84;74;32;21;9;9;27;19;3;3;0;0;13;62;147;46;199;1147;127;64;6
"202512";"03501037";"03";"50";"10";"37";1589;877;712;6;18;16;29;16;16;12;24;26;21;11;34;52;107;89;143;257;215;124;129;78;62;32;16;9;13;12;9;6;3;4;0;6;79;110;34;159;1035;110;43;13
"202512";"03501038";"03";"50";"10";"38";1162;577;585;15;3;12;23;9;15;16;31;38;25;12;53;35;61;63;86;147;159;123;57;61;40;16;19;15;19;3;3;3;0;0;0;15;47;137;53;96;696;75;40;3
"202512";"03601139";"03";"60";"11";"39";1173;596;577;6;7;7;16;6;6;0;15;16;16;0;13;24;64;61;130;225;203;138;101;56;25;6;6;7;3;10;0;3;3;0;0;6;36;53;13;88;914;37;20;6
"202512";"03601140";"03";"60";"11";"40";1487;766;721;9;0;4;12;4;3;11;12;20;6;12;27;23;92;80;142;313;250;178;116;90;31;21;7;3;12;3;3;0;3;0;0;9;20;64;27;115;1169;59;21;3
"202512";"03601141";"03";"60";"11";"41";1931;978;953;17;13;14;25;9;9;9;41;18;26;17;23;35;145;85;178;411;288;205;106;90;78;17;19;9;9;12;17;6;0;0;0;17;61;120;23;180;1363;114;47;6
"202512";"03601142";"03";"60";"11";"42";2860;1454;1406;3;13;0;21;6;10;6;18;21;23;3;31;48;121;117;314;635;473;333;227;148;97;56;25;32;30;21;16;9;0;3;0;3;40;81;31;169;2247;178;99;12
"202512";"03601243";"03";"60";"12";"43";1412;648;764;3;0;0;16;10;6;3;12;7;9;6;12;14;71;66;114;289;265;190;123;65;46;24;14;8;15;9;3;9;0;3;0;3;26;43;12;85;1112;84;35;12
"202512";"03601244";"03";"60";"12";"44";1541;783;758;0;7;6;13;6;3;10;19;16;6;3;13;27;52;82;150;294;294;186;121;74;60;28;14;15;9;18;9;3;3;0;0;0;32;57;13;79;1201;102;51;6
"202512";"03601245";"03";"60";"12";"45";3184;1550;1634;13;16;25;46;22;20;21;39;35;28;29;86;46;150;143;310;642;556;341;196;122;113;48;26;25;19;18;34;9;6;0;0;13;109;172;86;196;2310;187;96;15
"202512";"03601346";"03";"60";"13";"46";1536;787;749;9;9;6;20;4;0;6;17;14;26;6;26;34;93;53;107;283;257;203;119;99;52;34;13;13;11;9;10;3;0;0;0;9;39;69;26;127;1121;99;43;3
"202512";"03601347";"03";"60";"13";"47";2106;1042;1064;4;8;6;19;12;12;10;10;20;9;3;21;48;111;79;187;347;361;276;177;157;104;33;24;16;22;12;3;9;3;3;0;4;45;64;21;159;1584;161;53;15
"202512";"03601348";"03";"60";"13";"48";1734;840;894;7;3;0;18;9;0;6;12;3;9;9;16;13;66;83;149;347;308;233;151;115;71;43;4;10;13;21;12;0;0;3;0;7;30;39;16;79;1386;118;56;3
"202512";"03601449";"03";"60";"14";"49";1592;785;807;6;6;6;39;12;12;16;45;19;13;12;35;34;114;73;141;212;180;168;108;91;78;63;20;16;16;28;20;6;0;3;0;6;63;117;35;148;973;161;80;9
"202512";"03601450";"03";"60";"14";"50";2996;1651;1345;27;47;55;118;44;50;42;101;105;90;47;169;187;295;143;202;289;267;205;161;111;108;32;29;18;9;21;14;4;6;0;0;27;264;435;169;482;1378;169;62;10
"202512";"03601451";"03";"60";"14";"51";1573;789;784;12;6;12;20;4;13;3;9;6;12;6;18;44;72;70;129;344;284;184;132;62;43;19;7;6;19;16;12;3;6;0;0;12;42;49;18;116;1205;69;53;9
"202512";"03601452";"03";"60";"14";"52";1454;719;735;10;7;9;23;9;12;3;22;9;6;9;12;33;78;54;127;314;268;190;85;53;37;26;9;15;12;19;0;3;0;0;0;10;48;61;12;111;1091;72;46;3
"202512";"03601453";"03";"60";"14";"53";820;463;357;0;3;3;6;6;3;6;16;16;3;0;0;37;139;45;75;122;139;75;53;24;17;3;3;0;9;7;3;7;0;0;0;0;18;44;0;176;533;23;19;7
"202512";"03701554";"03";"70";"15";"54";3022;1534;1488;3;16;6;37;15;4;6;19;18;22;16;27;45;196;112;247;538;522;347;261;204;160;55;41;27;24;29;3;16;3;3;0;3;74;85;27;241;2231;256;83;22
"202512";"03701555";"03";"70";"15";"55";1740;840;900;6;6;10;15;0;9;7;20;15;12;0;13;26;60;51;157;314;286;238;145;108;90;36;18;24;9;22;25;9;9;0;0;6;31;63;13;86;1299;144;80;18
"202512";"03701556";"03";"70";"15";"56";2342;1163;1179;10;15;15;37;19;21;23;45;40;25;7;39;38;124;92;163;365;418;323;180;114;105;40;23;9;11;23;9;6;3;0;0;10;86;161;39;162;1655;168;52;9
"202512";"03701657";"03";"70";"16";"57";809;379;430;7;11;6;10;6;17;7;34;10;18;9;13;12;22;19;41;144;165;111;47;32;28;12;3;4;9;9;0;0;3;0;0;7;33;95;13;34;559;43;22;3
"202512";"03701658";"03";"70";"16";"58";1937;933;1004;0;0;13;18;3;6;16;22;18;14;3;20;29;87;93;165;328;330;235;171;110;88;28;19;32;29;28;20;9;3;0;0;0;34;79;20;116;1432;135;109;12
"202512";"03701659";"03";"70";"16";"59";2515;1223;1292;6;12;12;17;9;7;15;28;31;15;10;24;57;164;126;251;453;408;304;203;130;91;43;19;9;25;18;16;9;3;0;0;6;50;106;24;221;1875;153;68;12
"202512";"03701660";"03";"70";"16";"60";2391;1210;1181;10;4;4;15;16;16;13;9;19;10;9;19;41;104;108;208;420;393;310;203;175;108;43;29;22;21;13;27;10;9;3;0;10;39;76;19;145;1817;180;83;22
"202512";"04100101";"04";"10";"01";"01";4085;2202;1883;28;18;30;63;26;35;23;63;47;32;28;108;111;247;182;338;557;459;377;321;268;228;108;72;42;75;68;72;41;15;3;0;28;137;228;108;358;2502;408;257;59
"202512";"04100102";"04";"10";"01";"02";2355;1087;1268;10;20;22;40;23;21;15;25;48;44;19;59;66;108;50;133;186;232;197;238;215;167;84;47;21;68;63;64;37;18;9;6;10;105;172;59;174;1251;298;216;70
"202512";"04200203";"04";"20";"02";"03";204;82;122;3;0;0;0;0;0;0;0;4;3;3;3;12;18;16;15;21;27;9;6;15;16;3;6;0;9;6;0;9;0;0;0;3;0;10;3;30;109;25;15;9
"202512";"04200204";"04";"20";"02";"04";1262;663;599;6;10;19;31;13;19;20;29;34;34;17;37;68;163;76;104;106;117;107;85;46;34;13;6;13;9;28;9;3;3;0;3;6;73;153;37;231;641;53;59;9
"202512";"04200205";"04";"20";"02";"05";508;244;264;3;7;0;4;3;3;3;3;13;17;3;20;25;36;17;21;46;42;31;49;54;13;26;9;13;9;9;12;4;7;6;0;3;14;42;20;61;260;48;43;17
"202512";"04200206";"04";"20";"02";"06";431;195;236;0;0;6;7;0;3;0;0;3;3;7;3;19;37;9;34;34;25;52;20;34;37;13;12;9;9;9;18;19;6;3;0;0;13;16;3;56;208;62;45;28
"202512";"04200207";"04";"20";"02";"07";814;414;400;0;0;0;0;3;0;0;3;6;0;3;10;32;178;106;150;106;62;29;12;27;37;6;0;13;9;13;6;3;0;0;0;0;3;12;10;210;492;43;41;3
"202512";"04200308";"04";"20";"03";"08";1474;737;737;14;12;19;28;15;12;15;27;27;21;3;43;52;141;103;158;175;136;100;62;71;54;34;12;16;18;50;18;19;13;3;3;14;74;105;43;193;805;100;102;38
"202512";"04200309";"04";"20";"03";"09";1245;597;648;0;9;6;12;6;6;12;28;15;12;14;9;36;87;76;88;169;161;98;83;71;61;25;12;18;16;39;44;22;6;4;0;0;33;87;9;123;746;98;117;32
"202512";"04200310";"04";"20";"03";"10";1533;735;798;6;10;15;12;6;21;6;22;16;18;6;28;44;86;79;81;206;189;141;79;89;99;55;24;25;42;42;36;24;14;9;3;6;43;89;28;130;864;178;145;50
"202512";"04200311";"04";"20";"03";"11";1810;889;921;15;15;6;19;13;9;9;22;28;21;9;31;57;124;93;159;271;191;157;133;73;84;50;36;34;33;41;43;15;13;3;3;15;53;98;31;181;1077;170;151;34
"202512";"04300412";"04";"30";"04";"12";1955;1001;954;9;23;12;38;22;6;17;27;30;24;3;35;49;171;91;187;339;275;186;88;63;62;40;18;21;28;42;22;18;6;3;0;9;95;107;35;220;1229;120;113;27
"202512";"04300413";"04";"30";"04";"13";2444;1158;1286;10;12;6;22;13;9;10;21;22;15;13;34;61;143;90;128;245;243;198;173;194;173;89;58;55;70;108;113;69;26;15;6;10;53;90;34;204;1271;320;346;116
"202512";"04300414";"04";"30";"04";"14";2524;1273;1251;9;18;18;15;12;13;16;34;21;28;12;55;62;116;70;194;307;294;260;193;169;141;98;54;40;37;64;95;37;27;15;0;9;63;124;55;178;1487;293;236;79
"202512";"04300415";"04";"30";"04";"15";1492;676;816;3;0;9;16;3;9;3;9;16;7;0;32;36;70;49;118;196;164;122;84;85;63;54;24;43;53;64;68;42;19;16;15;3;28;44;32;106;818;141;228;92
"202512";"04300416";"04";"30";"04";"16";3015;1495;1520;10;21;12;30;12;21;7;37;26;29;18;24;73;207;165;261;476;375;250;175;169;156;109;41;52;61;78;63;26;22;9;0;10;75;138;24;280;1871;306;254;57
"202512";"04300517";"04";"30";"05";"17";2910;1533;1377;15;9;12;21;6;10;13;30;33;35;15;46;105;196;141;247;385;318;244;202;186;168;103;39;42;68;70;84;39;19;3;6;15;48;136;46;301;1723;310;264;67
"202512";"04300518";"04";"30";"05";"18";2543;1299;1244;18;30;28;31;21;27;27;49;46;66;17;86;122;199;117;160;314;302;221;145;131;104;69;21;31;32;61;24;29;12;3;0;18;110;232;86;321;1390;194;148;44
"202512";"04300619";"04";"30";"06";"19";2702;1357;1345;15;9;6;28;3;17;10;41;35;35;15;36;83;197;124;213;399;327;214;138;170;172;77;59;37;60;56;60;45;18;3;0;15;46;153;36;280;1585;308;213;66
"202512";"04300620";"04";"30";"06";"20";1581;813;768;3;6;3;24;10;3;12;16;6;15;9;12;43;94;75;149;263;204;157;110;84;95;42;31;13;29;33;24;6;10;0;0;3;43;61;12;137;1042;168;99;16
"202512";"04300621";"04";"30";"06";"21";3223;1647;1576;12;25;16;37;16;21;15;36;24;34;19;67;120;198;152;220;368;346;306;221;232;163;96;60;58;67;119;109;42;21;0;3;12;94;149;67;318;1845;319;353;66
"202512";"04300622";"04";"30";"06";"22";1761;802;959;6;10;9;22;12;3;15;20;16;18;10;25;40;89;94;114;236;205;190;110;119;94;59;16;16;47;56;50;24;21;12;3;6;53;82;25;129;1068;169;169;60
"202512";"04300623";"04";"30";"06";"23";4484;2367;2117;6;19;11;25;32;12;12;22;43;30;24;54;111;463;303;373;623;441;387;320;256;231;147;70;63;63;132;93;68;35;12;3;6;87;143;54;574;2703;448;351;118
"202512";"04300624";"04";"30";"06";"24";2540;1250;1290;12;6;20;19;13;15;6;25;13;13;3;23;53;163;112;232;373;304;222;151;146;161;71;63;55;52;64;84;33;24;6;3;12;58;75;23;216;1540;295;255;63
"202512";"04400725";"04";"40";"07";"25";30;21;9;0;0;0;0;0;0;0;0;0;0;0;0;0;0;0;0;3;9;3;0;6;0;0;0;3;0;6;0;0;0;0;0;0;0;0;0;0;21;0;9;0
"202512";"04400726";"04";"40";"07";"26";1358;647;711;7;17;9;6;9;9;13;31;9;29;6;31;42;104;66;70;126;118;120;99;117;88;53;23;18;18;41;45;15;13;3;3;7;41;97;31;146;716;164;122;34
"202512";"04400727";"04";"40";"07";"27";1991;958;1033;6;3;6;21;6;9;8;19;28;22;16;30;43;154;67;125;248;229;190;158;148;138;51;21;41;34;77;46;18;21;0;8;6;36;102;30;197;1165;210;198;47
"202512";"04400728";"04";"40";"07";"28";676;333;343;0;0;0;11;3;3;0;9;3;6;6;19;20;54;33;29;42;74;53;61;65;44;27;15;13;27;24;19;6;10;0;0;0;14;27;19;74;357;86;83;16
"202512";"04400729";"04";"40";"07";"29";592;256;336;0;0;3;6;12;4;6;3;0;9;3;16;6;21;22;41;41;64;62;41;39;38;35;17;19;22;22;26;7;3;4;0;0;21;25;16;27;310;90;89;14
"202512";"04400830";"04";"40";"08";"30";2350;1124;1226;17;28;9;48;33;21;35;69;58;44;18;57;65;82;50;117;297;318;287;165;136;96;52;38;25;43;58;38;25;14;4;3;17;118;245;57;147;1370;186;164;46
"202512";"04400831";"04";"40";"08";"31";244;105;139;0;0;3;0;0;0;0;4;9;6;3;12;12;10;6;12;14;24;24;30;18;21;9;6;0;0;3;6;6;0;3;3;0;3;22;12;22;128;36;9;12
"202512";"04400832";"04";"40";"08";"32";1084;540;544;3;4;6;9;0;6;3;3;9;12;7;15;33;92;62;107;145;121;86;64;70;70;22;28;19;15;27;25;15;6;0;0;3;19;40;15;125;655;120;86;21
"202512";"04400833";"04";"40";"08";"33";836;384;452;0;3;6;9;10;9;6;15;6;10;6;21;36;28;30;32;69;89;86;57;65;58;20;12;19;25;58;27;12;6;3;3;0;28;52;21;64;428;90;129;24
"202512";"04400834";"04";"40";"08";"34";627;308;319;6;0;3;3;3;6;3;16;6;7;0;12;15;22;23;51;98;54;55;45;44;37;19;15;12;10;34;15;3;4;6;0;6;9;38;12;37;370;71;71;13
"202512";"04400835";"04";"40";"08";"35";1554;732;822;0;7;4;33;6;6;10;15;34;19;10;33;31;70;60;84;171;168;157;108;90;108;67;44;13;34;56;57;25;18;6;10;0;50;94;33;101;838;219;160;59
"202512";"04500936";"04";"50";"09";"36";1523;793;730;10;7;6;18;10;13;17;30;30;26;11;43;42;87;40;96;184;161;125;108;98;102;48;30;28;32;47;44;12;15;3;0;10;41;127;43;129;812;180;151;30
"202512";"04500937";"04";"50";"09";"37";2061;1071;990;12;7;15;13;3;7;0;14;25;13;9;26;53;173;107;179;266;238;199;127;111;112;47;45;45;38;69;47;34;18;3;6;12;38;68;26;226;1227;204;199;61
"202512";"04500938";"04";"50";"09";"38";2346;1195;1151;7;15;16;25;12;16;16;23;40;39;6;44;52;140;83;198;288;296;251;170;139;127;65;25;35;37;71;65;18;15;6;6;7;68;140;44;192;1425;217;208;45
"202512";"04500939";"04";"50";"09";"39";2005;1021;984;3;7;12;26;19;15;14;31;39;15;19;37;70;129;74;161;254;241;177;154;124;111;64;41;24;28;52;27;22;12;0;3;3;64;133;37;199;1185;216;131;37
"202512";"04501040";"04";"50";"10";"40";1497;743;754;3;6;10;13;0;3;0;18;6;15;6;6;44;98;74;107;173;164;145;107;79;90;41;30;27;50;71;46;37;19;6;3;3;29;48;6;142;849;161;194;62
"202512";"04501041";"04";"50";"10";"41";1464;734;730;9;0;3;10;6;15;6;21;29;21;13;30;41;88;34;79;113;148;110;110;119;77;66;33;34;52;67;56;53;12;6;3;9;19;105;30;129;713;176;209;74
"202512";"04501042";"04";"50";"10";"42";1292;668;624;3;6;3;20;9;10;12;16;15;12;9;30;36;73;65;104;145;140;108;79;63;83;62;31;14;29;44;31;18;16;6;0;3;38;74;30;109;704;176;118;40
"202512";"04501043";"04";"50";"10";"43";2927;1439;1488;14;13;10;30;6;7;21;41;34;33;16;45;85;169;108;180;351;357;276;170;222;180;88;65;64;58;99;99;53;21;12;0;14;59;152;45;254;1664;333;320;86
"202512";"04501044";"04";"50";"10";"44";1448;694;754;6;9;3;19;7;9;15;20;26;33;10;36;36;69;57;87;167;128;130;98;78;99;48;37;34;35;57;51;18;17;6;3;6;38;113;36;105;745;184;177;44
"202512";"04501045";"04";"50";"10";"45";2922;1473;1449;11;6;15;28;16;19;6;28;23;52;11;43;82;166;152;215;387;306;248;184;219;173;101;49;55;74;82;69;60;30;9;3;11;65;139;43;248;1711;323;280;102
"202512";"04501146";"04";"50";"11";"46";1397;763;634;6;0;9;39;3;12;15;30;42;36;9;36;48;79;71;96;175;153;104;104;85;79;21;24;24;28;26;31;12;0;0;0;6;51;144;36;127;788;124;109;12
"202512";"04501147";"04";"50";"11";"47";1294;669;625;3;6;0;10;0;9;12;13;19;16;9;25;34;67;53;78;166;148;114;107;94;81;44;24;12;12;38;59;23;6;12;0;3;16;78;25;101;760;149;121;41
"202512";"04501148";"04";"50";"11";"48";1362;658;704;3;6;15;16;9;9;9;35;26;20;9;35;50;126;67;116;168;160;97;66;71;61;50;20;9;15;24;42;25;3;0;0;3;46;108;35;176;745;131;90;28
"202512";"04501149";"04";"50";"11";"49";2614;1294;1320;9;29;22;37;24;25;19;48;45;55;29;68;81;135;82;157;330;311;244;197;127;166;65;34;32;58;80;45;28;28;4;0;9;112;221;68;216;1448;265;215;60
"202512";"04501150";"04";"50";"11";"50";747;359;388;0;9;6;7;3;3;6;10;7;9;9;10;19;30;30;41;122;100;57;28;40;56;12;12;3;22;30;40;14;12;0;0;0;25;44;10;49;418;80;95;26
"202512";"04501151";"04";"50";"11";"51";1450;718;732;3;13;3;4;9;9;6;16;10;6;12;28;54;108;66;120;164;156;134;109;98;92;49;19;33;25;33;37;12;6;10;6;3;29;59;28;162;847;160;128;34
"202512";"04501152";"04";"50";"11";"52";1819;920;899;0;0;6;15;15;3;12;19;14;16;9;18;31;130;90;157;242;200;148;129;126;95;63;28;43;37;74;42;36;12;9;0;0;36;73;18;161;1092;186;196;57
"202512";"04501153";"04";"50";"11";"53";2080;1080;1000;14;3;12;23;8;13;13;15;18;34;10;47;73;173;111;187;266;244;179;148;91;117;58;33;33;35;51;37;9;22;3;0;14;46;103;47;246;1226;208;156;34
"202512";"05100101";"05";"10";"01";"01";553;263;290;4;0;6;10;0;3;3;12;7;9;9;21;16;20;23;31;59;40;75;39;55;27;19;9;18;3;10;15;10;0;0;0;4;16;43;21;36;322;55;46;10
"202512";"05100102";"05";"10";"01";"02";790;373;417;6;3;6;22;12;9;11;24;9;18;4;27;25;45;32;46;88;72;61;70;61;38;12;10;6;16;15;29;6;7;0;0;6;43;75;27;70;430;60;66;13
"202512";"05100103";"05";"10";"01";"03";2210;1132;1078;12;19;22;44;35;22;23;45;46;45;16;66;63;154;98;180;305;252;213;166;125;91;32;16;20;22;27;24;15;6;3;3;12;120;197;66;217;1339;139;93;27
"202512";"05100104";"05";"10";"01";"04";2506;1259;1247;29;42;31;76;28;33;24;74;57;53;31;84;92;121;103;185;400;345;218;150;102;58;40;22;28;21;22;18;16;3;0;0;29;177;272;84;213;1503;120;89;19
"202512";"05100105";"05";"10";"01";"05";971;499;472;3;9;8;16;12;9;3;12;27;24;7;26;45;44;25;63;99;89;72;83;71;60;12;19;23;30;41;22;7;0;7;3;3;45;82;26;89;502;91;116;17
"202512";"05100206";"05";"10";"02";"06";1005;486;519;3;9;12;27;9;16;19;48;43;52;24;43;58;37;28;28;81;99;82;66;65;54;24;7;15;10;24;7;6;9;0;0;3;57;202;43;95;449;85;56;15
"202512";"05100207";"05";"10";"02";"07";275;136;139;0;3;0;0;0;0;3;0;3;0;0;3;12;20;6;7;39;39;15;18;24;18;16;0;3;12;12;9;13;0;0;0;0;3;6;3;32;148;34;36;13
"202512";"05100208";"05";"10";"02";"08";3430;1730;1700;14;40;37;80;51;35;46;84;84;77;39;125;128;158;109;194;363;375;316;301;236;188;79;40;38;59;59;32;24;6;13;0;14;208;365;125;286;1894;307;188;43
"202512";"05100209";"05";"10";"02";"09";3547;1751;1796;27;42;26;74;29;41;40;92;76;81;41;127;102;163;107;204;343;376;323;289;262;189;101;67;80;54;53;67;43;22;3;3;27;171;371;127;265;1904;357;254;71
"202512";"05100210";"05";"10";"02";"10";2386;1253;1133;16;19;19;37;25;26;23;49;49;56;21;75;70;154;117;182;301;236;191;194;154;118;57;28;15;30;43;47;18;13;3;0;16;100;224;75;224;1375;203;135;34
"202512";"05100211";"05";"10";"02";"11";1352;758;594;3;13;10;32;3;13;10;28;25;24;6;77;41;84;43;88;116;128;138;105;83;91;43;24;12;13;46;23;15;6;9;0;3;58;106;77;125;701;158;94;30
"202512";"05100312";"05";"10";"03";"12";1311;699;612;9;9;16;22;18;10;10;33;25;36;11;21;42;70;59;95;193;154;113;122;70;53;32;9;3;13;30;6;21;6;0;0;9;65;125;21;112;806;94;52;27
"202512";"05100313";"05";"10";"03";"13";2786;1358;1428;18;22;30;75;34;33;36;72;78;83;37;118;108;178;87;138;342;299;253;157;172;111;78;34;15;34;49;40;25;24;6;0;18;161;339;118;286;1448;223;138;55
"202512";"05100314";"05";"10";"03";"14";3545;1935;1610;13;31;32;54;36;55;51;82;70;72;48;107;155;244;145;249;365;349;291;280;242;180;98;35;59;41;57;49;34;15;6;0;13;153;378;107;399;1921;313;206;55
"202512";"05100315";"05";"10";"03";"15";2706;1446;1260;25;28;20;53;25;19;25;63;64;41;26;77;109;187;110;200;355;286;237;174;172;137;51;27;24;38;60;57;6;6;4;0;25;126;238;77;296;1534;215;179;16
"202512";"05100316";"05";"10";"03";"16";3126;1584;1542;21;27;21;40;15;29;29;66;57;57;12;105;88;154;134;234;384;309;263;248;190;219;83;54;58;31;88;51;28;19;9;3;21;103;250;105;242;1762;356;228;59
"202512";"05100317";"05";"10";"03";"17";2705;1386;1319;33;40;38;88;55;46;40;103;93;94;37;130;182;242;82;131;234;229;212;142;130;99;58;23;21;34;49;19;12;6;3;0;33;221;413;130;424;1160;180;123;21
"202512";"05200418";"05";"20";"04";"18";343;168;175;0;3;3;6;0;0;4;3;16;3;4;7;6;21;18;16;9;25;34;39;35;31;9;7;3;9;9;19;4;0;0;0;0;12;30;7;27;176;47;40;4
"202512";"05200419";"05";"20";"04";"19";38;18;20;0;0;3;0;0;0;0;0;0;0;0;0;0;4;0;0;6;0;10;3;3;0;6;0;0;3;0;0;0;0;0;0;0;3;0;0;4;22;6;3;0
"202512";"05200420";"05";"20";"04";"20";1042;534;508;4;6;6;6;0;15;0;26;21;24;0;33;18;54;22;78;96;122;101;98;89;52;37;28;10;9;29;16;18;15;9;0;4;18;86;33;72;606;117;64;42
"202512";"05200421";"05";"20";"04";"21";1103;616;487;6;22;22;26;12;15;13;22;16;26;15;28;43;78;61;67;150;107;79;96;54;39;19;9;19;6;25;15;3;7;3;0;6;82;107;28;121;614;67;65;13
"202512";"05200422";"05";"20";"04";"22";198;95;103;0;3;0;6;7;0;0;9;6;13;3;0;6;9;6;21;37;25;25;6;3;6;3;4;0;0;0;0;0;0;0;0;0;16;31;0;15;123;13;0;0
"202512";"05200423";"05";"20";"04";"23";1713;836;877;16;7;12;48;30;15;28;42;46;53;27;56;70;74;64;92;192;175;161;121;97;84;39;30;9;31;38;27;13;10;6;0;16;97;211;56;144;902;153;105;29
"202512";"05200524";"05";"20";"05";"24";438;221;217;0;3;4;6;6;9;0;7;10;9;0;3;12;39;0;21;47;44;36;35;49;25;18;6;6;15;6;8;3;11;0;0;0;19;35;3;51;232;49;35;14
"202512";"05200525";"05";"20";"05";"25";369;181;188;3;3;3;7;3;3;4;16;7;9;9;10;6;12;23;12;30;37;54;25;25;25;9;9;6;3;0;7;6;0;3;0;3;16;48;10;18;206;43;16;9
"202512";"05200526";"05";"20";"05";"26";2427;1246;1181;7;15;25;38;31;24;36;98;77;64;23;105;100;90;75;147;224;265;212;223;156;145;68;34;21;34;45;27;12;3;0;3;7;109;322;105;190;1302;247;127;18
"202512";"05200527";"05";"20";"05";"27";4839;2351;2488;37;42;71;140;71;65;72;148;151;133;70;229;183;233;117;247;452;489;405;381;315;268;111;73;73;58;76;65;34;21;6;3;37;324;639;229;416;2406;452;272;64
"202512";"05200528";"05";"20";"05";"28";1347;683;664;7;12;9;31;9;21;26;35;31;34;18;28;45;55;43;85;157;150;157;93;85;66;25;14;22;15;21;24;16;13;0;0;7;61;165;28;100;770;105;82;29
"202512";"05200629";"05";"20";"06";"29";2581;1393;1188;25;27;31;69;21;27;37;51;63;62;31;63;103;176;98;174;295;302;233;175;142;90;55;45;30;35;49;35;30;7;0;0;25;148;271;63;279;1419;190;149;37
"202512";"05200630";"05";"20";"06";"30";2921;1579;1342;16;16;18;55;22;25;37;47;68;45;28;93;129;179;124;206;366;328;258;201;197;140;74;38;26;37;65;46;28;9;0;0;16;111;250;93;308;1680;252;174;37
"202512";"05200631";"05";"20";"06";"31";2693;1459;1234;18;22;38;40;25;30;31;57;36;50;30;82;103;181;104;204;350;297;223;164;169;145;72;39;40;21;52;36;15;16;3;0;18;125;234;82;284;1511;256;149;34
"202512";"05200632";"05";"20";"06";"32";944;478;466;0;7;6;21;3;7;9;27;19;29;6;36;31;59;18;47;94;89;86;86;75;61;34;15;13;24;15;15;3;3;3;3;0;37;97;36;90;495;110;67;12
"202512";"05200633";"05";"20";"06";"33";383;169;214;3;6;3;7;0;0;0;7;15;6;3;9;6;37;6;29;36;30;45;42;19;21;19;9;7;0;3;9;3;0;3;0;3;16;31;9;43;207;49;19;6
"202512";"05200634";"05";"20";"06";"34";573;281;292;6;3;7;4;3;0;0;9;6;10;3;12;23;34;36;33;60;44;46;46;39;28;18;22;16;15;12;22;6;4;3;3;6;17;28;12;57;304;68;65;16
"202512";"05300735";"05";"30";"07";"35";1335;633;702;8;13;19;28;18;12;18;28;28;32;12;58;45;50;45;84;197;192;131;79;65;48;39;13;14;6;22;16;9;6;0;0;8;78;130;58;95;793;100;58;15
"202512";"05300736";"05";"30";"07";"36";780;383;397;0;6;0;10;3;0;6;27;20;12;11;20;28;25;12;27;54;53;108;105;90;56;15;12;15;12;15;16;10;9;0;3;0;19;76;20;53;449;83;58;22
"202512";"05300737";"05";"30";"07";"37";3280;1537;1743;12;21;15;52;22;16;25;51;55;64;22;80;84;142;113;197;377;375;325;264;247;224;106;65;58;71;84;66;25;13;6;3;12;110;233;80;226;1898;395;279;47
"202512";"05300838";"05";"30";"08";"38";0;0;0;0;0;0;0;0;0;0;0;0;0;0;0;0;0;0;0;0;0;0;0;0;0;0;0;0;0;0;0;0;0;0;0;0;0;0;0;0;0;0;0;0
"202512";"05300839";"05";"30";"08";"39";2700;1389;1311;13;19;28;39;25;28;19;40;46;45;16;63;63;109;113;186;335;316;270;214;187;148;92;45;22;46;61;73;23;16;0;0;13;111;194;63;172;1621;285;202;39
"202512";"05300840";"05";"30";"08";"40";183;102;81;3;0;3;3;0;0;0;0;0;4;3;8;10;6;9;9;26;16;15;15;16;6;3;0;7;3;9;9;0;0;0;0;3;6;7;8;16;106;9;28;0
"202512";"05300841";"05";"30";"08";"41";1429;790;639;6;6;6;16;3;7;11;16;23;16;3;28;38;117;82;96;212;174;139;95;85;60;28;13;6;31;35;36;19;13;9;0;6;31;76;28;155;883;101;108;41
"202512";"05400942";"05";"40";"09";"42";353;182;171;0;4;3;0;6;3;0;6;6;3;4;10;14;21;10;12;35;33;36;25;35;18;12;12;3;0;6;18;9;6;0;3;0;13;22;10;35;186;42;27;18
"202512";"05400943";"05";"40";"09";"43";839;422;417;0;3;0;11;3;9;3;12;16;14;6;21;34;31;25;48;83;78;95;72;53;73;25;16;15;18;25;31;12;7;0;0;0;17;60;21;65;454;114;89;19
"202512";"05400944";"05";"40";"09";"44";181;71;110;0;0;0;3;0;3;3;0;9;4;0;0;6;16;3;6;12;3;15;15;12;6;3;10;3;3;6;18;4;9;6;3;0;3;19;0;22;66;19;30;22
"202512";"05400945";"05";"40";"09";"45";225;102;123;0;0;3;0;0;0;0;3;0;0;3;15;18;6;6;3;9;13;20;27;25;19;9;6;10;9;9;3;3;0;3;3;0;3;6;15;24;103;34;31;9
"202512";"06100101";"06";"10";"01";"01";1074;543;531;0;0;3;15;4;0;7;10;6;3;0;24;45;52;65;75;136;104;106;79;82;60;21;31;15;29;44;31;19;8;0;0;0;22;26;24;97;647;112;119;27
"202512";"06100102";"06";"10";"01";"02";2219;1053;1166;6;12;13;15;15;20;9;21;35;38;12;52;63;127;92;138;253;239;198;182;163;138;88;24;35;55;69;51;25;16;8;7;6;55;135;52;190;1265;250;210;56
"202512";"06100103";"06";"10";"01";"03";1002;488;514;3;0;6;3;4;3;0;12;6;9;9;21;25;59;27;72;124;116;82;99;58;79;41;25;15;22;30;31;12;3;3;3;3;13;39;21;84;578;145;98;21
"202512";"06100204";"06";"10";"02";"04";1397;700;697;7;6;9;16;10;13;6;12;15;16;6;22;19;64;45;112;203;147;126;96;102;103;54;39;18;27;33;37;22;9;3;0;7;41;68;22;83;831;196;115;34
"202512";"06100205";"06";"10";"02";"05";1944;919;1025;6;6;13;29;6;6;16;32;22;16;10;16;55;127;85;158;248;232;170;142;127;131;63;30;27;53;52;40;16;7;3;0;6;54;102;16;182;1162;224;172;26
"202512";"06100206";"06";"10";"02";"06";1515;718;797;3;12;20;21;6;9;9;13;27;30;6;38;46;95;64;97;172;176;156;95;93;66;56;9;19;30;47;34;45;15;6;0;3;59;94;38;141;853;131;130;66
"202512";"06100207";"06";"10";"02";"07";1790;903;887;3;9;6;10;13;9;0;21;23;25;15;28;56;127;113;135;212;192;160;147;128;117;48;19;22;43;44;37;13;15;0;0;3;38;93;28;183;1087;184;146;28
"202512";"06100208";"06";"10";"02";"08";1300;630;670;9;0;9;15;6;0;7;15;11;6;8;12;25;73;59;87;190;184;91;88;67;67;41;30;18;32;53;51;24;16;3;3;9;30;47;12;98;766;138;154;46
"202512";"06100209";"06";"10";"02";"09";2060;974;1086;15;16;12;12;9;15;9;31;22;22;21;57;31;75;84;120;285;279;205;174;126;125;70;32;37;32;51;52;29;9;0;3;15;49;120;57;106;1273;227;172;41
"202512";"06100210";"06";"10";"02";"10";878;429;449;6;10;6;18;3;3;3;10;21;13;0;24;6;26;42;84;88;95;63;67;74;70;12;19;16;18;37;19;13;9;0;3;6;37;50;24;32;513;101;90;25
"202512";"06200311";"06";"20";"03";"11";681;346;335;3;0;3;6;3;13;7;13;16;0;3;18;15;26;29;43;87;81;72;48;55;35;16;9;16;6;21;21;6;7;0;3;3;12;52;18;41;415;60;64;16
"202512";"06200312";"06";"20";"03";"12";1393;806;587;9;20;9;0;9;7;6;17;6;25;7;28;61;160;99;118;198;114;105;86;72;66;34;19;19;12;28;33;20;3;3;0;9;38;68;28;221;792;119;92;26
"202512";"06200313";"06";"20";"03";"13";1549;785;764;10;6;9;30;12;12;6;29;16;18;7;30;21;82;57;129;195;190;152;128;105;91;38;25;15;39;48;24;15;4;6;0;10;57;88;30;103;956;154;126;25
"202512";"06200314";"06";"20";"03";"14";1418;719;699;3;6;10;18;16;6;9;25;20;22;10;23;37;73;63;114;167;173;156;105;108;69;36;16;20;32;42;21;12;6;0;0;3;50;92;23;110;886;121;115;18
"202512";"06200315";"06";"20";"03";"15";1286;631;655;6;9;4;28;10;6;9;21;24;28;0;35;38;59;46;78;148;157;125;140;77;55;28;9;28;21;28;29;16;24;0;0;6;51;88;35;97;771;92;106;40
"202512";"06200316";"06";"20";"03";"16";1605;739;866;7;7;3;15;6;6;12;21;9;20;13;29;52;173;135;157;189;151;119;84;100;81;42;27;11;24;41;41;3;21;3;3;7;31;81;29;225;935;150;117;30
"202512";"06200317";"06";"20";"03";"17";717;368;349;3;4;3;9;9;3;3;12;19;9;3;12;19;28;25;37;69;83;72;51;59;46;26;12;13;17;23;9;24;12;3;0;3;25;49;12;47;396;84;62;39
"202512";"06200418";"06";"20";"04";"18";NA;NA;NA;NA;NA;NA;NA;NA;NA;NA;NA;NA;NA;NA;NA;NA;NA;NA;NA;NA;NA;NA;NA;NA;NA;NA;NA;NA;NA;NA;NA;NA;NA;NA;NA;NA;NA;NA;NA;NA;NA;NA;NA;NA
"202512";"06200419";"06";"20";"04";"19";1377;652;725;3;3;12;26;10;0;9;19;11;12;6;26;22;76;76;105;204;152;118;106;86;79;42;31;20;18;30;36;25;10;4;0;3;51;57;26;98;847;152;104;39
"202512";"06200420";"06";"20";"04";"20";1225;580;645;0;13;9;27;6;6;13;29;19;24;16;24;26;57;24;63;123;118;118;111;113;80;49;20;31;28;27;12;24;9;6;0;0;55;107;24;83;670;149;98;39
"202512";"06200421";"06";"20";"04";"21";1661;857;804;12;13;10;25;11;15;17;25;22;21;14;72;69;113;71;104;179;193;142;125;119;91;43;27;12;19;34;31;6;16;6;4;12;59;114;72;182;933;161;96;32
"202512";"06200422";"06";"20";"04";"22";1108;575;533;6;3;0;17;6;3;6;20;27;16;6;22;105;98;53;77;131;119;85;57;42;72;6;3;24;19;37;36;12;0;0;0;6;26;78;22;203;564;81;116;12
"202512";"06200423";"06";"20";"04";"23";1278;583;695;6;9;12;24;6;7;12;17;25;24;12;61;60;60;52;54;115;121;112;106;84;62;44;31;22;38;41;25;22;14;0;0;6;51;97;61;120;644;137;126;36
"202512";"06300524";"06";"30";"05";"24";885;472;413;10;6;10;9;8;3;0;24;24;28;9;15;31;35;39;51;95;103;97;56;52;47;40;6;10;24;15;16;12;10;0;0;10;33;88;15;66;493;93;65;22
"202512";"06300525";"06";"30";"05";"25";1065;532;533;6;15;7;15;7;10;9;15;9;24;9;43;27;74;30;76;151;117;92;82;63;60;10;19;3;16;33;22;12;9;0;0;6;44;76;43;101;611;89;74;21
"202512";"06300526";"06";"30";"05";"26";629;323;306;0;3;0;3;6;6;0;10;3;3;4;13;27;60;35;67;68;29;48;53;49;37;21;4;6;18;28;16;9;3;0;0;0;12;26;13;87;349;62;68;12
"202512";"06300527";"06";"30";"05";"27";1353;644;709;3;7;9;16;3;9;18;27;12;23;10;25;36;68;49;84;158;163;135;85;90;74;38;30;36;25;50;32;14;15;9;0;3;35;99;25;104;764;142;143;38
"202512";"06300528";"06";"30";"05";"28";1441;682;759;3;7;4;21;12;6;9;16;23;19;12;46;40;82;61;65;149;136;148;135;85;90;41;40;35;27;27;40;33;15;14;0;3;44;85;46;122;779;171;129;62
"202512";"06300629";"06";"30";"06";"29";1239;608;631;7;4;3;6;14;6;9;11;9;6;4;21;38;91;53;94;158;143;107;121;72;66;27;18;20;22;52;33;12;12;0;0;7;27;45;21;129;748;111;127;24
"202512";"06300630";"06";"30";"06";"30";1510;779;731;20;16;15;37;22;19;9;31;33;33;12;57;67;97;49;103;170;166;123;83;91;51;54;15;24;31;15;34;18;3;6;6;20;90;137;57;164;785;120;104;33
"202512";"06300631";"06";"30";"06";"31";852;434;418;0;3;0;9;0;3;3;3;7;13;4;10;54;182;109;103;95;53;41;27;40;25;10;7;7;10;7;12;12;0;3;0;0;12;33;10;236;468;42;36;15
"202512";"06300632";"06";"30";"06";"32";1956;1006;950;7;3;16;33;18;16;12;36;44;25;25;39;75;102;82;87;218;183;222;188;113;114;52;45;38;30;43;38;23;17;9;3;7;70;158;39;177;1093;211;149;52
"202512";"06300633";"06";"30";"06";"33";1913;928;985;3;10;3;27;6;17;13;13;31;33;12;41;60;101;82;119;270;205;176;129;145;110;75;25;30;28;51;43;28;24;3;0;3;46;119;41;161;1126;210;152;55
"202512";"06300634";"06";"30";"06";"34";1140;532;608;3;3;13;13;6;16;16;19;16;9;17;24;27;63;31;64;110;120;142;74;70;71;34;23;14;32;55;25;12;12;3;3;3;35;93;24;90;611;128;126;30
"202512";"06400735";"06";"40";"07";"35";1419;710;709;3;6;7;9;16;6;18;28;28;25;16;34;51;85;44;64;115;145;156;123;66;103;48;24;21;18;57;46;30;12;12;3;3;38;121;34;136;713;175;142;57
"202512";"06400736";"06";"40";"07";"36";486;215;271;3;0;0;9;3;3;4;3;10;18;6;18;21;25;17;13;27;45;35;47;35;52;9;9;12;9;22;15;9;7;0;0;3;12;44;18;46;219;70;58;16
"202512";"06400737";"06";"40";"07";"37";2282;1150;1132;3;9;10;21;9;13;6;32;18;19;6;31;169;372;175;220;245;155;146;126;111;79;59;31;22;52;36;49;40;12;6;0;3;49;94;31;541;1178;169;159;58
"202512";"06400838";"06";"40";"08";"38";706;298;408;6;0;0;3;0;3;6;14;9;3;0;18;18;43;24;41;58;46;63;71;46;44;45;18;16;21;21;32;18;10;6;3;6;3;35;18;61;349;107;90;37
"202512";"06400839";"06";"40";"08";"39";683;306;377;0;4;3;6;3;3;4;6;3;22;6;19;25;33;27;44;52;83;58;47;37;53;18;20;13;16;19;25;23;8;3;0;0;16;44;19;58;348;91;73;34
"202512";"06400840";"06";"40";"08";"40";680;309;371;0;3;6;3;3;5;6;6;12;6;0;13;15;36;39;39;82;75;46;54;46;57;30;6;15;15;21;21;10;3;4;3;0;15;35;13;51;381;93;72;20
"202512";"06400841";"06";"40";"08";"41";1114;514;600;6;7;0;13;3;7;6;11;13;16;10;27;46;109;38;68;130;128;102;56;57;68;41;16;9;23;41;35;18;10;0;0;6;23;63;27;155;579;125;108;28
"202512";"06400842";"06";"40";"08";"42";713;332;381;0;3;6;10;6;3;6;8;14;9;14;10;16;22;16;42;53;82;91;57;78;53;19;15;6;18;25;12;9;10;0;0;0;25;54;10;38;419;87;61;19
"202512";"06400843";"06";"40";"08";"43";752;322;430;0;0;3;6;3;5;0;3;10;18;3;26;27;60;28;40;66;52;75;63;42;68;34;9;18;9;33;24;21;3;0;3;0;12;39;26;87;366;111;84;27
"202512";"06400844";"06";"40";"08";"44";1334;613;721;3;4;0;18;3;9;3;19;25;15;18;38;49;92;70;77;131;121;127;82;95;86;50;25;33;33;31;38;21;12;3;3;3;25;89;38;141;703;161;135;36
"202512";"07100101";"07";"10";"01";"01";2855;1468;1387;3;9;11;12;7;13;10;21;21;13;10;40;56;126;101;201;342;294;233;241;237;191;110;74;66;111;111;105;47;24;12;3;3;39;88;40;182;1649;375;393;86
"202512";"07100102";"07";"10";"01";"02";3028;1618;1410;12;19;20;34;21;12;18;45;36;41;21;52;79;208;135;234;386;359;255;196;175;151;87;59;51;72;82;80;44;34;10;0;12;94;173;52;287;1740;297;285;88
"202512";"07100103";"07";"10";"01";"03";3117;1661;1456;18;6;9;14;4;12;15;23;19;30;15;33;73;189;111;175;368;321;255;206;251;278;146;81;92;74;104;82;60;38;9;6;18;33;114;33;262;1687;505;352;113
"202512";"07100204";"07";"10";"02";"04";2985;1526;1459;6;18;15;36;13;24;18;31;37;34;18;39;63;163;134;259;437;388;263;194;190;124;79;54;46;77;97;62;46;20;0;0;6;82;162;39;226;1865;257;282;66
"202512";"07100205";"07";"10";"02";"05";1984;1026;958;3;4;7;13;9;6;9;15;24;9;17;21;40;72;48;116;202;191;164;155;167;151;91;54;51;42;89;107;50;39;12;6;3;33;80;21;112;1043;296;289;107
"202512";"07100206";"07";"10";"02";"06";2404;1225;1179;3;9;13;9;9;9;9;15;12;17;3;37;63;126;108;158;283;287;234;134;172;160;96;53;29;70;73;87;75;30;18;3;3;40;65;37;189;1376;309;259;126
"202512";"07200307";"07";"20";"03";"07";2254;1156;1098;14;3;3;15;6;4;16;12;15;28;3;20;47;133;90;196;305;253;212;161;151;136;67;27;43;47;90;68;58;15;13;3;14;27;78;20;180;1368;230;248;89
"202512";"07200308";"07";"20";"03";"08";3117;1681;1436;13;15;28;44;15;16;19;52;44;39;17;60;76;195;138;262;433;356;302;226;205;166;74;46;47;39;72;56;36;9;6;11;13;102;187;60;271;1922;286;214;62
"202512";"07200409";"07";"20";"04";"09";1984;994;990;3;12;9;9;0;3;4;9;3;13;6;23;16;115;96;150;234;262;191;148;145;142;66;48;36;33;73;59;43;27;6;0;3;30;38;23;131;1226;256;201;76
"202512";"07200410";"07";"20";"04";"10";1763;908;855;3;10;6;16;20;9;9;25;20;17;4;29;58;75;63;108;232;200;174;149;126;128;53;27;30;36;49;47;30;7;3;0;3;52;84;29;133;1052;208;162;40
"202512";"07200411";"07";"20";"04";"11";700;366;334;3;6;0;0;7;3;3;9;9;3;0;6;13;32;21;54;79;74;51;71;58;59;21;15;18;26;16;24;15;4;0;0;3;13;27;6;45;408;95;84;19
"202512";"07200412";"07";"20";"04";"12";959;519;440;7;6;6;29;3;12;13;10;10;6;0;18;21;62;54;89;199;162;77;64;27;21;20;9;3;3;9;10;0;6;3;0;7;44;51;18;83;672;50;25;9
"202512";"07200413";"07";"20";"04";"13";1684;857;827;3;0;11;15;3;6;3;7;13;6;3;19;25;97;79;145;253;207;176;96;109;111;53;37;22;28;51;33;37;24;9;3;3;29;38;19;122;1065;201;134;73
"202512";"07200414";"07";"20";"04";"14";841;431;410;3;3;4;3;0;0;3;0;7;10;5;4;49;49;37;68;131;117;82;60;47;34;22;12;13;23;25;18;3;9;0;0;3;10;25;4;98;542;68;79;12
"202512";"07300515";"07";"30";"05";"15";1012;479;533;6;9;12;10;19;3;3;3;9;3;10;15;24;51;22;94;149;126;80;73;64;69;31;18;4;11;41;37;3;9;4;0;6;50;31;15;75;608;118;93;16
"202512";"07300516";"07";"30";"05";"16";1549;757;792;3;6;0;9;3;3;6;18;15;22;8;25;50;100;97;163;190;172;132;115;103;71;39;25;32;34;40;27;29;9;3;0;3;18;72;25;150;972;135;133;41
"202512";"07300517";"07";"30";"05";"17";2627;1176;1451;13;24;19;37;27;29;10;39;26;19;12;49;58;134;125;249;475;378;220;168;111;113;64;39;26;37;44;44;24;10;0;4;13;107;135;49;192;1726;216;151;38
"202512";"07300618";"07";"30";"06";"18";1753;828;925;7;3;12;9;6;9;12;13;6;9;9;22;41;101;83;159;222;245;186;128;85;119;44;21;16;47;50;44;24;18;3;0;7;30;58;22;142;1108;184;157;45
"202512";"07300619";"07";"30";"06";"19";3087;1595;1492;8;9;10;24;22;11;3;34;34;36;18;51;73;149;132;241;368;300;283;237;237;196;123;67;56;68;99;80;65;44;3;6;8;65;136;51;222;1798;386;303;118
"202512";"07400720";"07";"40";"07";"20";2512;1255;1257;3;9;8;15;12;12;9;33;22;24;15;19;46;108;101;141;282;334;218;190;180;192;106;47;32;60;99;95;51;36;13;0;3;44;115;19;154;1446;345;286;100
"202512";"07400721";"07";"40";"07";"21";3020;1971;1049;4;3;11;40;10;12;18;31;47;52;25;91;263;500;129;210;269;281;244;225;157;132;73;39;31;44;34;33;6;6;0;0;4;64;185;91;763;1515;244;142;12
"202512";"07400822";"07";"40";"08";"22";827;459;368;3;12;7;20;3;10;14;23;14;29;11;35;36;39;24;41;130;114;85;56;41;31;3;9;9;12;6;3;0;7;0;0;3;42;101;35;75;491;43;30;7
"202512";"07400823";"07";"40";"08";"23";1954;1002;952;3;7;24;37;20;9;10;49;18;15;10;27;49;76;85;115;286;234;173;151;147;113;62;36;35;31;42;40;37;6;7;0;3;88;111;27;125;1191;211;148;50
"202512";"07400824";"07";"40";"08";"24";1824;957;867;9;18;12;15;15;12;15;12;30;31;16;34;51;89;82;180;247;193;182;149;111;92;37;15;25;32;52;36;17;15;0;0;9;60;116;34;140;1144;144;145;32
"202512";"07400825";"07";"40";"08";"25";1818;932;886;6;9;3;19;9;13;10;18;23;23;4;32;38;85;80;143;256;265;166;115;121;116;83;19;22;31;43;25;22;12;4;3;6;40;91;32;123;1146;218;121;41
"202512";"07400826";"07";"40";"08";"26";770;403;367;3;0;3;3;0;4;4;9;9;3;3;17;12;30;46;68;89;74;58;47;60;70;34;19;6;13;22;36;9;10;6;3;3;6;32;17;42;442;123;77;28
"202512";"07400927";"07";"40";"09";"27";3294;1795;1499;18;37;30;43;24;19;24;43;33;40;16;76;111;246;149;290;453;353;293;210;201;173;110;40;44;40;73;47;21;25;9;3;18;134;175;76;357;1949;323;204;58
"202512";"07400928";"07";"40";"09";"28";1562;859;703;8;7;13;16;13;15;6;19;25;16;7;26;55;77;45;118;271;225;161;106;90;66;45;10;21;30;25;28;9;9;0;0;8;49;88;26;132;1016;121;104;18
"202512";"07501029";"07";"50";"10";"29";2220;1145;1075;10;12;13;40;12;12;22;26;26;40;11;53;74;119;83;129;310;276;193;145;162;135;63;28;36;54;60;37;23;13;3;0;10;77;137;53;193;1298;226;187;39
"202512";"07501030";"07";"50";"10";"30";2177;1099;1078;9;9;16;15;3;11;12;31;23;28;6;42;45;118;94;170;282;285;204;165;141;105;77;33;38;43;58;56;30;19;6;3;9;43;111;42;163;1341;215;195;58
"202512";"07501031";"07";"50";"10";"31";1708;874;834;4;6;7;19;12;6;11;34;14;18;7;28;22;76;73;124;204;192;171;145;115;115;55;28;35;40;55;57;19;10;3;3;4;44;90;28;98;1024;198;187;35
"202512";"07501032";"07";"50";"10";"32";1274;644;630;10;13;9;32;10;10;10;28;23;18;6;18;31;47;30;77;160;180;138;85;84;83;38;26;15;23;22;26;13;6;3;0;10;64;95;18;78;754;147;86;22
"202512";"07501133";"07";"50";"11";"33";2355;1243;1112;13;26;20;49;28;28;24;41;51;50;17;50;68;149;99;160;299;285;195;160;143;131;66;26;38;25;43;38;17;10;6;0;13;123;211;50;217;1341;223;144;33
"202512";"07501134";"07";"50";"11";"34";1677;825;852;9;11;7;17;12;10;25;26;39;38;13;33;28;86;67;88;199;163;172;124;127;104;62;22;27;31;34;46;33;21;3;0;9;47;151;33;114;940;188;138;57
"202512";"07501135";"07";"50";"11";"35";346;173;173;3;0;3;6;3;0;0;3;6;6;7;6;12;16;20;31;25;39;25;37;30;29;3;3;3;3;12;6;6;3;0;0;3;12;22;6;28;207;35;24;9
"202512";"07601236";"07";"60";"12";"36";2977;1570;1407;9;22;24;75;46;36;45;89;103;102;51;132;128;198;106;206;294;286;254;182;158;136;80;41;35;35;46;40;15;0;3;0;9;167;426;132;326;1486;257;156;18
"202512";"07601237";"07";"60";"12";"37";696;372;324;0;6;3;15;0;9;3;13;9;0;6;12;15;38;29;47;77;89;79;46;68;36;21;9;9;18;9;18;6;6;0;0;0;24;40;12;53;435;66;54;12
"202512";"07601238";"07";"60";"12";"38";553;302;251;0;6;3;12;3;13;10;3;11;9;0;15;13;24;16;27;72;53;47;65;41;39;12;6;3;9;3;18;14;6;0;0;0;24;46;15;37;321;57;33;20
"202512";"07601339";"07";"60";"13";"39";1119;532;587;19;11;16;17;9;7;12;21;22;19;12;37;31;36;39;73;124;123;103;106;80;57;32;15;17;18;28;13;19;0;3;0;19;53;93;37;67;648;104;76;22
"202512";"07601340";"07";"60";"13";"40";1284;656;628;3;12;0;25;6;14;15;24;22;19;7;30;33;32;33;89;136;142;112;106;111;103;34;31;24;15;25;37;16;22;6;0;3;43;101;30;65;729;168;101;44
"202512";"07601341";"07";"60";"13";"41";309;147;162;4;0;0;3;6;0;3;3;11;6;6;4;3;21;18;16;38;25;33;33;12;14;6;10;0;3;16;12;0;3;0;0;4;9;29;4;24;175;30;31;3
"202512";"07601442";"07";"60";"14";"42";1378;707;671;6;15;7;18;12;12;10;24;15;12;9;43;34;66;54;118;130;136;121;153;95;80;46;18;10;24;35;47;15;10;3;0;6;52;82;43;100;807;144;116;28
"202512";"07601443";"07";"60";"14";"43";1311;672;639;3;7;6;18;10;12;9;24;28;19;12;25;28;66;41;77;146;147;129;102;101;77;46;28;16;27;52;25;15;12;0;3;3;41;104;25;94;743;151;120;30
"202512";"07601544";"07";"60";"15";"44";1792;889;903;3;12;13;36;29;21;27;47;40;34;23;57;60;76;47;89;172;199;193;144;109;113;46;39;27;36;41;28;19;6;3;3;3;90;192;57;136;953;198;132;31
"202512";"07601545";"07";"60";"15";"45";1966;980;986;15;12;9;38;12;27;28;58;49;77;21;76;80;107;71;129;198;176;193;164;149;99;32;32;21;15;35;24;3;13;3;0;15;71;260;76;187;1080;163;95;19
"202512";"07601546";"07";"60";"15";"46";747;379;368;0;6;9;6;3;0;3;12;9;12;9;19;20;50;30;48;80;75;72;65;45;54;29;15;6;30;9;9;15;7;0;0;0;24;45;19;70;415;98;54;22
"202512";"07601547";"07";"60";"15";"47";662;374;288;6;9;11;13;10;13;9;19;10;19;3;21;22;48;46;48;59;79;44;37;48;25;22;0;6;7;15;9;4;0;0;0;6;43;73;21;70;361;47;37;4
"202512";"07601548";"07";"60";"15";"48";298;152;146;3;6;3;3;3;8;0;6;0;0;6;3;6;3;15;21;28;19;24;33;15;28;13;7;3;9;15;3;6;0;6;3;3;15;20;3;9;155;48;30;15
"202512";"08100101";"08";"10";"01";"01";1826;988;838;9;6;3;18;9;9;12;16;12;11;6;13;32;57;77;138;295;277;193;134;105;96;67;35;32;22;46;31;28;21;13;3;9;36;66;13;89;1219;198;131;65
"202512";"08100102";"08";"10";"01";"02";2974;1563;1411;9;6;6;22;9;0;7;16;12;18;13;23;54;117;125;249;475;498;375;201;195;137;86;37;40;38;71;70;44;12;9;0;9;43;66;23;171;2118;260;219;65
"202512";"08100103";"08";"10";"01";"03";2363;1233;1130;3;15;12;15;12;9;10;22;12;10;7;20;31;70;68;160;393;401;295;200;147;144;55;26;30;54;40;53;24;16;6;3;3;54;70;20;101;1664;225;177;49
"202512";"08100104";"08";"10";"01";"04";2584;1406;1178;0;13;10;15;10;13;12;32;32;23;7;39;70;155;90;200;370;383;268;210;169;153;86;26;36;46;35;42;21;12;3;3;0;48;119;39;225;1690;265;159;39
"202512";"08100105";"08";"10";"01";"05";2385;1293;1092;6;3;4;27;15;15;16;10;30;27;15;30;67;90;88;212;362;352;237;171;153;125;93;50;22;22;53;59;13;15;3;0;6;49;113;30;157;1575;268;156;31
"202512";"08100206";"08";"10";"02";"06";3587;1878;1709;3;4;6;13;9;12;9;28;22;29;15;46;61;164;136;265;539;541;393;275;202;217;150;56;50;66;90;65;58;45;15;3;3;32;115;46;225;2351;423;271;121
"202512";"08100207";"08";"10";"02";"07";2637;1331;1306;15;13;9;24;12;16;6;27;28;16;16;38;55;72;70;127;280;285;287;273;235;185;99;48;54;73;94;73;74;18;15;0;15;58;109;38;127;1557;332;294;107
"202512";"08100208";"08";"10";"02";"08";4549;2473;2076;6;13;16;41;20;9;15;49;57;45;16;82;144;257;218;310;672;639;457;322;330;233;122;78;58;61;80;92;62;36;3;6;6;90;191;82;401;2948;433;291;107
"202512";"08100209";"08";"10";"02";"09";3698;2033;1665;22;15;22;36;17;21;25;48;36;60;19;60;118;197;172;315;556;518;296;291;224;211;110;49;40;67;51;46;31;22;3;0;22;90;209;60;315;2372;370;204;56
"202512";"08100310";"08";"10";"03";"10";2421;1210;1211;0;6;6;9;9;4;3;16;10;21;6;25;16;89;85;184;392;404;307;220;151;137;72;42;21;32;46;59;35;14;0;0;0;30;60;25;105;1743;251;158;49
"202512";"08100311";"08";"10";"03";"11";2253;1191;1062;6;3;0;12;3;0;3;6;7;10;9;19;19;75;69;188;349;372;345;197;155;102;65;36;35;30;52;47;27;9;3;0;6;18;35;19;94;1675;203;164;39
"202512";"08100312";"08";"10";"03";"12";4068;2081;1987;12;11;18;21;19;15;15;27;41;28;16;35;71;134;147;322;641;637;482;337;264;231;122;54;62;61;82;90;37;33;3;0;12;69;142;35;205;2830;407;295;73
"202512";"08100313";"08";"10";"03";"13";782;404;378;3;0;0;0;0;6;0;7;4;0;0;12;13;31;26;43;85;77;93;88;80;52;38;24;4;30;29;13;6;15;3;0;3;0;17;12;44;492;114;76;24
"202512";"08100314";"08";"10";"03";"14";3302;1737;1565;13;12;13;12;13;13;19;20;21;37;18;25;72;147;126;244;508;486;347;281;236;187;88;52;45;65;71;82;36;13;0;0;13;50;128;25;219;2228;327;263;49
"202512";"08100415";"08";"10";"04";"15";2294;1227;1067;11;3;11;21;14;16;9;23;17;12;15;25;42;113;83;170;381;368;236;183;138;98;80;35;24;49;52;32;24;6;3;0;11;49;92;25;155;1559;213;157;33
"202512";"08100416";"08";"10";"04";"16";2301;1276;1025;13;7;13;6;9;11;6;13;22;17;10;48;47;116;97;168;321;308;258;209;138;123;74;37;32;42;51;54;33;9;9;0;13;35;79;48;163;1499;234;179;51
"202512";"08100417";"08";"10";"04";"17";3546;1899;1647;9;6;15;35;12;6;15;42;36;22;18;49;105;207;149;283;530;497;372;267;231;183;92;50;37;66;65;69;41;28;6;3;9;68;139;49;312;2329;325;237;78
"202512";"08100418";"08";"10";"04";"18";2875;1538;1337;6;9;7;20;9;21;12;26;19;17;10;57;59;157;100;198;423;464;312;222;211;156;79;43;39;50;74;45;15;6;6;3;6;45;105;57;216;1930;278;208;30
"202512";"08100419";"08";"10";"04";"19";3128;1652;1476;22;26;25;61;22;23;35;70;78;83;39;86;101;139;94;204;422;420;334;233;180;114;66;41;34;54;54;19;30;16;3;0;22;134;328;86;240;1887;221;161;49
"202512";"08100520";"08";"10";"05";"20";2356;1281;1075;12;12;6;37;16;16;18;29;29;45;18;30;82;140;103;185;285;251;208;162;170;169;88;46;38;36;50;33;27;15;0;0;12;71;155;30;222;1364;303;157;42
"202512";"08100521";"08";"10";"05";"21";3016;1623;1393;3;18;15;29;16;16;23;38;47;28;16;55;62;115;67;151;306;318;267;294;320;250;136;74;55;55;94;63;52;30;3;0;3;78;168;55;177;1723;460;267;85
"202512";"08200622";"08";"20";"06";"22";2797;1632;1165;9;15;25;44;28;22;27;53;54;49;21;49;105;201;123;238;351;306;225;208;167;187;81;22;36;42;39;25;16;26;0;3;9;112;226;49;306;1618;290;142;45
"202512";"08200623";"08";"20";"06";"23";2008;1115;893;16;15;11;15;11;18;18;42;43;51;25;95;101;138;76;134;226;213;182;144;139;81;61;21;25;33;31;27;13;3;0;0;16;52;197;95;239;1114;163;116;16
"202512";"08200624";"08";"20";"06";"24";2745;1463;1282;13;15;15;27;19;18;14;18;39;27;14;49;74;194;148;200;352;333;255;214;184;174;65;40;59;41;48;52;28;13;3;0;13;76;130;49;268;1686;279;200;44
"202512";"08200725";"08";"20";"07";"25";387;216;171;3;0;4;0;0;6;0;0;4;3;0;0;0;31;20;18;39;47;28;33;25;37;9;12;9;9;16;12;10;6;6;0;3;4;13;0;31;210;58;46;22
"202512";"08200726";"08";"20";"07";"26";1075;563;512;6;6;0;18;12;3;15;12;7;6;6;17;40;77;51;60;154;118;84;81;85;61;37;16;13;28;18;29;12;3;0;0;6;36;49;17;117;633;114;88;15
"202512";"08200727";"08";"20";"07";"27";1489;788;701;3;7;10;15;6;6;3;27;21;19;3;21;31;68;64;118;233;171;152;113;105;54;35;41;25;30;33;33;18;15;6;3;3;38;79;21;99;956;130;121;42
"202512";"08200728";"08";"20";"07";"28";191;87;104;0;0;0;4;0;0;0;0;3;4;0;3;3;0;4;14;19;22;20;9;16;30;0;7;0;9;9;8;7;0;0;0;0;4;7;3;3;104;37;26;7
"202512";"08200729";"08";"20";"07";"29";286;133;153;3;0;0;0;3;0;0;0;3;7;3;4;6;9;12;21;47;30;12;22;9;35;13;6;3;3;9;19;3;0;0;4;3;3;13;4;15;153;54;34;7
"202512";"08200730";"08";"20";"07";"30";692;360;332;0;6;7;4;3;0;0;12;6;6;0;11;10;52;32;57;73;65;48;69;62;29;32;18;4;18;18;25;3;12;6;4;0;20;24;11;62;406;79;65;25
"202512";"08200831";"08";"20";"08";"31";1278;660;618;3;10;0;6;6;9;6;12;13;19;10;22;26;68;47;97;158;139;125;113;97;90;43;19;9;21;41;31;32;3;3;0;3;22;69;22;94;776;152;102;38
"202512";"08200832";"08";"20";"08";"32";2647;1339;1308;25;30;24;54;31;32;27;73;59;48;16;72;79;132;111;175;291;275;258;206;170;154;79;38;37;39;37;33;21;18;3;0;25;139;255;72;211;1486;271;146;42
"202512";"08200833";"08";"20";"08";"33";2803;1464;1339;18;4;19;28;10;15;27;53;42;17;27;62;109;205;177;281;345;277;234;192;175;161;73;33;34;47;65;36;18;9;7;3;18;61;181;62;314;1681;267;182;37
"202512";"08300934";"08";"30";"09";"34";3041;1543;1498;9;22;19;28;17;11;18;34;32;32;24;52;65;126;100;200;331;318;257;252;251;216;144;71;65;89;110;52;62;28;6;0;9;86;151;52;191;1709;431;316;96
"202512";"08300935";"08";"30";"09";"35";1831;930;901;6;9;12;16;13;6;0;33;12;16;9;28;27;89;73;135;252;191;145;155;137;144;65;42;37;48;50;48;20;7;6;0;6;50;76;28;116;1088;251;183;33
"202512";"08301036";"08";"30";"10";"36";1930;942;988;3;20;21;30;15;23;32;36;30;41;22;63;55;84;54;112;193;190;174;147;155;140;72;36;36;28;31;37;21;9;13;7;3;86;184;63;139;1025;248;132;50
"202512";"08301037";"08";"30";"10";"37";2750;1376;1374;8;7;9;33;12;15;12;34;25;25;18;42;45;102;76;127;335;281;270;243;245;223;134;67;49;83;87;63;34;34;6;6;8;61;129;42;147;1577;424;282;80
"202512";"08401138";"08";"40";"11";"38";511;256;255;9;3;9;0;6;3;4;10;16;9;6;12;15;25;3;37;49;58;63;46;43;24;19;3;4;6;13;7;6;3;0;0;9;18;48;12;40;299;46;30;9
"202512";"08401139";"08";"40";"11";"39";799;393;406;0;6;0;6;7;3;0;15;9;3;12;30;15;25;36;75;71;79;75;81;61;64;21;13;6;18;13;30;9;6;10;0;0;19;42;30;40;478;98;67;25
"202512";"08401140";"08";"40";"11";"40";504;260;244;0;3;0;9;7;0;6;3;6;10;0;13;9;42;21;39;62;44;42;30;29;37;28;16;15;12;12;3;3;3;0;0;0;19;25;13;51;267;81;42;6
"202512";"08401241";"08";"40";"12";"41";1656;894;762;6;13;12;18;16;6;3;25;21;22;6;34;65;102;86;118;172;147;138;137;161;92;55;30;6;25;34;37;40;17;12;0;6;59;83;34;167;959;177;102;69
"202512";"08401242";"08";"40";"12";"42";973;520;453;6;6;3;19;9;3;14;14;15;13;4;20;21;79;37;42;101;98;91;76;65;50;43;15;24;9;31;23;17;15;7;3;6;37;63;20;100;510;108;87;42
"202512";"08401243";"08";"40";"12";"43";1758;975;783;10;9;3;32;12;12;9;13;24;25;9;31;59;121;70;117;226;197;140;146;159;98;47;25;18;37;43;29;25;9;3;0;10;56;92;31;180;1055;170;127;37
"202512";"08401244";"08";"40";"12";"44";782;392;390;6;3;3;7;6;3;3;18;6;9;3;6;29;25;21;44;74;57;97;72;63;55;36;15;15;19;31;25;12;13;0;6;6;19;42;6;54;428;106;90;31
"202512";"08401245";"08";"40";"12";"45";435;188;247;0;3;3;6;3;0;6;12;7;3;0;3;22;12;15;21;40;37;37;33;54;50;6;6;3;9;10;15;6;10;3;0;0;15;28;3;34;237;62;37;19
"202512";"08401246";"08";"40";"12";"46";1132;546;586;0;11;4;12;3;18;8;15;12;25;16;24;38;50;36;68;122;83;93;115;95;84;51;16;16;25;31;30;19;6;6;0;0;30;94;24;88;612;151;102;31
"202512";"09100101";"09";"10";"01";"01";2978;1542;1436;4;17;13;28;9;8;12;20;30;12;13;38;64;162;124;256;513;495;386;238;202;124;57;36;15;22;36;17;15;6;6;0;4;67;95;38;226;2214;217;90;27
"202512";"09100202";"09";"10";"02";"02";603;313;290;3;0;6;3;6;0;0;3;6;9;3;3;16;40;31;46;83;92;72;56;47;44;9;6;4;3;9;3;0;0;0;0;3;15;21;3;56;427;59;19;0
"202512";"09100203";"09";"10";"02";"03";1847;1048;799;3;12;13;22;9;12;15;19;42;13;6;21;59;176;155;218;393;250;144;77;71;51;21;12;6;13;6;4;0;4;0;0;3;56;107;21;235;1308;84;29;4
"202512";"09100304";"09";"10";"03";"04";1906;1015;891;16;9;18;30;6;6;14;27;19;20;3;27;55;121;106;199;388;318;165;99;64;70;30;19;15;24;22;3;7;3;3;0;16;63;89;27;176;1339;119;64;13
"202512";"09100305";"09";"10";"03";"05";851;460;391;9;3;6;14;14;6;0;6;6;7;0;7;15;51;37;87;175;160;83;52;47;10;22;9;6;7;6;6;0;0;0;0;9;37;25;7;66;641;41;25;0
"202512";"09100306";"09";"10";"03";"06";648;338;310;3;6;12;12;12;19;10;32;15;16;12;34;19;25;9;31;52;65;46;45;42;43;21;3;10;10;3;13;15;10;3;0;3;42;104;34;44;290;67;36;28
"202512";"09100407";"09";"10";"04";"07";1188;643;545;12;20;18;30;6;17;22;18;21;15;11;33;40;57;72;93;201;203;100;71;19;40;12;10;9;13;6;10;6;3;0;0;12;74;104;33;97;759;62;38;9
"202512";"09100408";"09";"10";"04";"08";1519;744;775;16;17;18;27;21;15;9;38;30;22;13;40;47;97;72;131;238;217;151;94;68;45;18;19;15;17;18;3;0;3;0;0;16;83;127;40;144;971;82;53;3
"202512";"09100409";"09";"10";"04";"09";832;429;403;9;6;3;27;14;12;9;13;6;9;0;25;47;56;39;80;124;94;60;78;45;18;15;6;6;0;3;13;12;0;3;0;9;50;49;25;103;520;39;22;15
"202512";"09200510";"09";"20";"05";"10";2813;1578;1235;16;27;28;63;30;22;28;47;35;36;12;59;137;279;195;311;520;357;204;140;88;66;37;19;15;9;24;6;0;3;0;0;16;148;180;59;416;1815;122;54;3
"202512";"09200511";"09";"20";"05";"11";3060;1650;1410;21;12;30;56;21;35;39;58;60;41;40;81;114;280;214;302;541;338;261;146;125;85;70;19;19;22;15;12;0;0;0;3;21;119;273;81;394;1927;174;68;3
"202512";"09200512";"09";"20";"05";"12";1424;768;656;13;6;10;26;11;12;11;37;24;18;9;21;97;267;105;145;214;163;87;54;49;18;3;9;3;3;0;6;0;3;0;0;13;53;111;21;364;817;30;12;3
"202512";"09200613";"09";"20";"06";"13";3733;2100;1633;25;33;33;85;38;40;28;59;71;48;19;82;133;332;217;417;706;513;326;200;132;81;35;12;13;18;24;7;3;3;0;0;25;189;265;82;465;2511;128;62;6
"202512";"09200614";"09";"20";"06";"14";713;392;321;3;15;12;25;20;11;3;13;6;6;3;32;12;53;36;53;139;102;51;33;27;28;9;9;0;0;6;0;3;3;0;0;3;72;42;32;65;441;46;6;6
"202512";"09200715";"09";"20";"07";"15";1615;883;732;6;18;15;29;7;16;10;19;16;16;6;17;65;237;137;198;282;220;130;57;54;24;15;6;0;3;3;3;3;3;0;0;6;69;83;17;302;1078;45;9;6
"202512";"09200716";"09";"20";"07";"16";2261;1228;1033;15;25;15;47;18;19;21;32;51;38;16;87;166;272;168;238;351;232;143;104;66;41;33;6;18;22;10;7;0;0;0;0;15;105;177;87;438;1302;80;57;0
"202512";"09200717";"09";"20";"07";"17";2272;1252;1020;19;19;38;46;19;21;15;50;25;32;18;47;94;200;133;254;393;264;194;121;86;82;32;6;13;12;13;19;0;0;4;3;19;122;161;47;294;1445;120;57;7
"202512";"09200818";"09";"20";"08";"18";1055;543;512;10;6;6;21;3;7;3;12;9;15;3;12;12;101;54;163;231;160;95;37;27;34;13;3;3;3;9;3;0;0;0;0;10;36;49;12;113;767;50;18;0
"202512";"09200819";"09";"20";"08";"19";2170;1158;1012;9;13;21;37;15;25;25;62;50;39;28;68;103;193;100;157;278;260;199;131;101;84;36;36;21;13;33;23;10;0;0;0;9;86;229;68;296;1226;156;90;10
"202512";"09300920";"09";"30";"09";"20";1722;866;856;17;3;18;23;24;17;13;37;38;49;15;32;54;102;69;99;232;243;183;125;116;71;30;24;19;15;15;19;14;3;0;3;17;68;169;32;156;1067;125;68;20
"202512";"09300921";"09";"30";"09";"21";527;277;250;7;0;6;15;11;6;0;21;9;18;6;40;18;52;9;44;51;65;37;31;27;25;9;7;3;3;4;0;0;3;0;0;7;32;60;40;70;264;41;10;3
"202512";"09300922";"09";"30";"09";"22";1127;555;572;19;24;19;38;18;18;20;42;43;18;13;28;35;57;44;65;149;125;81;69;45;36;25;30;12;21;16;17;0;0;0;0;19;99;154;28;92;578;91;66;0
"202512";"09300923";"09";"30";"09";"23";2075;995;1080;35;42;44;63;37;45;39;55;63;83;24;91;105;103;80;140;236;220;189;114;103;73;18;19;16;6;16;3;7;6;0;0;35;186;309;91;208;1082;110;41;13
"202512";"09301024";"09";"30";"10";"24";697;340;357;6;13;3;35;9;7;13;18;7;6;3;12;29;50;39;60;111;94;46;39;37;24;15;0;12;3;0;3;3;0;0;0;6;60;54;12;79;426;39;18;3
"202512";"09301025";"09";"30";"10";"25";1892;1095;797;24;12;23;42;18;21;22;46;38;45;6;60;95;164;75;150;251;220;184;120;101;87;29;16;9;6;16;3;6;0;3;0;24;95;178;60;259;1101;132;34;9
"202512";"09301126";"09";"30";"11";"26";1229;618;611;21;12;19;25;4;18;18;21;16;19;6;29;19;64;30;95;220;230;149;69;43;40;10;9;9;15;9;0;4;3;3;0;21;60;98;29;83;836;59;33;10
"202512";"09301227";"09";"30";"12";"27";82;33;49;0;0;0;0;0;0;0;0;0;0;4;7;0;3;4;0;10;15;12;6;9;3;3;3;0;0;3;0;0;0;0;0;0;0;4;7;3;56;9;3;0
"202512";"09301228";"09";"30";"12";"28";209;121;88;7;0;0;6;0;3;0;0;0;3;0;3;0;25;6;21;21;24;19;12;13;15;10;6;3;6;0;6;0;0;0;0;7;6;6;3;25;116;31;15;0
"202512";"09401329";"09";"40";"13";"29";1434;762;672;20;22;23;41;18;19;7;40;37;22;10;25;53;90;79;105;215;227;111;74;55;43;18;16;9;18;12;7;12;3;3;0;20;104;135;25;143;866;77;46;18
"202512";"09401330";"09";"40";"13";"30";105;42;63;0;0;0;0;0;0;6;3;0;7;3;0;0;12;0;3;15;12;16;0;12;0;0;0;3;3;7;3;0;0;0;0;0;0;19;0;12;58;0;16;0
"202512";"09401431";"09";"40";"14";"31";909;464;445;15;21;14;47;15;22;27;36;38;30;22;50;55;29;21;33;99;86;86;56;40;27;4;9;6;6;9;3;3;0;0;0;15;97;175;50;84;421;40;24;3
"202512";"09401432";"09";"40";"14";"32";217;97;120;6;0;6;6;3;0;6;14;6;12;3;3;3;10;3;19;25;36;3;19;25;3;3;0;3;0;0;0;0;0;0;0;6;15;41;3;13;130;6;3;0
"202512";"09401433";"09";"40";"14";"33";424;201;223;3;9;3;3;3;0;3;6;9;6;9;12;24;27;29;31;49;31;52;37;33;13;10;3;3;0;0;7;9;0;0;0;3;18;33;12;51;262;26;10;9
"202512";"09401534";"09";"40";"15";"34";1502;779;723;7;25;21;48;16;16;22;52;40;52;21;61;52;87;37;93;210;167;144;103;66;60;37;16;16;14;13;6;0;0;0;0;7;110;203;61;139;820;113;49;0
"202512";"09401635";"09";"40";"16";"35";391;192;199;0;0;6;3;9;3;0;4;9;9;0;15;3;18;12;15;37;46;64;30;24;22;13;15;9;9;7;3;3;3;0;0;0;18;25;15;21;228;50;28;6
"202512";"09501736";"09";"50";"17";"36";417;246;171;0;6;0;9;3;0;0;13;9;3;0;15;20;22;13;30;43;63;47;35;35;21;3;6;3;6;9;0;3;0;0;0;0;18;25;15;42;266;30;18;3
"202512";"09501737";"09";"50";"17";"37";937;486;451;3;0;13;18;4;13;10;10;16;18;6;40;41;55;49;69;136;116;99;55;59;28;22;15;6;10;9;10;4;3;0;0;3;35;73;40;96;583;65;35;7
"202512";"09501838";"09";"50";"18";"38";1057;547;510;16;11;12;21;21;9;15;19;16;12;3;38;47;50;36;78;172;174;102;70;38;33;12;9;10;0;22;8;0;3;0;0;16;65;74;38;97;670;54;40;3
"202512";"09501939";"09";"50";"19";"39";1283;647;636;15;12;12;25;13;18;12;28;30;19;7;30;31;60;82;126;209;192;131;70;50;33;20;6;6;12;16;9;0;9;0;0;15;62;114;30;91;860;59;43;9
"202512";"09501940";"09";"50";"19";"40";505;262;243;3;6;13;10;15;7;7;7;3;3;6;6;16;28;26;54;93;56;53;35;12;13;12;3;3;12;0;0;3;0;0;0;3;44;33;6;44;329;28;15;3
"202512";"09501941";"09";"50";"19";"41";405;203;202;3;9;0;15;0;6;6;6;6;10;3;6;9;19;15;32;81;78;43;15;3;12;6;3;0;9;3;4;3;0;0;0;3;24;37;6;28;267;21;16;3
"202512";"09502042";"09";"50";"20";"42";622;332;290;0;15;9;6;9;10;3;7;6;6;3;10;15;44;28;47;152;122;55;33;18;3;0;6;3;0;6;3;0;3;0;0;0;39;35;10;59;455;9;12;3
"202512";"09502043";"09";"50";"20";"43";753;390;363;9;14;6;12;9;3;0;24;16;9;3;22;26;34;28;62;104;102;78;42;51;36;21;9;6;12;6;6;3;0;0;0;9;41;55;22;60;467;66;30;3
"202512";"10100101";"10";"10";"01";"01";1361;675;686;7;12;21;47;22;15;29;44;42;38;10;49;35;74;44;81;157;151;110;100;80;75;35;17;17;13;21;12;3;0;0;0;7;102;178;49;109;723;127;63;3
"202512";"10100102";"10";"10";"01";"02";1021;540;481;12;16;15;30;9;13;15;21;25;27;10;24;46;37;40;64;140;132;92;67;57;53;24;6;15;16;12;0;0;3;0;0;12;70;111;24;83;592;83;43;3
"202512";"10100103";"10";"10";"01";"03";1655;908;747;19;18;17;21;20;20;12;33;32;25;12;39;63;137;77;136;221;167;137;91;100;80;48;20;21;25;28;18;6;9;3;0;19;76;134;39;200;929;148;92;18
"202512";"10100104";"10";"10";"01";"04";1385;716;669;11;15;3;36;21;24;18;26;41;43;23;38;37;89;49;75;162;166;135;116;100;51;30;25;9;15;12;12;3;0;0;0;11;75;175;38;126;803;106;48;3
"202512";"10100205";"10";"10";"02";"05";825;521;304;9;26;18;30;10;10;12;28;21;10;9;23;54;100;42;85;106;66;73;31;21;15;12;7;0;0;0;3;4;0;0;0;9;84;90;23;154;424;34;3;4
"202512";"10100206";"10";"10";"02";"06";2399;1220;1179;25;21;34;66;35;33;46;74;62;51;39;69;85;127;73;193;353;285;209;150;125;94;42;24;21;28;22;9;0;4;0;0;25;156;305;69;212;1388;160;80;4
"202512";"10100207";"10";"10";"02";"07";1246;652;594;0;15;13;33;16;13;10;28;37;24;9;38;43;69;47;98;194;132;105;75;76;63;46;10;6;9;15;12;3;4;3;0;0;77;121;38;112;727;119;42;10
"202512";"10100208";"10";"10";"02";"08";2338;1243;1095;22;27;27;65;34;28;39;62;64;25;19;52;71;141;149;178;360;304;201;132;98;87;39;31;18;25;19;18;0;3;0;0;22;153;237;52;212;1422;157;80;3
"202512";"10100209";"10";"10";"02";"09";2533;1333;1200;34;34;32;83;33;28;41;62;63;56;23;66;112;251;113;197;320;277;219;162;109;105;35;12;16;13;12;12;7;6;0;0;34;182;273;66;363;1397;152;53;13
"202512";"10100210";"10";"10";"02";"10";2000;989;1011;14;20;27;68;31;32;9;59;36;46;22;56;56;98;75;140;207;227;185;156;129;100;57;30;27;49;29;9;0;6;0;0;14;146;204;56;154;1119;187;114;6
"202512";"10100311";"10";"10";"03";"11";1117;641;476;6;10;4;16;10;9;0;15;13;13;7;21;46;130;104;130;183;126;74;47;38;51;18;9;10;14;9;0;4;0;0;0;6;40;57;21;176;702;78;33;4
"202512";"10100312";"10";"10";"03";"12";3940;2053;1887;39;42;53;101;49;42;63;103;89;89;34;138;147;293;167;293;586;476;277;237;229;150;65;43;27;39;33;21;6;6;0;3;39;245;420;138;440;2265;258;120;15
"202512";"10100313";"10";"10";"03";"13";1379;749;630;10;20;19;34;25;13;3;16;22;28;6;31;60;112;82;135;179;137;105;95;71;64;23;18;9;18;31;13;0;0;0;0;10;98;88;31;172;804;105;71;0
"202512";"10100314";"10";"10";"03";"14";906;458;448;9;6;12;15;0;13;6;17;15;9;9;44;30;61;30;82;124;81;85;71;73;53;7;9;13;6;13;10;3;0;0;0;9;33;69;44;91;546;69;42;3
"202512";"10100315";"10";"10";"03";"15";1960;973;987;20;27;34;85;30;21;21;63;54;40;25;72;78;131;68;143;253;234;165;134;69;73;38;24;23;19;3;4;6;0;3;0;20;176;224;72;209;1066;135;49;9
"202512";"10100316";"10";"10";"03";"16";335;147;188;0;4;3;13;6;12;11;9;0;3;3;9;19;6;6;12;50;47;41;23;3;12;6;9;6;0;16;3;3;0;0;0;0;26;38;9;25;182;27;25;3
"202512";"10200417";"10";"20";"04";"17";2458;1180;1278;14;35;28;80;29;32;28;89;81;89;28;87;100;130;73;162;308;283;223;148;150;125;33;22;16;16;26;11;3;9;0;0;14;172;347;87;230;1347;180;69;12
"202512";"10200418";"10";"20";"04";"18";1747;852;895;15;31;27;56;35;26;35;72;39;37;21;64;68;108;70;142;204;173;139;117;87;56;24;29;18;26;9;19;0;0;0;0;15;149;230;64;176;932;109;72;0
"202512";"10200419";"10";"20";"04";"19";1429;760;669;12;17;21;52;16;34;16;41;42;29;16;64;58;77;43;100;196;173;126;114;78;39;24;7;13;12;3;6;0;0;0;0;12;106;178;64;135;830;70;34;0
"202512";"10200420";"10";"20";"04";"20";3185;1612;1573;30;53;63;108;66;45;69;128;127;114;50;155;154;198;113;214;374;347;265;194;106;89;44;15;12;12;26;7;4;3;0;0;30;290;533;155;352;1613;148;57;7
"202512";"10200421";"10";"20";"04";"21";515;272;243;0;3;3;17;9;4;0;15;12;19;13;24;19;27;20;36;68;71;48;35;24;15;9;3;6;6;9;0;0;0;0;0;0;32;63;24;46;302;27;21;0
"202512";"10200422";"10";"20";"04";"22";2929;1524;1405;27;37;42;80;60;49;47;80;110;81;39;111;122;143;115;199;355;338;268;180;124;118;46;31;36;36;33;12;4;6;0;0;27;219;406;111;265;1579;195;117;10
"202512";"10200423";"10";"20";"04";"23";2055;1159;896;11;27;34;40;24;22;25;60;29;41;15;48;82;170;107;181;254;244;168;172;135;70;22;15;3;22;15;10;6;3;0;0;11;125;192;48;252;1261;107;50;9
"202512";"10200524";"10";"20";"05";"24";3092;1588;1504;44;65;59;120;52;55;43;96;55;78;34;94;86;234;162;214;459;365;221;166;141;115;35;25;15;38;11;10;0;0;0;0;44;296;361;94;320;1728;175;74;0
"202512";"10200525";"10";"20";"05";"25";1562;780;782;12;24;32;63;32;23;34;58;67;41;15;78;72;83;50;77;165;148;146;134;79;39;24;18;9;6;26;7;0;0;0;0;12;151;238;78;155;799;81;48;0
"202512";"10200526";"10";"20";"05";"26";2080;1169;911;21;21;27;68;42;34;35;75;62;56;37;87;110;109;80;132;261;241;184;131;86;74;31;12;15;19;23;7;0;0;0;0;21;158;299;87;219;1115;117;64;0
"202512";"10200627";"10";"20";"06";"27";751;387;364;0;12;16;21;0;12;3;12;25;24;7;12;19;41;40;64;99;118;72;54;34;24;7;13;7;3;3;9;0;0;0;0;0;49;83;12;60;481;44;22;0
"202512";"10200628";"10";"20";"06";"28";1533;727;806;16;19;26;70;33;24;31;60;54;38;25;70;45;68;33;83;199;167;134;105;84;53;19;15;16;10;21;6;9;0;0;0;16;148;232;70;113;805;87;53;9
"202512";"10200629";"10";"20";"06";"29";1685;899;786;18;21;18;51;18;22;10;30;29;24;3;43;53;173;117;146;234;201;137;100;94;44;15;9;24;13;28;3;3;4;0;0;18;108;118;43;226;1029;68;68;7
"202512";"10200630";"10";"20";"06";"30";1088;504;584;22;26;22;50;9;16;18;27;25;28;12;38;48;83;51;83;137;110;69;46;39;47;31;17;9;0;16;6;3;0;0;0;22;107;126;38;131;535;95;31;3
"202512";"10300731";"10";"30";"07";"31";1033;559;474;3;0;10;9;3;6;3;10;20;6;4;15;39;180;102;140;158;101;59;43;41;28;17;6;3;6;3;9;9;0;0;0;3;22;49;15;219;644;51;21;9
"202512";"10300732";"10";"30";"07";"32";1375;717;658;18;27;24;41;21;6;12;15;19;34;15;37;44;86;59;126;192;135;116;97;77;61;24;16;22;19;13;10;6;3;0;0;18;113;101;37;130;802;101;64;9
"202512";"10300733";"10";"30";"07";"33";1049;531;518;6;12;10;30;18;19;11;26;29;18;15;30;46;100;50;90;158;138;82;56;49;15;9;6;3;6;11;3;3;0;0;0;6;70;118;30;146;623;30;23;3
"202512";"10300734";"10";"30";"07";"34";933;487;446;0;7;12;6;3;10;13;16;18;12;6;25;53;63;39;67;108;113;95;82;38;44;26;7;11;12;13;13;15;3;3;0;0;28;75;25;116;542;77;49;21
"202512";"10400835";"10";"40";"08";"35";454;227;227;6;0;0;10;0;4;3;10;3;6;0;15;20;31;9;31;36;64;43;45;25;41;19;13;6;0;8;3;0;0;0;3;6;10;26;15;51;253;73;17;3
"202512";"10400836";"10";"40";"08";"36";384;216;168;3;3;3;18;0;3;3;0;4;3;3;12;15;13;23;34;47;57;43;27;28;16;3;3;3;3;7;0;3;4;0;0;3;24;16;12;28;259;22;13;7
"202512";"10400837";"10";"40";"08";"37";400;203;197;0;0;3;4;3;4;0;3;3;9;3;6;18;38;24;28;59;50;37;18;12;32;3;6;12;6;10;6;3;0;0;0;0;10;22;6;56;228;41;34;3
"202512";"10400938";"10";"40";"09";"38";648;327;321;3;3;4;9;6;6;4;12;6;6;3;18;28;40;30;47;103;77;62;56;33;28;24;7;6;3;9;6;3;3;3;0;3;22;37;18;68;408;59;24;9
"202512";"10400939";"10";"40";"09";"39";381;204;177;0;0;3;9;4;3;7;12;9;17;0;15;16;26;9;12;43;35;54;36;15;19;6;12;3;7;3;6;0;0;0;0;0;16;48;15;42;204;37;19;0
"202512";"10400940";"10";"40";"09";"40";247;121;126;3;7;0;3;3;4;4;3;3;6;3;3;6;18;7;16;30;19;27;35;16;9;9;3;0;0;4;3;3;0;0;0;3;13;23;3;24;150;21;7;3
"202512";"10400941";"10";"40";"09";"41";515;261;254;0;3;4;13;3;11;0;11;9;9;6;6;13;28;41;39;32;84;51;46;39;27;10;0;0;9;12;3;6;0;0;0;0;23;46;6;41;332;37;24;6
"202512";"11100101";"11";"10";"01";"01";263;164;99;4;3;0;0;6;0;0;0;6;4;0;3;0;21;6;20;31;49;37;32;21;10;0;0;3;0;0;0;0;4;3;0;4;9;10;3;21;196;10;3;7
"202512";"11100102";"11";"10";"01";"02";1071;528;543;13;18;16;43;16;20;10;34;34;27;13;42;57;103;64;77;122;100;97;61;40;33;9;9;3;0;7;3;0;0;0;0;13;93;138;42;160;561;51;13;0
"202512";"11100203";"11";"10";"02";"03";2507;1236;1271;15;18;55;77;50;37;42;80;69;71;33;89;93;133;85;152;282;313;224;163;135;96;67;24;34;30;24;16;0;0;0;0;15;200;332;89;226;1354;187;104;0
"202512";"11100204";"11";"10";"02";"04";2055;1063;992;37;28;43;52;35;44;26;68;63;68;21;95;77;101;72;100;241;224;172;156;106;81;31;26;15;27;37;3;0;6;0;0;37;158;290;95;178;1071;138;82;6
"202512";"11100205";"11";"10";"02";"05";2095;1110;985;27;32;33;65;25;36;34;68;45;40;24;80;90;149;80;152;329;198;182;129;97;74;25;15;19;3;28;9;3;0;4;0;27;155;247;80;239;1167;114;59;7
"202512";"11100206";"11";"10";"02";"06";2188;1136;1052;9;31;28;81;50;57;39;88;55;73;39;67;74;110;58;146;274;236;211;146;93;70;33;34;19;41;16;10;0;0;0;0;9;190;351;67;184;1164;137;86;0
"202512";"11100307";"11";"10";"03";"07";2477;1241;1236;28;26;31;51;37;35;37;72;57;73;32;99;73;119;76;140;300;275;193;185;157;132;73;51;30;31;19;27;12;3;0;3;28;145;306;99;192;1326;256;107;18
"202512";"11100308";"11";"10";"03";"08";2590;1334;1256;12;32;36;68;35;45;37;70;70;85;33;84;86;138;113;174;321;265;222;177;152;133;48;40;33;33;21;15;3;9;0;0;12;171;340;84;224;1424;221;102;12
"202512";"11100309";"11";"10";"03";"09";1617;811;806;19;22;29;53;19;22;21;41;40;33;21;52;62;97;63;124;252;216;170;63;55;57;25;10;15;12;15;3;3;0;3;0;19;123;178;52;159;943;92;45;6
"202512";"11200410";"11";"20";"04";"10";2877;1491;1386;24;51;39;105;46;56;63;113;96;80;38;113;127;157;72;172;422;385;233;164;123;93;31;12;20;18;6;12;6;0;0;0;24;241;446;113;284;1571;136;56;6
"202512";"11200411";"11";"20";"04";"11";1221;652;569;12;9;15;18;16;12;7;41;15;28;10;34;50;78;57;113;148;129;106;77;73;44;35;17;22;24;16;12;0;0;3;0;12;58;113;34;128;703;96;74;3
"202512";"11200512";"11";"20";"05";"12";791;385;406;4;9;25;27;16;12;16;27;24;13;16;45;37;53;34;49;99;97;69;19;37;28;13;9;3;0;6;4;0;0;0;0;4;77;108;45;90;404;50;13;0
"202512";"11200513";"11";"20";"05";"13";2706;1413;1293;35;38;32;63;45;42;46;73;59;47;27;82;118;167;119;211;443;370;247;134;116;71;40;19;9;15;23;9;6;0;0;0;35;178;294;82;285;1640;130;56;6
"202512";"11200514";"11";"20";"05";"14";4898;2372;2526;52;65;76;150;69;77;83;135;148;146;52;176;187;314;185;281;587;494;408;325;241;186;109;58;63;91;96;31;9;4;0;0;52;360;641;176;501;2521;353;281;13
"202512";"11200515";"11";"20";"05";"15";1383;709;674;16;36;21;26;15;15;13;29;21;25;3;31;38;57;80;127;324;198;112;56;34;41;19;6;12;16;3;3;6;0;0;0;16;98;106;31;95;931;66;34;6
"202512";"11300616";"11";"30";"06";"16";1479;714;765;6;6;12;28;15;6;13;24;28;31;15;36;31;78;65;109;227;203;141;90;110;77;29;22;22;24;16;9;3;0;3;0;6;61;117;36;109;945;128;71;6
"202512";"11300617";"11";"30";"06";"17";917;422;495;9;10;23;16;13;3;11;6;24;13;4;26;18;40;24;77;142;139;75;52;63;35;24;19;3;12;9;15;6;3;3;0;9;62;61;26;58;572;78;39;12
"202512";"11300618";"11";"30";"06";"18";1018;508;510;3;27;15;22;19;12;8;15;18;3;10;6;26;102;68;81;196;135;89;50;21;42;10;9;3;9;3;3;9;4;0;0;3;83;66;6;128;640;61;18;13
"202512";"11300619";"11";"30";"06";"19";2740;1465;1275;12;15;14;39;12;9;16;27;12;34;3;28;172;450;305;323;367;277;185;138;83;76;41;24;24;21;18;12;3;0;0;0;12;80;101;28;622;1678;141;75;3
"202512";"11300620";"11";"30";"06";"20";2988;1557;1431;15;28;26;66;32;35;31;47;67;62;26;57;86;193;115;252;434;385;267;181;172;150;65;43;38;54;39;12;7;3;0;0;15;152;268;57;279;1806;258;143;10
"202512";"11300721";"11";"30";"07";"21";4609;2673;1936;37;55;56;71;37;35;30;64;79;69;33;92;199;646;391;496;627;473;332;250;162;144;63;31;28;32;32;19;9;7;7;3;37;219;310;92;845;2731;238;111;26
"202512";"11300722";"11";"30";"07";"22";1889;949;940;3;6;22;36;13;9;14;28;25;15;12;25;28;85;95;210;368;297;205;113;60;81;24;16;12;27;27;21;6;3;3;0;3;77;103;25;113;1348;121;87;12
"202512";"11300723";"11";"30";"07";"23";1557;1027;530;15;24;21;30;18;15;9;27;25;31;13;38;74;119;98;155;200;152;127;104;72;72;36;20;25;16;21;0;0;0;0;0;15;93;120;38;193;908;128;62;0
"202512";"11300724";"11";"30";"07";"24";1078;532;546;3;12;12;25;14;15;6;24;6;9;4;36;33;72;48;92;193;183;72;66;62;24;15;13;0;15;18;6;0;0;0;0;3;63;64;36;105;716;52;39;0
"202512";"11300725";"11";"30";"07";"25";2237;1087;1150;9;18;24;44;36;23;21;49;31;52;20;73;78;142;95;203;386;304;187;126;88;76;54;6;31;38;11;6;3;3;0;0;9;122;196;73;220;1389;136;86;6
"202512";"11300826";"11";"30";"08";"26";3053;1535;1518;16;23;35;62;32;32;28;46;57;47;25;61;115;295;210;309;412;354;246;162;137;128;66;42;36;25;26;16;7;3;0;0;16;152;235;61;410;1830;236;103;10
"202512";"11400927";"11";"40";"09";"27";736;384;352;0;6;0;12;3;3;0;6;4;0;3;19;25;38;28;75;112;154;90;53;34;29;15;6;0;9;9;3;0;0;0;0;0;21;16;19;63;546;50;21;0
"202512";"11400928";"11";"40";"09";"28";1119;614;505;15;4;9;25;13;6;13;18;9;18;3;7;63;106;78;90;211;186;122;34;38;18;6;6;0;6;0;9;3;3;0;0;15;51;67;7;169;759;30;15;6
"202512";"11400929";"11";"40";"09";"29";4377;2276;2101;25;27;43;52;42;32;27;71;55;58;34;81;144;276;205;441;853;681;437;246;177;110;62;54;28;31;50;19;16;0;0;0;25;164;277;81;420;3040;226;128;16
"202512";"11400930";"11";"40";"09";"30";713;369;344;0;6;3;15;6;0;3;6;9;3;6;6;32;50;46;62;145;112;82;43;28;12;13;13;6;3;0;3;0;0;0;0;0;30;27;6;82;518;38;12;0
"202512";"11400931";"11";"40";"09";"31";1564;862;702;15;19;12;22;12;20;6;21;20;21;9;32;52;119;97;158;249;196;124;92;67;70;27;16;16;27;26;10;6;3;0;0;15;65;97;32;171;983;113;79;9
"202512";"11401032";"11";"40";"10";"32";1850;990;860;22;25;18;27;29;13;19;19;31;13;12;52;49;140;103;194;339;250;157;93;81;56;35;22;7;14;20;7;3;0;0;0;22;99;107;52;189;1217;113;48;3
"202512";"11401033";"11";"40";"10";"33";1938;968;970;12;15;21;49;13;35;22;43;41;44;18;71;57;101;68;134;310;242;176;137;102;79;44;33;31;18;9;6;4;0;3;0;12;98;203;71;158;1169;156;64;7
"202512";"11401034";"11";"40";"10";"34";950;480;470;0;3;15;18;16;13;18;13;22;27;9;26;27;51;21;89;180;106;75;62;55;29;24;10;12;6;20;3;0;0;0;0;0;52;102;26;78;588;63;41;0
"202512";"11401135";"11";"40";"11";"35";2886;1364;1522;33;36;43;125;34;47;37;69;66;68;27;82;79;150;120;215;456;368;250;157;139;94;42;22;22;27;34;24;11;9;0;0;33;238;314;82;229;1705;158;107;20
"202512";"11401136";"11";"40";"11";"36";2118;1083;1035;16;12;16;38;19;9;9;28;19;19;9;21;74;302;223;281;367;205;150;88;59;39;32;18;7;9;15;18;3;10;3;0;16;85;93;21;376;1373;89;49;16
"202512";"11401137";"11";"40";"11";"37";2579;1293;1286;15;24;30;57;36;20;33;40;38;43;27;54;139;294;159;216;289;240;197;168;139;108;49;35;32;38;33;20;6;0;0;0;15;147;201;54;433;1408;192;123;6
"202512";"11501238";"11";"50";"12";"38";940;472;468;6;3;7;12;15;7;9;15;10;3;9;15;41;54;32;85;170;174;87;80;37;19;13;10;12;6;3;3;3;0;0;0;6;37;53;15;95;665;42;24;3
"202512";"11501339";"11";"50";"13";"39";2162;1159;1003;9;15;21;45;18;22;10;23;37;34;13;41;48;256;207;296;360;258;170;74;63;62;25;9;10;6;14;6;7;3;0;0;9;99;139;41;304;1428;96;36;10
"202512";"11501340";"11";"50";"13";"40";1299;670;629;3;9;3;25;20;15;15;52;29;25;24;44;70;80;47;80;176;152;106;96;81;40;21;12;14;12;15;18;9;6;0;0;3;57;160;44;150;738;73;59;15
"202512";"11501341";"11";"50";"13";"41";2355;1177;1178;33;56;49;78;34;27;33;34;26;27;16;32;55;104;94;196;505;446;221;89;64;56;18;6;18;14;15;6;0;3;0;0;33;217;163;32;159;1615;80;53;3
"202512";"12100101";"12";"10";"01";"01";4054;2158;1896;14;15;12;46;31;27;28;86;60;63;38;103;127;223;180;301;533;492;373;298;270;210;125;47;45;81;96;66;42;16;6;0;14;104;302;103;350;2447;382;288;64
"202512";"12100102";"12";"10";"01";"02";3330;1784;1546;12;30;18;45;32;33;31;55;57;49;25;66;120;205;116;258;416;371;295;243;225;185;97;68;54;55;50;65;38;9;3;4;12;125;250;66;325;1924;350;224;54
"202512";"12100103";"12";"10";"01";"03";2252;1215;1037;10;23;9;18;6;9;13;16;42;34;10;24;48;129;99;189;308;261;194;187;169;146;65;29;32;40;48;58;15;15;6;0;10;56;124;24;177;1407;240;178;36
"202512";"12100204";"12";"10";"02";"04";3222;1704;1518;10;12;34;57;20;18;24;39;26;40;15;38;88;202;158;298;505;400;303;216;211;166;82;31;42;38;72;31;22;21;3;0;10;123;162;38;290;2091;279;183;46
"202512";"12100205";"12";"10";"02";"05";4556;2343;2213;31;50;26;74;27;28;46;68;62;70;37;93;129;273;240;380;676;484;411;309;286;281;131;51;48;71;70;49;43;12;0;0;31;177;311;93;402;2786;463;238;55
"202512";"12100206";"12";"10";"02";"06";1143;594;549;4;11;6;16;10;3;3;13;21;6;3;31;38;81;51;97;179;146;93;78;64;55;26;10;18;19;18;25;12;3;3;0;4;43;49;31;119;708;91;80;18
"202512";"12200307";"12";"20";"03";"07";930;503;427;3;12;12;18;9;15;6;9;15;16;6;24;32;88;38;73;127;91;70;65;54;41;33;14;9;13;13;15;6;3;0;0;3;51;67;24;120;518;88;50;9
"202512";"12200308";"12";"20";"03";"08";1697;876;821;10;16;12;23;6;9;10;25;33;22;8;31;52;90;70;115;209;177;153;145;131;120;45;30;15;33;47;36;18;3;3;0;10;57;107;31;142;1000;195;131;24
"202512";"12200309";"12";"20";"03";"09";4447;2402;2045;22;24;27;66;32;40;39;78;68;60;48;123;143;339;238;371;527;440;403;303;305;253;124;67;43;68;77;62;32;9;13;3;22;149;333;123;482;2587;444;250;57
"202512";"12200310";"12";"20";"03";"10";3298;1828;1470;21;20;13;52;41;27;36;71;72;73;28;92;157;190;137;257;358;351;273;232;210;173;90;34;65;55;66;44;26;28;3;3;21;126;307;92;347;1818;297;230;57
"202512";"12200411";"12";"20";"04";"11";130;81;49;0;0;0;3;0;0;0;0;0;3;0;0;7;20;3;7;9;12;13;6;22;6;10;0;0;3;3;0;3;0;0;0;0;3;3;0;27;72;16;6;3
"202512";"12200412";"12";"20";"04";"12";1503;987;516;8;0;16;28;6;6;10;18;13;24;10;34;27;61;79;112;198;199;175;143;96;77;32;10;9;24;34;33;6;9;3;3;8;50;81;34;88;1002;119;100;21
"202512";"12200413";"12";"20";"04";"13";1924;963;961;12;9;15;33;18;16;29;34;34;25;16;39;50;100;74;112;203;217;168;160;149;128;52;39;36;31;41;37;23;24;0;0;12;75;154;39;150;1083;219;145;47
"202512";"12200414";"12";"20";"04";"14";1429;814;615;0;9;9;12;12;6;16;26;34;33;10;44;134;195;54;88;108;119;99;75;68;73;42;33;19;30;31;28;13;3;3;3;0;42;125;44;329;611;148;108;22
"202512";"12200515";"12";"20";"05";"15";2144;1077;1067;10;18;15;21;16;19;12;24;49;29;25;47;69;133;69;153;309;251;198;143;123;120;60;15;21;43;46;48;24;17;14;3;10;70;158;47;202;1246;195;158;58
"202512";"12400616";"12";"40";"06";"16";563;237;326;0;10;3;6;3;6;0;10;6;8;6;32;34;27;15;16;33;35;44;59;33;32;14;15;13;19;28;34;12;7;0;3;0;22;36;32;61;235;61;94;22
"202512";"12400617";"12";"40";"06";"17";398;188;210;0;3;3;9;0;4;3;0;6;0;0;3;6;26;17;14;21;43;37;33;29;46;22;19;3;0;19;10;11;8;3;0;0;15;13;3;32;194;87;32;22
"202512";"12400618";"12";"40";"06";"18";328;167;161;0;3;3;6;0;0;3;3;3;6;7;3;18;14;12;39;38;41;33;24;19;13;3;13;6;0;9;9;0;0;0;0;0;12;22;3;32;206;29;24;0
"202512";"12400619";"12";"40";"06";"19";575;293;282;0;0;0;9;6;11;3;9;6;6;3;25;20;46;15;25;41;70;45;48;55;31;18;3;10;12;24;16;7;3;8;0;0;15;38;25;66;299;52;62;18
"202512";"12400720";"12";"40";"07";"20";531;227;304;0;3;0;3;3;0;3;3;0;9;3;13;12;33;25;30;28;53;49;45;30;25;29;15;15;12;23;19;19;18;3;8;0;9;18;13;45;260;69;69;48
"202512";"12400721";"12";"40";"07";"21";647;305;342;0;3;4;10;0;6;4;13;10;18;7;21;16;24;13;42;44;61;80;51;43;44;21;12;15;9;31;26;16;3;0;0;0;17;58;21;40;334;77;81;19
"202512";"12400722";"12";"40";"07";"22";735;355;380;0;0;3;10;0;3;3;12;7;12;0;10;18;50;34;32;88;95;62;57;48;45;16;23;20;22;28;24;3;7;3;0;0;13;37;10;68;416;84;94;13
"202512";"12400723";"12";"40";"07";"23";756;367;389;3;6;0;12;13;10;10;9;15;9;12;25;21;47;18;32;75;83;73;54;48;50;25;16;0;16;25;22;18;0;6;3;3;31;65;25;68;383;91;63;27
"202512";"12500824";"12";"50";"08";"24";1067;544;523;6;6;12;13;3;3;5;8;9;18;7;22;44;44;45;92;141;122;93;76;67;64;31;18;10;21;34;22;22;9;0;0;6;34;50;22;88;636;113;87;31
"202512";"12500825";"12";"50";"08";"25";1731;924;807;18;12;20;42;16;9;16;33;27;23;12;33;70;109;83;151;264;180;141;118;98;72;47;12;24;22;26;25;12;7;6;3;18;90;120;33;179;1035;131;97;28
"202512";"12500926";"12";"50";"09";"26";1030;546;484;7;6;12;10;6;9;18;13;30;12;4;24;24;60;32;74;123;125;97;90;91;55;13;13;21;15;6;30;7;0;3;0;7;34;86;24;84;632;81;72;10
"202512";"12500927";"12";"50";"09";"27";1115;589;526;12;3;9;23;9;9;9;15;13;16;9;31;42;73;46;70;117;112;89;87;71;47;59;27;21;33;27;15;15;0;6;0;12;44;71;31;115;592;133;96;21
"202512";"12500928";"12";"50";"09";"28";666;334;332;5;3;6;3;3;6;3;16;16;6;3;22;34;48;25;34;76;71;62;47;51;46;9;9;16;4;12;15;12;0;3;0;5;15;50;22;82;366;64;47;15
"202512";"12500929";"12";"50";"09";"29";394;203;191;0;0;0;0;6;0;3;4;7;0;0;13;30;12;10;28;10;40;30;50;47;26;19;3;3;17;11;9;3;13;0;0;0;6;14;13;42;215;48;40;16
"202512";"12500930";"12";"50";"09";"30";2417;1374;1043;10;28;22;31;17;21;12;48;35;48;22;38;81;167;96;222;311;285;196;156;152;126;61;40;23;21;52;33;45;12;6;0;10;98;186;38;248;1418;227;129;63
"202512";"12601031";"12";"60";"10";"31";605;332;273;0;6;3;13;6;6;0;7;12;6;6;6;16;47;33;32;57;73;42;36;34;44;24;6;16;18;28;13;12;0;3;0;0;28;37;6;63;307;74;75;15
"202512";"12601032";"12";"60";"10";"32";2149;1070;1079;16;12;25;48;32;33;36;53;65;80;35;89;73;105;57;118;206;249;208;154;150;101;69;18;21;24;35;24;6;4;3;0;16;117;302;89;178;1142;188;104;13
"202512";"12601133";"12";"60";"11";"33";3071;1450;1621;22;6;16;42;24;16;20;67;50;73;29;110;104;135;90;171;271;308;329;291;256;220;103;64;46;32;70;59;22;12;9;4;22;88;255;110;239;1716;387;207;43
"202512";"12601134";"12";"60";"11";"34";4182;2094;2088;25;32;32;92;39;51;40;76;96;96;59;146;163;233;124;253;440;387;381;351;316;259;115;67;66;63;70;55;28;21;3;3;25;195;418;146;396;2252;441;254;55
"202512";"12601235";"12";"60";"12";"35";3204;1646;1558;9;15;34;45;23;27;40;68;86;105;40;136;119;154;84;172;285;324;286;247;284;248;112;33;33;53;57;44;22;13;3;3;9;117;366;136;273;1682;393;187;41
"202512";"12601236";"12";"60";"12";"36";671;360;311;6;6;4;3;0;0;3;6;10;7;6;6;35;30;36;38;61;69;53;64;50;45;29;12;12;18;21;13;18;7;3;0;6;13;32;6;65;371;86;64;28
