ZEIT;RAUMID;BEZ;PGR;BZR;PLR;STADTRAUM;MH_E;MH_EM;MH_EW;MH_E00_01;MH_E01_02;MH_E02_03;MH_E03_05;MH_E05_06;MH_E06_07;MH_E07_08;MH_E08_10;MH_E10_12;MH_E12_14;MH_E14_15;MH_E15_18;MH_E18_21;MH_E21_25;MH_E25_27;MH_E27_30;MH_E30_35;MH_E35_40;MH_E40_45;MH_E45_50;MH_E50_55;MH_E55_60;MH_E60_63;MH_E63_65;MH_E65_67;MH_E67_70;MH_E70_75;MH_E75_80;MH_E80_85;MH_E85_90;MH_E90_95;MH_E95_110;MH_U1;MH_1U6;MH_6U15;MH_15U18;MH_18U25;MH_25U55;MH_55U65;MH_65U80;MH_80U110
201912;01011101;01;01;11;01;1;2075;1087;988;18;29;31;46;28;15;26;15;37;17;6;34;47;173;157;202;276;202;159;92;93;88;65;30;16;35;39;53;24;9;6;7;18;134;116;34;220;1181;183;143;46
201912;01011102;01;01;11;02;1;71;46;25;0;0;0;3;0;0;0;0;0;3;0;3;0;6;0;15;9;13;7;9;0;0;0;0;0;0;3;0;0;0;0;0;0;3;3;3;6;53;0;3;0
201912;01011103;01;01;11;03;1;2979;1568;1411;28;39;37;69;33;38;22;56;63;58;24;92;71;181;128;190;308;279;209;191;182;160;87;73;51;80;91;40;60;30;6;3;28;178;261;92;252;1487;320;262;99
201912;01011104;01;01;11;04;1;3005;1646;1359;30;33;25;58;30;32;40;70;67;81;34;96;104;267;185;235;354;269;217;195;153;167;47;37;31;36;58;19;16;13;6;0;30;146;324;96;371;1608;251;144;35
201912;01011105;01;01;11;05;1;1047;548;499;9;6;13;34;4;3;12;30;16;9;6;21;18;63;39;84;143;104;90;112;83;34;29;20;13;15;19;15;3;0;0;0;9;57;76;21;81;655;83;62;3
201912;01011201;01;01;12;01;1;1494;801;693;10;16;22;38;12;17;18;36;29;35;9;39;58;128;73;93;157;143;111;113;64;72;28;18;35;28;42;23;12;12;3;0;10;88;144;39;186;754;118;128;27
201912;01011202;01;01;12;02;1;315;152;163;7;6;0;6;3;0;6;13;3;3;3;15;3;14;10;25;32;33;19;35;12;24;16;6;0;15;3;3;0;0;0;0;7;15;28;15;17;166;46;21;0
201912;01011203;01;01;12;03;1;637;336;301;10;4;13;15;10;4;9;15;6;12;0;6;10;15;34;43;102;95;59;46;40;29;12;7;7;9;12;10;0;0;3;0;10;42;46;6;25;419;48;38;3
201912;01011204;01;01;12;04;1;4341;2174;2167;64;83;49;146;52;50;39;78;63;67;44;89;117;213;175;359;669;493;303;276;233;195;113;54;49;46;102;50;28;32;10;0;64;330;341;89;330;2508;362;247;70
201912;01011301;01;01;13;01;1;3009;1552;1457;42;52;51;85;27;21;28;38;46;41;19;55;49;165;136;297;577;375;280;191;146;88;44;25;24;37;32;25;13;0;0;0;42;215;193;55;214;2002;157;118;13
201912;01011302;01;01;13;02;1;5095;2600;2495;66;96;61;132;60;57;50;119;121;106;48;139;88;202;195;421;834;610;523;412;259;230;45;33;26;43;49;38;16;13;3;0;66;349;501;139;290;3254;308;156;32
201912;01011303;01;01;13;03;1;4811;2540;2271;58;58;67;105;55;38;41;83;76;83;35;71;99;329;275;518;875;599;377;282;186;174;90;37;30;55;36;29;35;9;6;0;58;285;356;71;428;3112;301;150;50
201912;01011304;01;01;13;04;1;3832;1884;1948;44;66;62;127;63;52;47;100;95;86;35;131;129;244;167;318;453;366;294;205;222;144;75;34;26;27;66;86;32;27;9;0;44;318;415;131;373;2025;253;205;68
201912;01011305;01;01;13;05;1;3700;1995;1705;56;54;68;112;48;37;34;64;55;49;27;84;63;192;155;342;603;454;271;256;227;116;45;37;41;47;64;49;31;16;3;0;56;282;266;84;255;2308;198;201;50
201912;01011306;01;01;13;06;1;4939;2487;2452;69;74;70;111;51;40;55;88;58;59;35;66;254;742;265;421;612;554;358;254;218;147;72;52;41;41;39;39;39;15;0;0;69;306;335;66;996;2682;271;160;54
201912;01011401;01;01;14;01;1;8085;4069;4016;103;125;142;248;98;106;105;168;169;132;59;179;158;404;359;750;1515;1116;760;549;362;183;69;37;25;37;59;28;19;18;0;3;103;613;739;179;562;5411;289;149;40
201912;01011402;01;01;14;02;1;5578;2781;2797;88;90;92;193;81;66;62;127;97;96;31;87;86;252;203;522;999;834;565;394;238;125;55;28;19;51;40;24;21;6;3;3;88;456;479;87;338;3755;208;134;33
201912;01022101;01;02;21;01;1;1913;1044;869;27;30;29;48;21;20;22;56;27;38;19;46;56;123;98;168;254;187;144;131;88;95;51;15;25;15;35;18;14;7;3;3;27;128;182;46;179;1070;161;93;27
201912;01022102;01;02;21;02;1;4258;2278;1980;41;49;55;108;41;33;46;88;60;83;60;110;154;370;208;347;517;368;291;275;283;209;90;47;54;72;115;41;28;9;3;3;41;253;370;110;524;2289;346;282;43
201912;01022103;01;02;21;03;1;248;134;114;7;3;9;3;3;6;0;10;12;6;8;9;6;15;6;16;28;26;14;7;13;13;0;12;0;3;6;3;4;0;0;0;7;18;42;9;21;110;25;12;4
201912;01022104;01;02;21;04;1;9559;5121;4438;101;115;110;211;94;93;81;201;208;187;75;254;247;698;470;760;1147;945;696;630;571;487;232;142;120;165;249;140;95;25;7;3;101;530;845;254;945;5219;861;674;130
201912;01022105;01;02;21;05;1;3154;1700;1454;30;40;39;77;34;38;44;76;76;72;39;97;127;245;149;225;345;271;228;212;201;153;60;51;34;48;48;50;30;15;0;0;30;190;345;97;372;1631;264;180;45
201912;01022106;01;02;21;06;1;4120;2081;2039;45;50;45;102;47;40;36;64;75;98;53;126;109;220;164;312;519;380;349;265;227;213;115;79;65;81;131;70;28;9;3;0;45;244;366;126;329;2216;407;347;40
201912;01022201;01;02;22;01;1;5627;2955;2672;69;67;61;146;70;58;73;108;103;119;67;150;156;393;299;521;721;516;440;356;321;275;116;63;56;71;113;60;44;15;0;0;69;344;528;150;549;3174;454;300;59
201912;01022202;01;02;22;02;1;2277;1211;1066;45;48;28;78;23;34;24;42;33;41;15;49;43;153;126;265;393;243;149;106;105;69;30;10;22;19;28;32;15;6;3;0;45;177;189;49;196;1387;109;101;24
201912;01022203;01;02;22;03;1;4304;2199;2105;60;64;75;122;61;48;65;117;140;117;66;148;137;243;127;286;440;350;311;300;233;179;85;57;77;71;139;91;62;24;9;0;60;322;553;148;380;2047;321;378;95
201912;01022204;01;02;22;04;1;2661;1454;1207;37;27;36;58;37;25;30;42;49;41;26;63;33;157;137;242;358;273;207;187;159;140;60;40;24;48;63;24;35;3;0;0;37;158;213;63;190;1563;240;159;38
201912;01022205;01;02;22;05;1;2109;1069;1040;33;39;37;64;43;36;33;62;71;60;33;99;62;93;68;108;180;159;164;144;110;116;54;33;33;33;61;38;15;19;6;3;33;183;295;99;155;933;203;165;43
201912;01022206;01;02;22;06;1;1304;668;636;15;9;18;31;15;24;12;31;25;28;15;40;15;59;62;104;153;139;111;96;64;77;27;16;18;30;26;29;6;6;0;3;15;73;135;40;74;729;120;103;15
201912;01022207;01;02;22;07;1;2797;1449;1348;25;19;22;36;15;12;27;39;24;27;21;50;95;425;250;353;322;197;167;120;123;107;54;35;38;40;76;37;29;12;0;0;25;92;150;50;520;1532;196;191;41
201912;01033101;01;03;31;01;1;17239;9170;8069;237;253;280;574;255;247;253;511;498;495;204;664;632;1099;644;1177;1841;1459;1269;1143;1042;807;319;217;177;229;249;251;158;43;6;6;237;1362;2208;664;1731;8575;1343;906;213
201912;01033102;01;03;31;02;1;7311;3838;3473;78;79;97;203;113;98;99;184;198;183;103;280;271;495;318;509;766;583;581;554;441;316;140;100;53;98;172;126;49;18;6;0;78;492;865;280;766;3752;556;449;73
201912;01033201;01;03;32;01;1;9580;4847;4733;146;157;177;332;172;146;165;308;324;355;147;437;278;453;299;488;946;747;759;608;538;477;187;153;113;173;193;154;85;45;12;6;146;838;1445;437;731;4385;817;633;148
201912;01033202;01;03;32;02;1;6219;3133;3086;82;105;86;190;108;94;93;164;187;161;85;231;235;462;199;395;563;519;453;400;337;317;134;76;55;126;147;119;65;22;3;6;82;489;784;231;697;2866;527;447;96
201912;01033203;01;03;32;03;1;9473;5063;4410;105;122;142;258;140;133;109;276;250;245;134;395;342;612;431;669;1062;793;778;638;517;418;177;101;64;149;167;113;85;33;15;0;105;662;1147;395;954;4888;696;493;133
201912;01044101;01;04;41;01;1;10472;5600;4872;126;148;155;265;111;119;115;190;239;237;103;319;262;634;454;838;1258;974;834;710;679;527;245;176;134;157;241;123;72;24;3;0;126;679;1003;319;896;5747;948;655;99
201912;01044102;01;04;41;02;1;7011;3643;3368;79;148;137;209;91;99;103;172;143;146;78;202;165;358;248;532;834;656;477;464;393;354;202;106;76;134;187;120;60;26;12;0;79;585;741;202;523;3604;662;517;98
201912;01044103;01;04;41;03;1;4756;2509;2247;46;52;55;118;53;50;51;98;92;89;46;145;152;365;264;428;623;425;335;339;276;232;86;55;37;63;90;62;16;9;0;4;46;278;426;145;517;2690;373;252;29
201912;01044201;01;04;42;01;1;16538;8818;7720;175;222;233;442;200;210;198;443;461;435;218;610;567;988;669;1200;1734;1383;1276;1214;1089;865;352;197;143;219;326;253;156;44;16;0;175;1097;1965;610;1555;8565;1414;941;216
201912;01044202;01;04;42;02;1;10170;5597;4573;109;124;118;225;104;119;87;173;214;182;91;273;360;990;662;945;1311;1005;783;563;511;431;178;115;121;100;148;69;47;12;0;0;109;571;866;273;1350;5780;724;438;59
201912;01044203;01;04;42;03;1;9636;5155;4481;95;131;117;204;103;109;112;214;238;195;103;325;307;555;402;671;1177;857;679;673;633;496;215;133;116;156;278;185;101;34;22;0;95;555;971;325;862;5092;844;735;157
201912;02010101;02;01;01;01;1;4568;2415;2153;54;63;46;108;54;55;47;113;110;99;65;149;122;272;224;384;542;426;336;335;293;218;117;56;33;42;91;45;32;25;6;6;54;271;489;149;394;2540;391;211;69
201912;02010102;02;01;01;02;1;9442;4696;4746;128;120;128;275;112;131;140;290;276;313;122;437;282;513;335;543;890;763;700;677;612;503;203;114;90;156;218;163;110;65;27;6;128;635;1272;437;795;4520;820;627;208
201912;02010103;02;01;01;03;1;10751;5524;5227;127;149;172;303;134;133;162;287;316;342;122;459;310;545;339;617;1032;839;845;896;728;600;197;166;109;175;274;213;117;37;3;3;127;758;1362;459;855;5296;963;771;160
201912;02010104;02;01;01;04;1;3291;1699;1592;34;39;34;97;37;24;30;108;117;119;54;147;115;144;102;142;325;283;236;249;216;218;78;44;47;53;82;59;46;9;3;0;34;207;452;147;259;1553;340;241;58
201912;02020201;02;02;02;01;1;719;377;342;12;9;15;42;12;16;21;18;20;15;10;13;24;36;13;51;101;97;52;35;32;21;6;3;9;16;14;0;6;0;0;0;12;78;100;13;60;381;30;39;6
201912;02020202;02;02;02;02;1;2683;1392;1291;30;34;34;61;45;29;41;64;49;55;18;91;74;159;128;188;360;275;155;188;162;140;42;31;30;50;62;57;19;12;0;0;30;174;256;91;233;1456;213;199;31
201912;02020203;02;02;02;03;1;4411;2269;2142;63;71;64;117;69;43;33;91;95;86;39;104;86;232;194;355;588;466;383;346;221;232;94;62;49;56;90;37;36;6;3;0;63;321;387;104;318;2553;388;232;45
201912;02020204;02;02;02;04;1;5504;2882;2622;67;72;98;104;68;65;58;97;72;93;51;161;119;279;210;443;783;601;476;351;317;263;153;78;39;95;121;89;54;21;3;3;67;342;436;161;398;3181;494;344;81
201912;02020205;02;02;02;05;1;6417;3232;3185;67;90;63;135;63;48;43;119;106;155;50;171;234;447;270;448;793;623;534;492;401;319;136;69;79;105;144;117;59;16;9;12;67;351;521;171;681;3561;524;445;96
201912;02020206;02;02;02;06;1;8998;4600;4398;118;131;104;225;101;94;83;215;205;173;95;314;229;389;343;640;1199;1015;791;646;560;384;182;126;97;115;195;117;72;25;12;3;118;561;865;314;618;5194;692;524;112
201912;02030301;02;03;03;01;1;5614;2880;2734;41;44;66;99;38;57;53;93;127;123;62;215;143;306;179;293;580;471;462;475;400;358;117;97;69;112;223;164;104;21;13;9;41;247;515;215;449;2860;572;568;147
201912;02030302;02;03;03;02;1;7151;3718;3433;80;75;88;152;68;65;61;158;145;176;75;224;214;353;250;445;815;739;637;564;448;373;154;111;50;129;188;155;94;56;6;3;80;383;680;224;567;3898;638;522;159
201912;02030401;02;03;04;01;1;7473;3917;3556;74;59;91;125;80;74;70;137;144;146;58;232;152;382;297;590;1019;877;704;592;445;305;150;82;70;97;186;124;63;36;9;3;74;355;629;232;534;4524;537;477;111
201912;02030402;02;03;04;02;1;5650;2987;2663;43;70;61;122;45;53;46;88;94;105;46;149;149;286;222;449;738;665;486;407;331;285;85;90;51;69;173;133;73;27;6;3;43;298;432;149;435;3298;460;426;109
201912;02040501;02;04;05;01;1;1619;771;848;27;21;30;43;35;17;30;49;38;56;26;49;47;95;61;107;164;135;117;98;94;70;46;18;25;12;19;39;27;12;9;3;27;129;216;49;142;776;134;95;51
201912;02040502;02;04;05;02;1;2458;1245;1213;42;45;48;69;36;28;17;52;63;55;24;60;49;132;132;261;415;290;149;110;119;75;29;13;20;27;23;44;18;13;0;0;42;198;239;60;181;1476;117;114;31
201912;02040503;02;04;05;03;1;3282;1660;1622;65;75;60;116;40;51;24;52;52;48;6;50;42;189;178;360;609;451;261;169;116;91;30;19;13;23;6;43;18;13;9;3;65;291;233;50;231;2144;140;85;43
201912;02040701;02;04;07;01;1;5991;3092;2899;92;120;107;170;75;58;73;116;109;111;49;152;153;525;417;671;900;569;339;301;248;171;94;70;32;37;66;74;47;30;15;0;92;472;516;152;678;3445;335;209;92
201912;02040702;02;04;07;02;1;3572;1908;1664;36;41;55;76;32;30;23;55;47;43;21;51;182;405;273;388;621;416;274;153;109;78;31;24;15;15;13;25;23;11;6;0;36;204;219;51;587;2234;133;68;40
201912;02040703;02;04;07;03;1;804;441;363;16;11;11;38;11;17;9;19;14;18;15;22;29;69;46;93;157;61;55;22;15;17;14;6;3;10;6;0;0;0;0;0;16;71;92;22;98;449;37;19;0
201912;02050601;02;05;06;01;1;3128;1619;1509;54;47;42;81;37;43;21;55;56;25;21;36;36;214;168;444;651;460;211;133;84;97;30;28;9;12;18;6;3;0;3;3;54;207;221;36;250;2151;155;45;9
201912;02050602;02;05;06;02;1;7217;3692;3525;133;98;125;212;81;54;62;117;114;101;61;109;112;350;403;895;1514;1037;589;364;237;161;59;29;38;43;52;34;15;15;3;0;133;516;509;109;462;5039;249;167;33
201912;02050801;02;05;08;01;1;7739;4009;3730;118;140;144;205;63;63;91;117;116;123;45;153;126;487;471;966;1643;1080;574;352;273;160;71;34;29;16;29;23;18;9;0;0;118;552;555;153;613;5359;265;97;27
201912;02050802;02;05;08;02;1;7541;3964;3577;130;109;109;149;57;72;63;88;89;60;30;68;100;481;538;1032;1688;1172;630;346;182;157;44;33;21;37;16;22;18;0;0;0;130;424;402;68;581;5588;234;96;18
201912;02050803;02;05;08;03;1;2823;1524;1299;40;45;46;92;43;22;24;39;15;27;6;33;52;196;195;373;615;398;211;119;86;45;27;9;3;12;24;13;10;3;0;0;40;226;133;33;248;1997;81;52;13
201912;02050804;02;05;08;04;1;1042;507;535;25;39;36;56;26;24;18;22;25;21;9;25;13;19;23;70;141;137;85;47;62;29;13;6;6;9;18;20;15;0;3;0;25;157;119;25;32;565;48;53;18
201912;03010101;03;01;01;01;2;702;419;283;12;10;10;26;6;9;9;22;12;12;4;3;22;47;19;46;109;95;59;42;36;18;18;6;3;12;6;26;3;0;0;0;12;52;68;3;69;406;42;47;3
201912;03010102;03;01;01;02;2;2834;1595;1239;133;51;50;93;52;43;57;77;69;77;27;85;100;240;168;211;334;229;193;146;88;65;45;20;18;44;10;36;27;29;17;0;133;246;350;85;340;1369;130;108;73
201912;03010104;03;01;01;04;2;45;27;18;0;0;0;0;0;0;3;0;3;3;0;3;3;3;0;0;6;12;6;0;0;0;3;0;0;0;0;0;0;0;0;0;0;0;9;3;6;24;3;0;0
201912;03020203;03;02;02;03;2;138;85;53;3;0;0;3;0;0;3;9;6;3;3;7;4;9;3;9;3;16;12;13;3;3;4;3;0;0;4;10;5;0;0;0;3;3;24;7;13;59;10;14;5
201912;03020209;03;02;02;09;2;2631;1260;1371;30;43;50;89;44;41;34;84;80;62;44;90;145;242;103;149;259;223;215;177;125;94;16;28;24;36;18;44;27;9;6;0;30;226;345;90;387;1251;138;122;42
201912;03020210;03;02;02;10;2;1807;881;926;29;36;54;71;48;43;28;68;55;55;18;56;49;68;62;73;213;168;148;112;96;67;28;9;20;16;22;45;31;9;10;0;29;209;267;56;117;872;104;103;50
201912;03020307;03;02;03;07;2;2485;1209;1276;34;43;40;106;64;48;54;81;76;93;35;98;45;92;49;72;190;207;227;194;135;123;56;37;35;51;38;67;53;27;12;3;34;253;387;98;137;1074;216;191;95
201912;03030405;03;03;04;05;2;2129;1098;1031;52;54;58;140;56;34;36;62;86;60;31;63;68;105;52;104;204;227;160;105;77;75;36;26;12;16;26;41;31;29;3;0;52;308;309;63;173;929;137;95;63
201912;03030406;03;03;04;06;2;746;348;398;10;21;10;29;9;6;15;35;19;21;7;18;9;42;10;31;68;55;65;53;46;15;15;19;7;15;10;43;22;15;6;0;10;69;103;18;51;328;49;75;43
201912;03030711;03;03;07;11;2;524;241;283;13;9;9;17;12;14;15;12;21;24;6;30;15;24;6;13;37;46;33;28;24;31;6;6;10;9;8;15;18;6;4;3;13;47;92;30;39;187;43;42;31
201912;03030715;03;03;07;15;2;1666;945;721;25;39;37;83;39;37;33;36;58;60;16;64;87;120;68;110;149;146;114;102;62;51;19;12;26;9;15;20;16;10;0;3;25;198;240;64;207;751;82;70;29
201912;03030716;03;03;07;16;2;33;12;21;3;0;0;0;3;0;0;3;0;0;0;3;0;3;0;0;0;0;9;3;3;3;0;0;0;0;0;0;0;0;0;0;3;3;3;3;3;15;3;0;0
201912;03040508;03;04;05;08;2;946;471;475;9;12;16;38;23;15;18;29;43;33;22;47;35;24;19;27;57;68;71;73;64;55;24;12;31;13;18;24;17;6;3;0;9;89;160;47;59;379;91;86;26
201912;03040512;03;04;05;12;2;1908;945;963;43;52;34;66;37;25;32;67;66;51;18;66;54;101;71;107;204;163;156;134;95;76;26;19;24;15;28;31;22;22;0;3;43;189;259;66;155;930;121;98;47
201912;03040513;03;04;05;13;2;563;306;257;14;12;9;19;12;10;6;28;18;21;12;21;19;30;24;21;53;37;50;43;23;15;14;6;0;10;6;11;13;0;3;3;14;52;95;21;49;251;35;27;19
201912;03040614;03;04;06;14;2;6151;3025;3126;123;136;144;246;125;109;89;212;182;145;59;197;144;291;203;406;785;660;498;386;260;187;82;46;37;44;87;114;85;42;18;9;123;651;796;197;435;3198;315;282;154
201912;03040818;03;04;08;18;2;6528;3277;3251;162;98;130;259;108;97;91;144;141;148;48;143;132;316;263;573;1007;803;509;383;238;206;85;42;41;56;76;94;82;38;12;3;162;595;669;143;448;3776;333;267;135
201912;03050919;03;05;09;19;2;692;372;320;15;9;22;29;12;6;9;21;16;22;13;30;23;35;40;53;80;49;51;49;15;19;12;3;10;6;9;20;11;3;0;0;15;72;87;30;58;337;34;45;14
201912;03050920;03;05;09;20;2;1216;618;598;32;30;25;45;25;21;25;34;33;34;18;24;10;46;42;98;140;143;108;76;67;38;13;9;9;9;21;16;12;3;7;3;32;125;165;24;56;674;60;55;25
201912;03050923;03;05;09;23;2;2349;1250;1099;45;62;42;74;48;23;40;52;33;32;12;57;50;139;118;232;404;348;162;135;70;78;18;6;3;12;12;21;8;13;0;0;45;226;192;57;189;1469;102;48;21
201912;03050924;03;05;09;24;2;1523;782;741;27;31;30;58;12;20;22;47;21;33;13;37;25;113;65;125;256;178;136;79;64;38;29;17;7;6;18;4;3;6;3;0;27;131;156;37;138;903;84;35;12
201912;03050925;03;05;09;25;2;1941;959;982;29;48;30;97;35;41;37;71;39;52;23;71;54;120;75;132;267;208;138;131;70;70;25;9;12;12;9;22;9;0;0;5;29;210;263;71;174;1021;104;55;14
201912;03051017;03;05;10;17;2;975;559;416;7;12;17;17;8;12;6;22;20;14;9;6;48;100;60;107;117;96;67;49;43;58;6;7;9;13;7;12;9;11;6;0;7;54;83;6;148;539;71;41;26
201912;03051021;03;05;10;21;2;871;439;432;28;22;12;44;16;12;16;20;12;15;9;30;26;58;36;58;112;77;67;45;34;25;20;9;0;10;14;30;11;0;0;3;28;94;84;30;84;429;54;54;14
201912;03051022;03;05;10;22;2;518;242;276;10;19;7;28;9;13;6;15;18;19;6;19;18;25;20;29;59;51;32;28;18;9;6;0;3;0;3;22;17;3;6;0;10;63;77;19;43;237;15;28;26
201912;03061126;03;06;11;26;1;4959;2564;2395;99;76;74;174;60;57;52;102;98;81;24;81;94;275;300;555;877;668;403;302;185;120;36;28;27;31;29;20;18;10;0;3;99;384;414;81;369;3290;184;107;31
201912;03061131;03;06;11;31;1;3628;1811;1817;55;68;49;96;41;40;29;76;71;61;25;43;61;186;196;384;667;502;352;219;170;75;42;18;16;14;33;18;9;9;0;3;55;254;302;43;247;2490;135;81;21
201912;03061227;03;06;12;27;1;3992;1960;2032;58;54;60;98;54;46;37;86;60;64;26;73;49;217;193;421;805;543;376;272;164;107;26;10;15;25;13;19;3;15;3;0;58;266;319;73;266;2774;143;72;21
201912;03061228;03;06;12;28;1;3282;1578;1704;60;49;48;90;40;33;22;63;70;52;31;62;53;171;174;345;648;469;238;154;124;91;39;18;26;16;23;29;25;15;4;0;60;227;271;62;224;2152;148;94;44
201912;03061332;03;06;13;32;1;7391;3702;3689;113;130;128;214;111;103;95;184;141;142;71;141;104;304;322;634;1285;1026;728;556;383;195;86;39;19;35;48;38;9;7;0;0;113;583;736;141;408;4934;320;140;16
201912;03061429;03;06;14;29;1;1784;826;958;28;30;38;73;24;34;32;67;45;44;22;44;41;103;83;126;187;150;116;109;105;54;23;26;6;27;25;39;42;26;12;3;28;165;244;44;144;876;103;97;83
201912;03061430;03;06;14;30;1;1737;951;786;32;44;38;82;40;19;41;58;75;61;28;77;69;136;74;123;203;135;116;81;61;53;19;3;7;3;16;21;12;10;0;0;32;204;282;77;205;793;75;47;22
201912;03061434;03;06;14;34;1;1924;975;949;28;38;21;53;24;28;17;33;45;22;6;21;36;105;73;213;402;279;161;94;68;34;25;16;12;6;22;18;12;6;6;0;28;136;151;21;141;1290;75;58;24
201912;03061435;03;06;14;35;1;1202;597;605;20;18;22;22;19;18;12;25;18;27;9;32;16;65;71;126;195;147;87;76;65;22;35;7;0;18;9;6;9;3;3;0;20;81;109;32;81;767;64;33;15
201912;03061441;03;06;14;41;1;755;357;398;17;9;12;39;21;15;16;31;44;36;10;26;23;28;15;30;74;98;72;58;30;16;4;7;3;6;6;0;3;3;3;0;17;81;152;26;51;377;27;15;9
201912;03071536;03;07;15;36;1;4217;2135;2082;67;69;57;121;59;55;37;77;94;75;46;143;112;207;175;342;731;513;409;350;230;106;31;13;11;15;23;31;12;3;3;0;67;306;384;143;319;2750;150;80;18
201912;03071537;03;07;15;37;1;5665;2809;2856;92;96;119;195;74;83;75;155;123;102;46;140;102;225;209;469;934;807;492;426;263;177;60;26;22;37;63;26;15;9;3;0;92;484;584;140;327;3600;263;148;27
201912;03071633;03;07;16;33;1;1005;515;490;22;15;22;42;18;22;18;22;18;23;14;20;15;28;33;94;189;132;82;49;35;19;3;9;9;9;6;13;9;6;6;3;22;97;117;20;43;614;31;37;24
201912;03071638;03;07;16;38;1;5806;2871;2935;78;97;111;186;88;80;87;141;121;108;49;119;79;259;232;538;1054;751;560;410;249;145;79;36;31;24;24;45;9;9;3;4;78;482;586;119;338;3794;260;124;25
201912;03071639;03;07;16;39;1;3577;1750;1827;58;57;61;106;69;48;34;104;87;85;42;95;62;156;130;280;565;443;336;274;168;120;50;23;9;12;32;37;25;3;3;3;58;293;400;95;218;2196;193;90;34
201912;04010101;04;01;01;01;2;5307;2698;2609;54;60;96;144;63;55;61;130;129;117;50;156;121;328;197;320;491;453;466;412;366;279;138;112;87;139;129;77;47;12;12;6;54;363;542;156;449;2705;529;432;77
201912;04010102;04;01;01;02;2;349;248;101;3;6;7;9;9;9;10;9;6;3;6;10;22;51;6;12;28;27;42;20;13;12;3;3;4;6;6;0;4;0;0;3;3;31;43;10;73;148;18;16;7
201912;04010103;04;01;01;03;2;4415;2145;2270;55;91;72;163;76;61;76;142;130;120;53;161;99;206;110;225;397;333;350;317;314;232;133;81;40;105;96;81;49;36;3;8;55;402;582;161;305;2046;446;322;96
201912;04020204;04;02;02;04;2;70;45;25;0;0;0;0;0;0;0;6;7;12;0;6;4;0;0;4;3;0;4;9;0;0;3;0;0;3;3;3;3;0;0;0;0;0;25;6;4;20;3;9;3
201912;04020205;04;02;02;05;2;324;173;151;0;3;3;6;0;4;3;12;10;9;6;15;15;15;15;9;18;36;35;30;28;22;3;6;3;0;6;0;9;3;0;0;0;12;44;15;30;171;31;9;12
201912;04020206;04;02;02;06;2;871;451;420;8;17;9;29;18;13;12;16;22;23;10;15;28;53;21;36;83;89;63;69;47;35;33;15;12;22;18;23;20;0;6;6;8;73;96;15;81;408;83;75;32
201912;04020207;04;02;02;07;2;801;407;394;0;9;12;29;6;12;9;12;19;24;6;19;30;42;31;43;80;57;60;77;47;47;16;19;15;27;20;17;7;3;3;3;0;56;82;19;72;395;82;79;16
201912;04020208;04;02;02;08;2;811;387;424;11;3;9;15;6;13;15;45;22;21;18;30;27;37;22;21;36;59;53;70;78;61;28;22;15;18;28;6;12;3;4;3;11;33;134;30;64;339;111;67;22
201912;04020209;04;02;02;09;2;1300;657;643;3;6;6;12;7;12;3;15;25;9;4;31;69;276;113;131;149;87;93;50;50;48;25;10;12;10;12;19;3;0;10;0;3;31;68;31;345;673;83;53;13
201912;04020310;04;02;03;10;2;534;271;263;12;16;11;20;11;11;9;7;6;21;10;9;15;79;57;77;51;34;27;17;9;6;6;3;0;0;7;3;0;0;0;0;12;58;64;9;94;272;15;10;0
201912;04020311;04;02;03;11;2;5157;2704;2453;45;52;60;116;57;44;60;123;91;92;57;182;146;322;194;349;523;411;402;388;331;286;110;77;85;126;171;134;50;44;20;9;45;285;467;182;468;2598;473;516;123
201912;04020312;04;02;03;12;2;1826;932;894;24;22;18;50;22;24;22;57;47;45;22;75;53;111;59;101;165;134;150;148;112;89;58;32;42;33;44;28;27;3;6;3;24;112;217;75;164;869;179;147;39
201912;04020313;04;02;03;13;2;2766;1358;1408;31;46;32;80;31;31;20;44;58;60;33;44;69;188;110;187;272;252;248;170;163;157;69;30;44;62;100;60;41;22;3;9;31;189;246;44;257;1402;256;266;75
201912;04020314;04;02;03;14;2;9;9;0;0;0;0;0;0;0;0;0;0;0;0;0;0;0;0;0;0;0;0;0;0;0;0;6;0;0;0;3;0;0;0;0;0;0;0;0;0;0;6;3;0
201912;04030415;04;03;04;15;1;1879;1043;836;15;10;30;22;9;19;6;19;24;20;7;41;50;175;149;174;227;186;147;128;91;83;57;37;21;15;43;34;22;3;9;6;15;71;95;41;225;1102;177;113;40
201912;04030416;04;03;04;16;1;5154;2509;2645;54;63;83;136;55;62;64;106;114;86;64;171;122;251;145;294;482;454;363;355;353;284;202;97;70;115;192;169;92;36;14;6;54;337;496;171;373;2446;583;546;148
201912;04030417;04;03;04;17;1;4286;2121;2165;51;55;51;90;48;43;44;108;80;96;35;114;105;235;141;269;438;366;363;330;277;242;123;66;71;116;162;79;38;28;19;3;51;244;406;114;340;2184;431;428;88
201912;04030518;04;03;05;18;1;4428;2257;2171;48;57;43;114;43;43;42;57;86;65;30;109;114;230;173;300;487;384;350;307;300;265;149;81;79;127;155;75;55;31;12;17;48;257;323;109;344;2301;495;436;115
201912;04030519;04;03;05;19;1;2753;1455;1298;45;23;31;61;37;31;28;73;41;61;31;69;55;125;106;175;335;301;214;222;164;120;97;42;50;58;66;50;25;11;0;6;45;152;265;69;180;1517;259;224;42
201912;04030620;04;03;06;20;1;4068;2012;2056;38;39;38;108;37;44;37;67;90;86;34;103;88;201;135;246;445;365;314;312;297;267;109;85;68;101;132;84;48;32;15;3;38;222;358;103;289;2114;461;385;98
201912;04030621;04;03;06;21;1;1858;998;860;12;22;10;37;19;25;24;21;33;43;9;47;40;110;90;148;223;176;129;125;157;97;50;30;24;31;42;33;31;13;4;3;12;88;155;47;150;1048;177;130;51
201912;04030622;04;03;06;22;1;5285;2635;2650;75;73;54;130;50;58;62;92;85;94;52;128;118;199;204;313;541;503;432;424;309;298;155;111;103;156;229;96;78;36;9;18;75;307;443;128;317;2726;564;584;141
201912;04030623;04;03;06;23;1;2924;1408;1516;36;39;38;73;33;15;37;64;65;42;25;69;50;127;110;183;319;326;220;197;183;160;93;55;45;59;105;53;43;29;19;12;36;183;248;69;177;1538;308;262;103
201912;04030724;04;03;07;24;1;2575;1239;1336;27;28;25;60;34;24;18;31;33;54;20;65;43;121;109;160;260;221;217;172;144;132;88;42;44;55;92;80;75;45;44;12;27;147;180;65;164;1283;262;271;176
201912;04030725;04;03;07;25;1;5206;2654;2552;62;61;60;118;46;25;46;115;99;99;32;152;148;283;200;363;558;461;444;368;333;300;148;97;85;123;162;86;77;27;16;12;62;285;416;152;431;2727;545;456;132
201912;04030726;04;03;07;26;1;2627;1284;1343;21;33;31;75;21;22;19;40;53;41;28;93;76;115;64;136;219;236;178;217;223;178;86;52;45;85;117;62;24;12;7;18;21;160;203;93;191;1273;316;309;61
201912;04030827;04;03;08;27;1;6780;3499;3281;70;83;57;161;67;60;59;104;126;143;55;153;159;406;287;406;689;647;542;551;426;387;195;127;117;178;214;136;106;38;12;19;70;368;547;153;565;3548;709;645;175
201912;04030828;04;03;08;28;1;4532;2256;2276;48;46;52;72;31;32;32;71;63;81;39;98;96;239;170;280;476;422;379;337;374;274;139;93;83;141;170;87;59;26;10;12;48;201;318;98;335;2438;506;481;107
201912;04030929;04;03;09;29;1;2677;1342;1335;27;19;24;45;29;34;31;59;48;43;31;61;36;100;82;159;275;233;196;212;164;190;113;72;52;72;110;66;27;28;27;12;27;117;246;61;136;1321;375;300;94
201912;04030930;04;03;09;30;1;2679;1412;1267;31;24;27;40;33;24;25;34;63;52;16;59;61;116;67;124;249;177;193;216;183;227;114;68;53;78;109;102;38;44;16;16;31;124;214;59;177;1209;409;342;114
201912;04030931;04;03;09;31;1;2171;1128;1043;20;25;20;56;27;13;22;36;40;49;15;45;34;84;44;118;200;210;188;179;171;135;70;28;40;67;101;45;46;16;15;12;20;128;175;45;118;1110;233;253;89
201912;04031032;04;03;10;32;1;6935;3436;3499;70;64;92;160;80;73;84;127;133;128;47;177;163;299;231;392;712;622;595;556;440;454;212;125;117;199;230;170;83;49;22;29;70;396;592;177;462;3548;791;716;183
201912;04041133;04;04;11;33;2;75;54;21;0;0;0;0;0;0;0;0;0;0;0;0;0;9;10;12;9;4;9;9;10;3;0;0;0;0;0;0;0;0;0;0;0;0;0;0;9;63;3;0;0
201912;04041134;04;04;11;34;2;2190;1066;1124;27;21;31;65;24;22;37;63;56;52;30;66;37;107;47;110;170;182;194;200;162;125;64;33;22;43;93;37;19;27;15;9;27;141;260;66;144;1065;222;195;70
201912;04041135;04;04;11;35;2;1047;497;550;19;12;6;15;15;21;15;29;21;18;15;31;36;32;15;22;71;80;74;90;75;72;62;21;15;44;50;21;38;6;6;0;19;48;119;31;68;427;155;130;50
201912;04041136;04;04;11;36;2;1155;524;631;12;13;15;25;27;15;21;35;32;26;13;58;32;43;27;45;62;86;108;93;81;80;28;12;39;21;52;27;12;3;3;9;12;80;142;58;75;502;120;139;27
201912;04041137;04;04;11;37;2;3300;1582;1718;56;45;29;101;28;39;39;99;83;78;23;86;78;119;85;162;292;302;304;265;238;183;106;56;56;103;98;78;36;21;6;6;56;203;361;86;197;1648;345;335;69
201912;04041238;04;04;12;38;2;2195;1060;1135;37;36;26;76;29;27;34;54;63;76;46;72;37;98;50;79;176;164;175;204;144;137;70;32;24;73;58;47;38;3;4;6;37;167;300;72;135;992;239;202;51
201912;04041239;04;04;12;39;2;236;140;96;3;3;3;16;7;0;6;6;9;3;0;9;13;26;3;28;13;30;9;12;15;12;4;3;0;0;0;0;0;3;0;0;3;29;24;9;39;110;19;0;3
201912;04041240;04;04;12;40;2;428;204;224;0;6;6;3;6;6;6;16;6;16;6;16;22;18;12;19;31;30;31;46;26;28;12;19;0;6;9;17;3;3;0;3;0;21;56;16;40;195;59;32;9
201912;04041241;04;04;12;41;2;1854;921;933;15;21;25;42;22;21;25;41;60;41;28;42;60;104;62;78;157;154;138;165;122;131;36;50;30;41;60;40;21;13;9;0;15;110;216;42;164;876;217;171;43
201912;04041342;04;04;13;42;2;1486;741;745;33;26;21;26;15;21;18;41;28;38;6;30;36;65;26;59;103;116;99;124;106;103;63;37;43;62;34;44;32;22;0;9;33;88;152;30;101;633;203;183;63
201912;04041343;04;04;13;43;2;1155;555;600;10;9;18;37;16;6;15;25;24;28;15;36;9;43;41;61;85;106;71;84;103;75;27;43;30;30;51;19;15;12;11;0;10;80;113;36;52;551;145;130;38
201912;04041344;04;04;13;44;2;3094;1501;1593;23;34;45;77;39;32;37;69;78;68;39;98;87;131;63;126;233;276;289;235;220;172;113;44;70;72;153;70;45;40;7;9;23;195;323;98;218;1442;329;365;101
201912;04051445;04;05;14;45;1;2907;1383;1524;29;57;33;70;28;33;37;52;55;62;41;91;64;121;103;151;251;265;233;256;183;192;85;55;63;68;99;62;31;22;3;12;29;188;280;91;185;1442;332;292;68
201912;04051446;04;05;14;46;1;4985;2487;2498;64;58;52;128;74;60;61;104;120;83;61;127;90;209;134;264;468;423;403;345;298;319;159;94;106;165;203;126;92;43;15;37;64;312;489;127;299;2335;572;600;187
201912;04051447;04;05;14;47;1;2288;1080;1208;21;21;19;57;26;20;24;37;27;52;10;79;48;96;56;119;171;246;174;168;170;176;63;60;53;73;91;56;23;24;10;18;21;123;170;79;144;1104;299;273;75
201912;04051448;04;05;14;48;1;4477;2270;2207;52;56;52;97;41;33;38;76;72;57;35;87;88;178;145;252;443;408;371;349;325;264;152;109;92;145;155;144;92;39;13;17;52;246;311;87;266;2293;525;536;161
201912;04051549;04;05;15;49;1;2109;1123;986;35;33;28;70;31;22;25;55;60;60;22;74;60;101;58;126;239;193;164;154;130;102;68;19;38;39;51;27;18;3;4;0;35;162;244;74;161;1064;189;155;25
201912;04051550;04;05;15;50;1;2469;1240;1229;20;25;37;51;25;21;18;55;60;47;29;68;75;156;91;145;234;218;190;199;165;132;68;54;41;72;77;46;29;12;3;6;20;138;230;68;231;1242;254;236;50
201912;04051551;04;05;15;51;1;2018;1029;989;27;21;22;45;27;28;31;42;37;49;18;63;41;102;72;131;179;167;173;150;121;115;65;49;26;49;71;44;29;6;12;6;27;115;205;63;143;993;229;190;53
201912;04051652;04;05;16;52;1;4045;2047;1998;47;64;47;93;37;43;52;80;99;80;44;124;116;178;128;217;380;342;316;302;270;229;136;74;70;107;157;98;59;28;19;9;47;241;398;124;294;1955;439;432;115
201912;04051653;04;05;16;53;1;3086;1543;1543;24;24;27;72;24;42;33;55;61;60;19;92;62;186;116;181;346;253;203;239;200;175;109;50;60;102;111;83;32;22;14;9;24;147;270;92;248;1538;334;356;77
201912;04051654;04;05;16;54;1;1160;564;596;16;9;6;27;6;6;7;19;31;22;12;12;26;63;31;80;136;107;92;72;80;89;28;24;16;19;63;33;12;9;4;3;16;48;97;12;89;598;141;131;28
201912;04051655;04;05;16;55;1;3336;1699;1637;27;46;48;69;59;44;32;72;70;77;31;98;99;172;120;189;374;332;280;240;204;164;92;62;36;65;97;40;55;19;16;7;27;222;326;98;271;1739;318;238;97
201912;04051656;04;05;16;56;1;2608;1335;1273;33;30;44;56;25;25;31;65;69;68;24;74;66;146;87;133;279;259;221;205;163;152;64;41;31;46;61;44;38;16;6;6;33;155;282;74;212;1347;257;182;66
201912;04061757;04;06;17;57;2;21;15;6;0;0;0;0;0;0;0;0;0;0;0;0;8;3;0;0;0;0;0;0;3;0;3;0;0;4;0;0;0;0;0;0;0;0;0;0;11;3;3;4;0
201912;05010101;05;01;01;01;2;3170;1595;1575;52;67;55;116;56;49;38;118;108;89;53;105;91;149;86;196;306;257;236;239;176;145;68;55;35;61;76;46;27;6;9;0;52;294;455;105;240;1496;268;218;42
201912;05010102;05;01;01;02;2;3071;1555;1516;69;80;67;137;47;43;49;82;76;51;21;83;64;220;127;244;380;271;215;187;136;120;53;24;50;40;61;30;22;19;3;0;69;331;322;83;284;1560;197;181;44
201912;05010103;05;01;01;03;2;1504;766;738;25;19;31;37;17;12;33;31;46;56;23;40;24;58;52;61;103;117;154;117;87;75;39;41;32;51;46;31;28;12;0;6;25;104;201;40;82;691;155;160;46
201912;05010204;05;01;02;04;2;1581;770;811;23;17;28;57;44;25;26;63;72;62;46;90;68;59;46;59;90;140;136;103;75;56;34;21;21;21;25;35;20;4;15;0;23;146;294;90;127;649;111;102;39
201912;05010205;05;01;02;05;2;635;311;324;6;6;4;16;7;6;13;12;19;28;9;33;13;35;28;31;55;34;31;44;54;34;26;15;10;18;15;18;6;9;0;0;6;33;87;33;48;277;75;61;15
201912;05010206;05;01;02;06;2;4552;2329;2223;68;90;83;177;99;84;72;125;142;155;59;198;116;220;154;232;406;349;335;316;252;249;106;80;76;73;100;59;52;22;3;0;68;449;637;198;336;2044;435;308;77
201912;05010207;05;01;02;07;2;6013;2924;3089;85;95;92;214;83;92;94;198;178;204;79;259;143;241;144;255;457;475;496;399;375;334;187;144;98;167;154;109;86;40;24;12;85;484;845;259;384;2601;665;528;162
201912;05010208;05;01;02;08;2;2785;1432;1353;43;68;50;86;50;53;36;97;69;45;30;77;78;149;124;173;296;257;193;184;136;172;62;46;36;57;45;36;25;12;0;0;43;254;330;77;227;1363;280;174;37
201912;05010209;05;01;02;09;2;2007;1036;971;18;30;34;49;34;38;31;65;53;66;33;69;56;99;51;81;180;158;142;164;169;123;47;34;40;42;61;17;15;8;0;0;18;147;286;69;155;945;204;160;23
201912;05010310;05;01;03;10;2;1577;800;777;27;42;25;63;40;23;25;54;37;28;19;49;45;76;53;110;158;124;149;114;122;47;32;16;10;20;27;30;6;6;0;0;27;170;186;49;121;830;95;87;12
201912;05010311;05;01;03;11;2;2859;1406;1453;37;38;43;85;31;36;37;109;76;82;59;135;110;124;81;126;227;220;237;243;173;163;55;45;28;54;79;61;34;19;9;3;37;197;399;135;234;1307;263;222;65
201912;05010312;05;01;03;12;2;4309;2354;1955;83;75;73;148;55;64;57;132;123;132;53;144;161;266;159;266;476;388;306;285;255;199;90;42;43;50;101;50;18;15;0;0;83;351;561;144;427;2135;331;244;33
201912;05010313;05;01;03;13;2;2972;1554;1418;41;49;58;84;60;39;42;68;77;79;28;116;108;194;122;205;285;218;202;216;219;130;60;51;43;53;71;33;15;6;0;0;41;251;333;116;302;1467;241;200;21
201912;05010314;05;01;03;14;2;4941;2527;2414;72;77;77;138;72;52;61;117;125;111;52;181;95;296;175;240;494;458;396;354;328;303;133;80;68;119;117;74;60;7;6;3;72;364;518;181;391;2445;516;378;76
201912;05010339;05;01;03;39;2;663;368;295;10;14;16;38;10;22;25;39;44;19;15;33;30;28;13;41;62;48;37;29;33;19;3;4;3;15;10;3;0;0;0;0;10;78;164;33;58;263;26;31;0
201912;05020415;05;02;04;15;2;816;408;408;3;13;12;36;6;18;10;27;24;28;17;47;13;41;18;13;56;41;58;73;72;77;40;6;6;18;12;6;10;12;3;0;3;67;124;47;54;331;123;42;25
201912;05020416;05;02;04;16;2;96;46;50;0;0;0;3;3;0;0;3;3;3;3;3;0;0;7;5;3;9;6;9;3;12;0;3;3;3;6;0;6;0;0;0;0;6;12;3;0;42;15;12;6
201912;05020417;05;02;04;17;2;1800;936;864;16;24;21;30;27;21;25;52;46;58;16;92;54;120;50;73;114;141;123;143;122;121;60;19;34;49;65;46;28;7;3;0;16;102;218;92;174;766;200;194;38
201912;05020418;05;02;04;18;2;1198;646;552;21;27;25;50;16;21;19;33;49;37;9;56;27;67;48;61;116;105;111;64;61;57;24;17;7;32;19;9;7;3;0;0;21;118;168;56;94;566;98;67;10
201912;05020419;05;02;04;19;2;2288;1119;1169;36;57;50;95;48;50;48;65;58;79;30;64;57;107;60;145;233;178;162;131;109;117;60;42;38;24;69;26;35;3;9;3;36;250;330;64;164;1018;219;157;50
201912;05020420;05;02;04;20;2;198;108;90;3;3;6;0;6;3;3;14;12;6;3;6;6;16;6;9;9;8;15;9;15;15;3;3;3;3;6;7;0;0;0;0;3;15;41;6;22;71;21;19;0
201912;05020521;05;02;05;21;2;908;462;446;16;9;13;28;15;15;7;39;34;32;19;56;21;34;30;19;70;67;77;87;79;41;34;6;8;15;7;21;6;3;0;0;16;65;146;56;55;429;81;51;9
201912;05020522;05;02;05;22;2;3715;1863;1852;52;70;81;176;70;75;76;147;134;139;43;156;100;168;83;164;334;300;313;261;218;174;75;42;43;49;78;34;41;19;0;0;52;397;614;156;268;1673;291;204;60
201912;05020523;05;02;05;23;2;7631;3789;3842;96;132;176;345;141;131;131;316;285;278;146;399;227;433;200;342;600;605;545;476;410;369;177;104;99;124;143;99;67;22;10;3;96;794;1287;399;660;3178;650;465;102
201912;05020524;05;02;05;24;2;1439;737;702;26;30;30;38;27;16;25;18;34;43;24;52;32;88;49;88;87;102;92;104;97;114;40;27;29;49;33;18;21;3;3;0;26;125;160;52;120;619;181;129;27
201912;05020625;05;02;06;25;2;2959;1585;1374;38;54;46;92;31;35;44;73;68;73;27;111;126;202;114;149;288;252;215;214;150;138;69;53;44;76;79;43;39;13;3;0;38;223;320;111;328;1382;260;242;55
201912;05020626;05;02;06;26;2;6581;3393;3188;99;109;87;206;105;97;88;184;142;170;101;234;199;353;237;405;697;601;488;497;388;383;126;88;79;123;128;100;46;15;6;0;99;507;782;234;552;3313;597;430;67
201912;05020627;05;02;06;27;2;2022;1077;945;24;22;24;59;33;41;35;69;85;65;29;93;91;159;80;94;174;168;142;138;134;93;27;33;12;37;38;6;6;11;0;0;24;138;324;93;250;930;153;93;17
201912;05020628;05;02;06;28;2;525;263;262;3;9;6;16;13;9;9;24;10;9;7;22;14;27;6;18;31;36;44;34;37;37;31;7;9;0;25;12;17;3;0;0;3;44;68;22;41;206;75;46;20
201912;05020629;05;02;06;29;2;710;336;374;7;9;15;15;14;6;3;12;15;16;12;33;13;11;10;23;46;66;48;59;68;37;33;6;19;19;27;35;22;7;0;4;7;53;64;33;24;320;76;100;33
201912;05030730;05;03;07;30;2;2233;1133;1100;28;30;40;82;33;34;36;78;82;82;40;119;55;106;43;66;118;215;217;207;180;124;40;29;14;46;51;26;6;3;3;0;28;185;352;119;161;1046;193;137;12
201912;05030731;05;03;07;31;2;5062;2470;2592;71;82;74;159;75;67;60;137;151;115;60;160;115;194;132;265;419;427;419;379;313;334;176;113;98;129;137;86;78;31;6;0;71;390;590;160;309;2354;623;450;115
201912;05030832;05;03;08;32;2;5849;3061;2788;71;92;86;175;84;83;87;176;168;153;73;189;158;334;188;305;565;504;467;391;343;320;147;109;102;132;180;91;43;25;8;0;71;437;740;189;492;2763;576;505;76
201912;05030833;05;03;08;33;2;236;114;122;0;3;7;3;6;3;0;0;0;5;6;12;3;10;15;24;16;9;24;25;9;3;12;0;0;16;19;6;0;0;0;0;0;19;14;12;13;122;15;41;0
201912;05040934;05;04;09;34;2;882;478;404;9;12;24;36;18;6;22;41;32;30;10;57;28;30;26;39;59;57;67;42;44;41;18;28;12;22;15;34;14;3;6;0;9;90;141;57;58;334;87;83;23
201912;05040935;05;04;09;35;2;113;63;50;6;0;0;0;3;0;3;0;0;0;0;6;6;3;3;0;10;20;3;10;18;7;3;3;0;3;3;3;0;0;0;0;6;3;3;6;9;64;13;9;0
201912;05040936;05;04;09;36;2;1804;854;950;18;23;34;73;33;43;40;77;77;89;43;105;41;33;16;39;88;122;130;187;118;114;50;28;19;48;56;29;10;18;3;0;18;163;369;105;74;700;192;152;31
201912;05040937;05;04;09;37;2;354;151;203;3;3;7;16;3;3;6;3;12;6;6;25;9;21;7;7;13;25;27;15;21;22;11;12;15;12;20;6;12;6;0;0;3;29;36;25;30;115;45;53;18
201912;05040938;05;04;09;38;2;527;243;284;6;7;0;21;0;9;9;22;34;22;10;22;17;15;12;13;22;19;44;45;38;38;18;6;6;16;18;16;19;3;0;0;6;28;106;22;32;193;62;56;22
201912;06010101;06;01;01;01;2;1860;901;959;22;15;30;48;30;30;36;39;58;48;24;69;62;97;46;91;133;133;138;137;136;128;48;33;24;36;71;34;44;11;9;0;22;123;235;69;159;814;209;165;64
201912;06010102;06;01;01;02;2;3209;1524;1685;37;50;50;81;49;44;42;79;96;61;37;98;87;127;106;185;294;330;221;232;209;197;86;75;46;88;92;59;18;12;12;9;37;230;359;98;214;1577;358;285;51
201912;06010103;06;01;01;03;2;2077;1009;1068;34;33;27;55;24;16;19;51;42;45;27;60;54;108;87;100;205;170;199;152;148;98;50;22;43;50;80;43;17;6;6;6;34;139;200;60;162;1061;170;216;35
201912;06010204;06;01;02;04;2;2414;1202;1212;27;48;35;58;21;43;25;53;52;71;33;76;39;151;83;123;221;200;171;170;175;144;69;44;18;66;108;53;21;7;3;6;27;162;277;76;190;1143;257;245;37
201912;06010205;06;01;02;05;2;3212;1584;1628;42;62;54;72;46;47;41;85;85;70;27;79;67;159;123;195;334;279;217;256;248;169;102;35;55;85;62;45;37;19;9;6;42;234;355;79;226;1652;306;247;71
201912;06010206;06;01;02;06;2;2347;1151;1196;33;37;28;67;30;32;22;50;63;52;30;65;51;116;72;108;214;222;191;174;136;114;69;40;33;83;95;56;34;21;6;3;33;162;249;65;167;1117;223;267;64
201912;06010207;06;01;02;07;2;2755;1357;1398;42;41;34;94;29;39;44;72;61;57;25;86;71;131;101;150;281;263;216;175;173;152;96;50;56;61;74;42;19;14;3;3;42;198;298;86;202;1359;298;233;39
201912;06010208;06;01;02;08;2;2144;1050;1094;30;24;31;61;24;31;23;49;43;43;13;48;32;75;75;117;255;194;171;139;143;131;71;51;30;59;88;46;30;13;0;4;30;140;202;48;107;1094;253;223;47
201912;06010209;06;01;02;09;2;3287;1596;1691;52;45;67;101;37;42;48;81;71;63;31;89;76;150;93;198;337;282;288;239;197;179;104;66;56;65;90;83;33;21;3;0;52;250;336;89;226;1634;349;294;57
201912;06010210;06;01;02;10;2;1387;677;710;31;15;22;36;27;13;15;29;27;29;15;40;22;63;41;78;125;121;108;115;99;94;45;26;15;25;55;18;22;3;7;6;31;100;128;40;85;687;165;113;38
201912;06020301;06;02;03;01;2;1205;588;617;21;21;24;31;19;16;23;16;41;25;15;46;14;52;43;77;88;90;101;97;64;74;32;26;12;30;49;21;18;12;3;4;21;95;136;46;66;560;132;112;37
201912;06020302;06;02;03;02;2;1871;967;904;31;29;28;56;28;35;24;64;46;35;18;75;63;139;60;100;156;147;146;139;92;82;37;27;27;47;57;48;13;16;6;0;31;141;222;75;202;840;146;179;35
201912;06020303;06;02;03;03;2;2273;1140;1133;26;41;52;70;31;34;27;63;54;56;17;55;58;89;77;98;230;242;205;145;132;152;73;46;34;48;58;37;17;6;0;0;26;194;251;55;147;1129;271;177;23
201912;06020304;06;02;03;04;2;2158;1063;1095;46;42;33;66;29;23;34;43;60;60;22;66;45;117;63;123;240;182;169;141;122;125;55;30;15;53;81;27;18;20;4;4;46;170;242;66;162;1040;210;176;46
201912;06020305;06;02;03;05;2;3946;1920;2026;30;56;59;116;49;53;62;105;100;99;38;111;130;283;158;213;325;357;315;276;225;148;109;59;75;109;102;71;74;24;6;9;30;280;457;111;413;1869;316;357;113
201912;06020306;06;02;03;06;2;1260;603;657;18;18;9;31;21;25;19;27;27;20;12;35;47;62;28;60;100;83;62;102;92;115;36;25;28;40;44;37;34;3;0;0;18;79;130;35;109;527;176;149;37
201912;06020407;06;02;04;07;2;2338;1176;1162;21;24;33;54;41;18;25;91;65;79;19;80;41;101;81;125;224;179;171;166;147;154;75;67;36;64;82;46;6;12;4;7;21;152;297;80;142;1093;296;228;29
201912;06020408;06;02;04;08;2;2009;1015;994;26;42;34;71;31;31;28;72;49;45;37;73;66;111;66;90;160;157;147;145;134;106;72;26;26;41;39;33;36;12;3;0;26;178;262;73;177;899;204;139;51
201912;06020409;06;02;04;09;2;2227;1096;1131;32;28;33;87;21;47;38;51;44;57;21;100;71;112;63;90;190;183;186;142;137;119;61;40;29;47;60;51;50;16;9;12;32;169;258;100;183;991;220;187;87
201912;06020410;06;02;04;10;2;1456;720;736;12;24;15;32;30;20;12;41;51;22;15;41;67;75;51;79;120;93;114;91;95;74;50;25;38;33;70;47;3;7;6;3;12;101;161;41;142;643;149;188;19
201912;06020411;06;02;04;11;2;2267;1098;1169;27;28;46;87;40;32;37;80;69;82;31;116;53;100;49;78;129;215;159;170;136;116;79;33;55;55;58;54;31;4;12;6;27;201;331;116;153;936;228;222;53
201912;06030501;06;03;05;01;2;1405;776;629;17;15;16;37;19;9;22;36;41;47;16;66;55;120;64;69;99;107;109;92;81;77;21;15;22;25;51;31;20;0;3;3;17;87;171;66;175;621;113;129;26
201912;06030502;06;03;05;02;2;1375;640;735;9;28;29;46;22;19;18;37;51;41;15;48;39;70;44;58;109;103;97;109;112;60;30;33;19;25;33;34;15;12;6;4;9;125;181;48;109;632;123;111;37
201912;06030503;06;03;05;03;2;3496;1686;1810;46;46;41;117;57;59;51;103;89;111;44;127;96;165;82;159;275;261;297;268;206;213;103;67;76;91;98;57;48;19;9;15;46;261;457;127;261;1548;383;322;91
201912;06030504;06;03;05;04;2;2554;1212;1342;15;43;36;61;43;40;40;88;100;77;40;119;92;92;64;75;165;170;173;195;186;136;98;46;46;66;95;83;33;18;19;0;15;183;385;119;184;1028;280;290;70
201912;06030605;06;03;06;05;2;1997;987;1010;18;22;27;47;29;18;21;48;70;41;24;58;53;108;63;113;184;139;164;167;128;131;67;46;28;73;34;42;18;10;6;0;18;125;222;58;161;958;244;177;34
201912;06030606;06;03;06;06;2;2193;1123;1070;31;41;28;79;30;36;31;50;81;71;43;95;80;141;82;114;197;167;161;141;103;123;59;25;30;30;46;27;30;15;6;0;31;178;312;95;221;965;207;133;51
201912;06030607;06;03;06;07;2;1179;610;569;12;9;6;21;9;12;12;25;15;28;15;29;77;211;96;125;95;72;53;66;29;45;21;17;18;15;12;15;3;13;0;3;12;45;107;29;288;536;83;60;19
201912;06030608;06;03;06;08;2;3954;2052;1902;44;54;52;148;64;73;70;145;147;154;49;193;137;181;103;145;287;316;315;288;265;203;112;56;48;71;102;63;39;21;9;0;44;318;638;193;318;1719;371;284;69
201912;06030609;06;03;06;09;2;3077;1475;1602;31;34;57;72;47;41;60;103;87;75;46;101;78;151;110;146;270;257;228;248;216;170;98;46;34;67;104;54;12;13;11;10;31;210;412;101;229;1475;314;259;46
201912;06030610;06;03;06;10;2;2039;948;1091;28;35;34;58;17;27;30;61;64;84;31;84;47;94;39;82;180;170;117;169;133;124;58;18;36;38;62;45;53;11;3;7;28;144;297;84;141;890;200;181;74
201912;06040701;06;04;07;01;2;2377;1187;1190;27;26;31;56;28;55;40;74;72;68;38;103;64;127;61;111;130;154;165;186;173;148;62;39;49;67;101;66;23;9;15;9;27;141;347;103;191;980;249;283;56
201912;06040702;06;04;07;02;2;1332;692;640;12;16;21;49;18;24;22;33;36;51;23;68;67;65;20;51;63;101;100;91;103;53;34;18;22;48;51;31;26;6;6;3;12;104;189;68;132;529;105;152;41
201912;06040703;06;04;07;03;2;3295;1679;1616;15;19;24;62;33;33;37;58;58;71;34;79;177;486;278;302;284;191;172;169;155;147;64;52;39;54;72;62;37;21;3;7;15;138;291;79;663;1551;263;227;68
201912;06040804;06;04;08;04;2;1424;674;750;16;18;25;43;22;27;18;56;22;48;21;72;46;65;30;56;59;74;96;97;136;90;42;28;27;34;70;39;25;9;3;10;16;108;192;72;111;548;160;170;47
201912;06040805;06;04;08;05;2;1192;565;627;9;13;9;48;19;20;27;29;46;43;18;48;37;50;32;42;83;73;101;92;63;66;36;9;28;41;44;38;7;9;3;9;9;89;183;48;87;486;111;151;28
201912;06040806;06;04;08;06;2;1246;562;684;7;13;21;24;17;9;24;37;42;46;13;67;43;66;50;53;84;90;59;89;76;63;59;27;9;35;59;32;17;9;0;6;7;75;171;67;109;501;149;135;32
201912;06040807;06;04;08;07;2;1468;689;779;12;12;12;38;25;18;29;37;58;48;22;64;33;67;25;68;129;123;80;115;103;97;33;21;15;45;51;34;38;10;3;3;12;87;212;64;100;643;151;145;54
201912;06040808;06;04;08;08;2;1782;859;923;12;25;27;82;31;36;34;56;86;72;34;104;60;71;31;34;48;128;157;173;139;117;57;22;13;30;35;36;19;7;6;0;12;165;318;104;131;710;196;114;32
201912;06040809;06;04;08;09;2;1570;763;807;9;12;15;40;19;12;24;43;53;44;22;61;49;97;28;55;111;130;106;110;120;95;39;26;36;40;62;53;32;12;12;3;9;86;198;61;146;660;160;191;59
201912;06040810;06;04;08;10;2;2327;1110;1217;15;33;25;64;39;29;42;62;64;75;40;122;102;120;81;106;159;160;147;174;155;132;75;49;38;34;65;42;24;27;15;12;15;161;312;122;222;982;256;179;78
201912;07010101;07;01;01;01;1;5110;2681;2429;56;46;63;107;51;44;41;105;89;96;43;108;110;265;157;283;505;426;422;381;384;332;178;132;104;124;202;126;78;35;10;7;56;267;418;108;375;2558;642;556;130
201912;07010102;07;01;01;02;1;9485;4983;4502;85;107;113;223;109;107;113;200;210;227;98;345;255;560;354;546;898;816;672;722;640;563;268;174;132;203;310;183;141;77;21;13;85;552;955;345;815;4648;1005;828;252
201912;07010103;07;01;01;03;1;4213;2170;2043;63;60;55;113;43;37;30;82;84;82;42;124;83;238;185;278;459;386;326;308;282;232;103;95;78;100;115;81;37;12;0;0;63;271;357;124;321;2224;430;374;49
201912;07010104;07;01;01;04;1;7758;3891;3867;67;103;77;168;86;84;83;165;179;201;96;230;206;401;289;433;780;680;554;600;507;443;212;151;108;138;309;167;133;70;25;13;67;434;808;230;607;3843;806;722;241
201912;07020201;07;02;02;01;1;3813;1890;1923;49;47;60;96;37;48;59;90;76;79;28;93;79;154;138;255;378;312;319;252;282;244;102;56;73;88;158;86;48;18;3;6;49;240;380;93;233;1936;402;405;75
201912;07020202;07;02;02;02;1;4754;2498;2256;57;75;70;127;55;53;44;113;100;99;50;155;105;267;190;341;565;454;438;338;284;228;119;55;56;50;122;76;37;21;10;0;57;327;459;155;372;2610;402;304;68
201912;07020203;07;02;02;03;1;7956;4088;3868;92;102;83;192;89;96;94;157;183;179;74;252;189;430;291;525;917;738;595;582;517;423;212;140;135;175;207;157;82;33;12;3;92;466;783;252;619;4165;775;674;130
201912;07020204;07;02;02;04;1;4500;2285;2215;60;46;51;130;51;52;42;100;87;88;42;100;133;311;164;357;551;438;330;311;284;242;82;61;59;79;106;78;40;13;9;3;60;278;411;100;444;2435;385;322;65
201912;07030301;07;03;03;01;1;7089;3376;3713;87;102;97;184;90;97;84;187;198;181;93;207;219;430;243;450;628;617;570;541;443;338;186;127;107;151;184;128;71;39;10;0;87;473;840;207;649;3492;651;570;120
201912;07030302;07;03;03;02;1;3040;1482;1558;46;31;39;91;30;30;25;71;65;79;33;92;56;185;123;199;290;251;216;204;193;162;85;74;60;71;98;82;47;0;9;3;46;191;303;92;241;1476;321;311;59
201912;07030303;07;03;03;03;1;5390;2696;2694;55;80;76;149;76;61;69;136;143;148;61;196;134;291;188;283;500;465;437;368;394;342;152;85;59;102;155;98;57;13;10;7;55;381;618;196;425;2635;579;414;87
201912;07040401;07;04;04;01;2;6738;3337;3401;90;103;89;204;87;73;105;182;174;150;66;211;150;286;225;384;645;625;548;505;482;386;176;131;85;130;173;138;70;39;10;16;90;483;750;211;436;3414;693;526;135
201912;07040402;07;04;04;02;2;498;256;242;0;9;6;14;10;6;8;16;12;12;17;13;10;15;4;25;35;42;32;50;37;36;6;19;6;19;18;9;6;3;3;0;0;39;71;13;25;225;61;52;12
201912;07040403;07;04;04;03;2;9544;4858;4686;132;164;174;283;136;145;112;246;216;248;104;293;231;501;345;673;1048;940;734;641;576;447;194;129;149;158;224;151;89;43;12;6;132;757;1071;293;732;4957;770;682;150
201912;07040404;07;04;04;04;2;1404;710;694;21;34;24;39;15;12;16;34;36;21;16;48;32;67;65;87;122;118;88;109;76;70;29;24;22;45;50;42;21;18;3;0;21;112;135;48;99;665;123;159;42
201912;07040405;07;04;04;05;2;5166;2696;2470;96;79;81;166;72;90;57;146;147;129;67;182;165;326;199;336;574;417;390;366;272;249;93;55;53;83;99;68;62;29;18;0;96;398;636;182;491;2554;397;303;109
201912;07040406;07;04;04;06;2;2328;1240;1088;47;45;55;79;38;44;41;55;54;43;16;45;39;111;115;223;314;238;148;138;143;97;63;16;15;29;41;18;18;0;0;0;47;217;253;45;150;1319;176;103;18
201912;07050501;07;05;05;01;2;7076;3554;3522;125;130;148;216;113;102;90;185;189;153;66;233;177;353;274;475;738;627;512;472;384;358;163;139;103;161;190;91;57;34;18;0;125;607;785;233;530;3482;660;545;109
201912;07050502;07;05;05;02;2;3245;1686;1559;37;38;51;114;48;32;40;70;91;71;48;140;88;167;110;191;313;264;238;272;218;174;92;63;41;63;64;42;39;12;11;3;37;251;352;140;255;1606;329;210;65
201912;07050503;07;05;05;03;2;3041;1538;1503;54;52;49;83;36;47;36;59;69;73;25;107;56;116;88;189;293;283;222;233;165;193;89;48;59;95;121;62;18;18;3;0;54;220;309;107;172;1473;330;337;39
201912;07050504;07;05;05;04;2;1884;939;945;21;39;31;59;17;19;34;43;52;46;22;61;45;74;53;93;201;153;156;151;129;110;62;33;39;29;50;21;26;9;6;0;21;146;216;61;119;936;205;139;41
201912;07050505;07;05;05;05;2;3151;1564;1587;70;45;49;118;45;39;42;78;85;81;51;127;85;162;87;149;273;238;226;231;223;160;87;60;47;58;94;73;36;16;10;6;70;257;376;127;247;1427;307;272;68
201912;07050506;07;05;05;06;2;558;288;270;5;10;13;12;8;7;3;18;27;24;12;13;6;38;9;25;44;42;45;36;51;30;12;9;13;6;15;13;6;6;0;0;5;43;91;13;44;252;51;47;12
201912;07060601;07;06;06;01;2;4314;2256;2058;44;71;59;180;81;59;73;159;139;151;60;238;137;239;134;214;311;363;315;270;278;205;94;64;62;62;109;43;66;19;15;0;44;391;641;238;376;1885;363;276;100
201912;07060602;07;06;06;02;2;1199;627;572;16;18;18;24;10;20;25;21;37;49;9;51;21;41;33;59;95;90;85;124;85;70;36;10;19;30;44;31;15;7;6;0;16;70;161;51;62;571;116;124;28
201912;07060603;07;06;06;03;2;1095;547;548;16;3;12;33;21;18;26;43;51;52;19;59;27;46;22;41;58;92;89;101;69;64;33;7;15;28;28;9;10;0;3;0;16;69;209;59;73;472;104;80;13
201912;07060604;07;06;06;04;2;5593;2688;2905;77;91;84;175;78;75;98;138;148;160;87;190;122;231;143;175;463;428;485;371;355;368;182;136;120;193;141;109;109;43;15;3;77;428;706;190;353;2420;686;563;170
201912;07070701;07;07;07;01;2;2381;1184;1197;24;48;39;83;30;37;33;68;89;64;35;113;57;109;63;84;142;201;201;193;149;138;67;33;53;58;94;31;30;15;0;0;24;200;326;113;166;1033;238;236;45
201912;07070702;07;07;07;02;2;2413;1161;1252;33;42;44;85;61;36;33;63;73;92;51;114;49;71;59;95;186;168;153;189;184;150;80;58;40;65;68;30;23;9;9;0;33;232;348;114;120;1034;288;203;41
201912;07070703;07;07;07;03;2;2297;1136;1161;35;39;34;83;45;30;28;64;87;56;29;80;72;99;44;85;173;190;157;171;174;121;92;53;37;56;50;64;33;13;3;0;35;201;294;80;171;994;266;207;49
201912;07070704;07;07;07;04;2;3392;1691;1701;52;61;49;145;62;64;50;148;124;141;68;188;132;140;79;120;199;241;274;223;203;175;83;42;49;71;78;56;46;17;9;3;52;317;595;188;272;1339;300;254;75
201912;07070705;07;07;07;05;2;1332;657;675;26;19;31;48;18;22;6;51;33;51;21;60;19;66;25;40;101;105;113;93;107;102;31;24;20;22;33;15;20;10;0;0;26;116;184;60;85;584;157;90;30
201912;07070706;07;07;07;06;2;858;460;398;15;22;17;24;27;15;23;24;27;25;13;40;10;48;41;55;78;68;58;48;40;45;25;13;10;6;21;7;13;0;0;0;15;90;127;40;58;388;83;44;13
201912;07070707;07;07;07;07;2;551;258;293;13;21;13;15;9;9;9;16;15;19;9;15;15;25;9;19;50;39;37;41;40;24;10;6;0;30;18;16;0;6;0;3;13;58;77;15;40;235;40;64;9
201912;08010115;08;01;01;15;1;389;212;177;4;3;18;12;0;12;10;3;6;3;0;3;6;12;12;26;64;46;22;27;24;25;16;0;10;12;7;0;3;0;3;0;4;33;34;3;18;221;41;29;6
201912;08010116;08;01;01;16;1;2155;1164;991;19;24;18;47;18;15;15;31;46;40;18;64;64;124;98;180;271;207;180;163;116;112;52;28;29;36;62;44;22;9;3;0;19;107;165;64;188;1215;192;171;34
201912;08010117;08;01;01;17;1;8259;4352;3907;112;98;108;183;63;82;76;162;141;171;75;205;195;362;309;726;1349;999;707;535;439;340;132;102;86;131;186;104;65;9;3;4;112;452;707;205;557;5064;574;507;81
201912;08010118;08;01;01;18;1;7201;3774;3427;74;93;104;183;94;87;106;192;198;206;116;291;214;395;290;541;876;718;549;460;429;312;155;77;55;91;130;75;51;24;12;3;74;474;905;291;609;3863;544;351;90
201912;08010211;08;01;02;11;1;5796;2982;2814;49;68;58;102;77;53;55;119;129;138;49;196;126;267;211;496;816;658;438;384;343;298;130;95;73;60;105;133;45;15;10;0;49;305;543;196;393;3346;523;371;70
201912;08010212;08;01;02;12;1;5020;2535;2485;55;60;85;123;74;51;66;170;155;183;70;235;192;203;113;264;435;437;370;403;302;261;98;99;75;119;127;106;52;34;0;3;55;342;695;235;395;2324;458;427;89
201912;08010213;08;01;02;13;1;6766;3531;3235;70;95;89;188;98;76;84;171;150;153;67;220;198;345;307;535;901;734;506;444;409;294;110;76;50;93;138;89;48;25;3;0;70;470;701;220;543;3836;480;370;76
201912;08010214;08;01;02;14;1;4957;2624;2333;54;43;45;128;53;66;58;103;117;133;69;187;187;308;220;349;607;426;402;327;334;233;110;54;59;83;97;44;36;19;3;3;54;269;546;187;495;2665;397;283;61
201912;08010301;08;01;03;01;1;13687;7041;6646;134;173;177;303;165;131;122;263;234;288;131;354;256;614;518;1065;2097;1813;1243;912;764;577;233;147;147;206;304;173;104;36;3;0;134;818;1169;354;870;8412;957;830;143
201912;08010302;08;01;03;02;1;1481;740;741;33;15;21;31;20;21;9;41;42;34;13;53;37;64;55;110;171;136;124;112;75;74;41;20;16;27;44;24;12;6;0;0;33;87;160;53;101;783;135;111;18
201912;08010303;08;01;03;03;1;5140;2661;2479;42;58;49;112;57;55;69;122;97;114;67;153;132;273;193;425;768;610;425;339;275;216;92;59;37;71;100;60;57;4;3;6;42;276;524;153;405;3035;367;268;70
201912;08010404;08;01;04;04;1;12494;6619;5875;131;183;139;310;163;139;155;256;311;293;146;407;349;647;518;970;1814;1365;965;795;638;520;235;145;134;174;262;187;96;34;7;6;131;795;1300;407;996;7065;900;757;143
201912;08010405;08;01;04;05;1;4270;2189;2081;53;57;54;100;47;34;49;96;106;94;40;109;112;216;173;365;657;527;351;264;220;185;68;53;39;60;81;19;25;10;3;3;53;258;419;109;328;2557;306;199;41
201912;08010406;08;01;04;06;1;4277;2251;2026;76;90;93;178;70;68;73;124;121;135;54;153;111;214;162;313;496;406;397;242;195;173;59;58;39;52;48;57;16;0;4;0;76;431;575;153;325;2211;290;196;20
201912;08010407;08;01;04;07;1;362;200;162;3;6;3;0;0;3;0;3;3;6;6;3;6;19;15;33;72;39;27;32;27;21;6;13;3;0;0;9;4;0;0;0;3;9;21;3;25;245;40;12;4
201912;08010508;08;01;05;08;1;4224;2195;2029;75;85;82;186;97;83;92;155;124;126;43;173;136;264;144;279;409;319;250;273;236;218;78;49;34;45;62;61;28;9;3;6;75;450;623;173;400;1910;345;202;46
201912;08010509;08;01;05;09;1;6167;3151;3016;90;113;94;229;129;124;135;284;256;231;117;307;209;259;166;291;482;471;436;425;420;273;107;70;60;97;114;98;61;16;3;0;90;565;1147;307;468;2691;450;369;80
201912;08010510;08;01;05;10;1;324;188;136;9;0;9;3;0;3;0;13;3;12;6;3;3;30;12;26;40;38;19;31;16;39;0;0;3;0;3;3;0;0;0;0;9;12;37;3;33;182;39;9;0
201912;08020619;08;02;06;19;2;6454;3517;2937;104;117;125;228;125;103;107;192;189;181;82;242;191;396;239;499;664;515;506;430;382;281;118;69;58;73;97;79;37;16;6;3;104;595;854;242;587;3235;468;307;62
201912;08020620;08;02;06;20;2;4253;2163;2090;71;75;62;122;74;56;65;107;112;116;51;153;120;214;154;256;436;376;308;290;255;246;114;65;67;60;106;68;31;20;3;0;71;333;507;153;334;2075;425;301;54
201912;08020621;08;02;06;21;2;615;296;319;6;3;9;13;9;18;12;25;25;15;9;36;6;28;9;28;47;35;36;52;59;46;25;19;9;11;10;6;3;3;3;0;6;34;104;36;34;266;90;36;9
201912;08020622;08;02;06;22;2;4170;2093;2077;80;79;63;135;73;73;53;103;89;90;41;130;87;163;113;279;463;337;292;299;258;228;108;74;64;105;119;90;50;23;9;0;80;350;449;130;250;2041;410;378;82
201912;08020623;08;02;06;23;2;392;191;201;6;0;6;19;0;3;0;7;15;15;6;18;19;13;3;21;28;26;27;36;32;24;12;3;10;6;13;11;7;3;3;0;6;25;46;18;32;173;39;40;13
201912;08020624;08;02;06;24;2;519;273;246;3;13;12;12;9;12;9;24;21;18;6;28;6;13;17;18;33;47;51;52;38;22;14;3;3;3;23;3;3;3;0;0;3;46;90;28;19;256;39;32;6
201912;08020625;08;02;06;25;2;1050;565;485;12;9;9;27;13;18;12;24;24;30;15;43;21;64;34;43;87;80;97;65;102;58;28;15;23;24;41;16;13;0;0;3;12;58;123;43;85;508;101;104;16
201912;08020726;08;02;07;26;2;2278;1138;1140;39;42;40;70;28;33;24;59;56;50;37;73;48;105;68;92;200;204;150;165;155;182;56;53;34;74;60;44;18;19;0;0;39;180;259;73;153;1034;291;212;37
201912;08020727;08;02;07;27;2;3792;1947;1845;47;63;56;148;61;63;58;144;128;116;49;195;116;187;126;209;302;280;299;255;286;169;103;49;43;55;71;84;21;6;3;0;47;328;558;195;303;1757;321;253;30
201912;08020728;08;02;07;28;2;4001;2085;1916;46;63;83;146;77;68;64;148;136;124;72;173;119;242;130;223;354;315;297;299;193;177;75;50;39;87;74;51;58;9;6;3;46;369;612;173;361;1811;302;251;76
201912;08030829;08;03;08;29;2;6540;3257;3283;119;121;104;230;104;93;94;222;174;210;97;282;160;284;185;333;569;474;481;380;409;387;212;144;123;145;137;127;98;29;13;0;119;559;890;282;444;2831;743;532;140
201912;08030830;08;03;08;30;2;3047;1508;1539;54;62;62;79;45;40;28;86;71;72;40;92;74;130;87;152;302;189;227;195;195;184;97;73;51;94;103;80;52;28;3;0;54;248;337;92;204;1347;354;328;83
201912;08030831;08;03;08;31;2;9277;4638;4639;154;166;184;327;151;122;146;233;275;261;134;377;249;415;293;471;756;683;685;636;588;598;301;167;156;195;228;134;107;62;12;11;154;828;1171;377;664;4112;1066;713;192
201912;08040932;08;04;09;32;2;947;452;495;18;12;12;49;19;30;24;30;52;30;24;44;24;32;19;26;73;73;82;71;50;44;29;19;14;16;22;3;3;3;0;0;18;92;190;44;56;394;92;55;6
201912;08040933;08;04;09;33;2;1405;711;694;21;27;37;40;18;10;29;40;23;33;12;50;36;62;68;81;84;104;98;107;125;72;38;28;24;35;33;30;19;21;0;0;21;122;147;50;98;667;138;122;40
201912;08040934;08;04;09;34;2;870;449;421;12;18;9;33;12;6;9;18;24;22;18;53;28;40;27;48;72;66;56;50;97;52;24;9;19;20;19;0;9;0;0;0;12;72;97;53;68;416;85;58;9
201912;08041035;08;04;10;35;2;2930;1520;1410;46;50;52;97;31;51;54;75;83;77;39;155;100;141;93;112;219;232;216;236;237;155;62;32;55;79;57;47;29;15;3;0;46;230;379;155;241;1345;249;238;47
201912;08041036;08;04;10;36;2;1689;850;839;12;16;33;32;31;30;32;57;65;65;24;75;51;87;30;53;118;140;110;99;128;129;53;32;35;37;52;27;21;9;6;0;12;112;273;75;138;678;214;151;36
201912;08041037;08;04;10;37;2;2828;1428;1400;42;62;45;111;41;55;56;76;78;71;34;108;72;129;106;145;201;185;213;221;196;155;77;60;27;69;70;78;29;9;7;0;42;259;370;108;201;1267;292;244;45
201912;08041038;08;04;10;38;2;1685;857;828;34;27;24;54;42;33;27;55;53;54;23;65;34;83;40;51;96;110;136;153;123;100;65;37;19;44;28;42;18;12;3;0;34;147;245;65;117;709;202;133;33
201912;08041039;08;04;10;39;2;1162;563;599;22;15;22;42;27;19;20;43;43;42;22;69;23;48;17;50;80;99;108;91;96;64;25;12;6;17;15;9;9;3;0;4;22;106;189;69;71;541;101;47;16
201912;08041040;08;04;10;40;2;2046;1041;1005;31;20;42;71;28;24;31;70;53;73;31;121;52;100;46;86;121;145;152;178;130;130;63;29;25;49;59;38;24;15;6;3;31;161;282;121;152;858;222;171;48
201912;09010101;09;01;01;01;2;4132;2163;1969;64;90;74;139;54;57;49;95;89;78;46;124;90;180;169;327;652;545;361;275;216;122;61;22;18;41;23;41;18;9;3;0;64;357;414;124;270;2545;205;123;30
201912;09010102;09;01;01;02;2;22;16;6;0;3;0;3;0;0;3;0;0;0;0;0;0;0;0;7;0;0;6;0;0;0;0;0;0;0;0;0;0;0;0;0;0;6;3;0;0;13;0;0;0
201912;09010201;09;01;02;01;2;796;394;402;12;16;24;28;12;9;9;30;18;21;3;18;26;36;41;49;97;86;82;45;39;32;21;3;4;6;3;3;6;14;3;0;12;80;90;18;62;439;56;16;23
201912;09010202;09;01;02;02;2;1302;669;633;22;29;22;49;26;17;22;10;18;20;9;16;26;102;64;138;214;139;85;73;43;38;10;9;7;0;20;36;32;6;0;0;22;126;96;16;128;756;57;63;38
201912;09010301;09;01;03;01;2;2673;1362;1311;47;49;54;67;28;38;16;46;56;53;9;50;69;150;133;282;446;278;191;129;116;83;41;25;21;33;16;55;37;29;23;3;47;198;218;50;219;1575;149;125;92
201912;09010302;09;01;03;02;2;929;466;463;14;22;16;46;22;19;20;36;28;36;34;60;21;41;28;28;61;83;70;71;50;48;13;9;6;3;9;22;13;0;0;0;14;106;173;60;62;391;70;40;13
201912;09010401;09;01;04;01;2;986;473;513;30;17;15;49;17;6;9;13;16;18;12;33;24;46;64;78;134;115;40;41;47;24;9;13;16;6;6;50;23;3;12;0;30;98;74;33;70;519;46;78;38
201912;09010402;09;01;04;02;2;1826;939;887;36;38;39;58;41;23;28;53;49;52;15;72;35;109;67;139;180;148;152;119;102;74;25;12;10;29;35;42;28;13;3;0;36;176;220;72;144;907;111;116;44
201912;09020501;09;02;05;01;2;2390;1319;1071;43;60;54;92;34;23;15;64;49;46;28;54;115;203;150;287;363;221;142;119;74;58;13;15;13;7;16;16;6;3;7;0;43;240;225;54;318;1356;86;52;16
201912;09020502;09;02;05;02;2;3650;1839;1811;61;74;68;147;64;59;51;81;75;68;43;88;213;343;210;291;431;355;224;188;147;119;51;23;34;18;35;40;21;16;6;6;61;353;377;88;556;1846;193;127;49
201912;09020601;09;02;06;01;2;2806;1552;1254;50;48;62;111;31;34;28;64;76;59;32;75;126;312;145;289;379;296;170;121;99;46;19;15;16;30;15;17;25;13;3;0;50;252;293;75;438;1499;80;78;41
201912;09020602;09;02;06;02;2;323;151;172;3;8;9;9;6;3;0;10;10;10;3;18;11;19;9;20;32;24;25;26;9;12;4;0;0;3;7;15;12;6;0;0;3;32;36;18;30;145;16;25;18
201912;09020701;09;02;07;01;2;1200;626;574;19;16;23;36;21;9;17;8;12;12;0;19;56;238;110;139;176;120;63;24;18;19;19;3;7;7;9;0;0;0;0;0;19;96;58;19;294;650;41;23;0
201912;09020702;09;02;07;02;2;3221;1751;1470;62;82;69;129;45;44;47;82;86;59;24;89;84;267;180;276;449;300;220;175;119;95;31;21;24;13;28;55;31;21;14;0;62;325;342;89;351;1719;147;120;66
201912;09020801;09;02;08;01;2;295;146;149;3;12;3;21;3;6;6;10;0;0;6;7;3;15;10;19;24;37;16;21;21;16;3;3;3;3;9;9;3;3;0;0;3;39;28;7;18;148;22;24;6
201912;09020802;09;02;08;02;2;1752;932;820;46;37;61;78;41;39;33;43;47;43;18;58;41;118;87;97;224;186;109;101;81;54;34;10;3;18;12;15;15;0;3;0;46;217;223;58;159;885;98;48;18
201912;09030901;09;03;09;01;2;2081;1048;1033;44;30;46;65;47;35;33;76;76;55;51;76;45;89;61;110;189;152;204;180;91;97;41;16;17;24;25;61;24;9;9;3;44;188;326;76;134;987;154;127;45
201912;09030902;09;03;09;02;2;884;449;435;9;26;12;38;23;15;13;15;35;31;12;32;21;32;51;39;75;74;56;55;47;38;15;26;9;12;9;31;18;9;6;0;9;99;121;32;53;397;79;61;33
201912;09030903;09;03;09;03;2;1618;827;791;33;28;46;72;34;36;36;64;64;50;19;68;59;94;36;50;131;144;104;97;99;79;42;21;20;12;34;12;31;3;0;0;33;180;269;68;153;661;142;78;34
201912;09031001;09;03;10;01;2;1764;940;824;22;32;24;54;27;34;23;46;50;64;21;55;76;107;68;105;133;148;152;128;102;94;34;15;6;19;29;56;18;13;9;0;22;137;238;55;183;836;143;110;40
201912;09031101;09;03;11;01;2;933;472;461;27;32;17;35;31;9;6;23;18;20;11;12;33;56;32;51;129;91;60;40;37;44;13;9;3;15;10;25;19;25;0;0;27;115;87;12;89;440;66;53;44
201912;09031201;09;03;12;01;2;199;97;102;4;0;9;6;0;3;4;3;6;14;0;6;9;6;0;3;18;10;6;21;9;15;3;7;0;3;6;13;4;5;6;0;4;15;30;6;15;67;25;22;15
201912;09031202;09;03;12;02;2;258;122;136;3;3;9;9;4;9;3;10;0;6;3;10;3;6;3;10;10;40;29;12;22;10;3;10;0;6;12;6;7;0;0;0;3;25;31;10;9;126;23;24;7
201912;09041301;09;04;13;01;2;662;327;335;14;9;9;25;16;12;9;22;9;12;6;9;10;25;10;38;59;52;48;33;33;32;13;9;12;10;21;62;31;9;3;0;14;59;70;9;35;273;54;105;43
201912;09041302;09;04;13;02;2;198;91;107;3;3;9;6;0;6;0;4;12;13;3;6;7;0;6;12;21;3;9;13;17;6;6;0;3;6;3;9;9;3;0;0;3;18;38;6;7;81;12;21;12
201912;09041401;09;04;14;01;2;489;230;259;6;13;12;15;0;4;6;20;13;3;7;19;9;18;16;30;46;38;31;16;19;18;13;10;3;19;15;38;19;3;3;7;6;40;53;19;27;196;41;75;32
201912;09041402;09;04;14;02;2;236;108;128;6;9;9;6;13;7;0;6;3;0;9;9;4;18;3;3;18;21;37;10;6;3;9;3;0;3;10;4;3;0;0;4;6;37;25;9;22;98;15;17;7
201912;09041403;09;04;14;03;2;590;357;233;9;18;6;15;6;10;9;12;14;15;9;12;35;40;38;35;49;71;30;18;28;9;12;6;3;12;10;13;12;9;19;6;9;45;69;12;75;269;27;38;46
201912;09041501;09;04;15;01;2;1431;732;699;32;30;34;57;22;36;20;47;61;35;12;70;34;76;61;97;121;125;117;94;63;74;19;12;10;6;18;28;7;9;4;0;32;143;211;70;110;678;105;62;20
201912;09041601;09;04;16;01;2;541;272;269;6;6;9;30;4;9;11;17;13;18;3;19;3;17;16;24;52;40;44;32;53;33;18;15;7;7;3;10;7;9;3;3;6;49;71;19;20;261;66;27;22
201912;09051701;09;05;17;01;2;439;251;188;6;12;12;21;3;3;10;6;13;3;0;15;10;35;19;26;51;34;33;30;21;21;9;0;3;0;4;15;10;14;0;0;6;48;35;15;45;214;30;22;24
201912;09051702;09;05;17;02;2;1304;626;678;24;28;36;45;30;18;21;35;44;38;19;52;23;49;25;80;103;113;104;100;75;37;15;12;12;12;21;48;49;26;3;7;24;139;175;52;72;600;64;93;85
201912;09051801;09;05;18;01;2;936;484;452;19;15;15;35;16;20;14;38;29;34;9;55;17;37;26;38;61;84;69;66;47;34;19;3;19;12;10;42;38;9;3;3;19;81;144;55;54;391;56;83;53
201912;09051901;09;05;19;01;2;1668;818;850;38;33;33;56;20;12;15;33;21;35;12;46;50;117;93;137;246;163;112;83;81;41;27;12;18;12;28;39;20;25;10;0;38;142;128;46;167;915;80;97;55
201912;09052001;09;05;20;01;2;1217;589;628;13;18;33;38;22;19;12;25;33;24;15;34;30;77;32;79;143;116;98;73;58;44;19;6;12;6;23;38;28;42;7;0;13;111;128;34;107;599;69;79;77
201912;10010101;10;01;01;01;2;1519;720;799;18;30;28;65;28;21;23;27;47;62;22;83;49;64;47;61;149;92;124;98;95;80;31;24;27;47;31;16;20;10;0;0;18;151;202;83;113;666;135;121;30
201912;10010102;10;01;01;02;2;4965;2539;2426;66;94;81;183;79;88;85;176;185;177;93;230;108;242;147;226;427;470;367;311;209;222;149;87;81;100;96;68;79;27;12;0;66;437;804;230;350;2157;458;345;118
201912;10010203;10;01;02;03;2;838;566;272;26;26;25;26;19;10;15;18;28;18;3;14;47;113;50;80;98;73;39;38;33;17;3;6;3;3;7;0;0;0;0;0;26;96;92;14;160;411;26;13;0
201912;10010204;10;01;02;04;2;2647;1305;1342;49;51;70;135;40;47;47;88;95;73;42;96;73;126;80;118;288;214;190;125;121;108;74;50;39;43;41;39;45;15;19;6;49;296;392;96;199;1136;232;162;85
201912;10010205;10;01;02;05;2;1380;699;681;24;22;16;47;27;36;15;40;44;40;12;66;41;80;40;106;124;126;83;85;76;65;47;19;16;18;28;18;19;0;0;0;24;112;187;66;121;640;131;80;19
201912;10010206;10;01;02;06;2;4436;2348;2088;74;94;81;181;67;70;70;138;157;117;66;173;108;276;163;283;505;399;299;257;145;203;101;53;66;78;63;86;43;13;7;0;74;423;618;173;384;2051;357;293;63
201912;10010207;10;01;02;07;2;2644;1309;1335;35;46;46;108;60;30;54;74;74;82;37;118;78;146;90;128;243;205;206;144;145;110;77;48;41;38;29;69;42;22;13;6;35;260;351;118;224;1161;235;177;83
201912;10010308;10;01;03;08;2;615;376;239;9;3;18;12;9;12;6;13;16;18;9;9;18;51;32;39;44;65;61;57;39;28;12;7;3;3;9;6;7;0;0;0;9;42;74;9;69;337;47;21;7
201912;10010309;10;01;03;09;2;3518;1738;1780;55;58;63;87;53;53;67;92;106;120;30;137;102;169;110;195;368;325;249;227;190;157;73;65;46;67;55;87;66;35;8;3;55;261;468;137;271;1664;295;255;112
201912;10010310;10;01;03;10;2;4363;2260;2103;57;90;71;155;75;76;72;134;147;111;59;149;115;246;165;263;432;360;308;257;208;223;122;63;59;74;81;98;60;21;12;0;57;391;599;149;361;1993;408;312;93
201912;10010311;10;01;03;11;2;531;225;306;3;10;9;19;7;10;19;24;7;21;10;25;3;12;11;25;40;46;30;29;19;28;12;9;9;21;10;18;21;21;0;3;3;45;91;25;15;200;49;58;45
201912;10020412;10;02;04;12;2;2342;1147;1195;45;57;68;121;65;44;64;91;80;78;34;73;80;102;61;126;234;210;152;124;112;94;64;28;13;24;28;22;18;26;4;0;45;311;391;73;182;1019;186;87;48
201912;10020413;10;02;04;13;2;3604;1836;1768;54;84;102;188;80;75;66;99;104;100;36;129;93;221;153;253;392;328;257;153;145;143;69;45;30;31;28;52;55;27;9;3;54;454;480;129;314;1681;257;141;94
201912;10020414;10;02;04;14;2;815;390;425;10;19;18;18;14;10;21;27;23;22;19;42;28;45;15;46;80;72;62;54;30;54;12;6;6;18;10;10;21;0;3;0;10;69;122;42;73;359;72;44;24
201912;10020415;10;02;04;15;2;1918;1027;891;27;50;47;84;50;46;40;70;55;55;20;71;71;107;77;127;217;190;144;99;77;51;30;16;13;25;24;20;6;6;3;0;27;231;286;71;178;931;97;82;15
201912;10020416;10;02;04;16;2;1652;910;742;25;24;16;66;31;28;21;35;60;46;22;56;42;102;82;112;177;152;117;134;94;69;39;15;15;32;15;9;12;4;0;0;25;137;212;56;144;868;123;71;16
201912;10020517;10;02;05;17;2;1596;837;759;48;28;40;65;33;17;38;55;59;41;27;57;44;105;68;82;170;128;114;86;59;58;18;27;17;13;19;41;24;9;3;3;48;166;237;57;149;707;103;90;39
201912;10020518;10;02;05;18;2;1192;582;610;30;36;36;80;25;29;15;45;39;53;6;43;36;75;39;62;108;107;78;68;61;31;22;3;8;18;9;6;18;6;0;0;30;177;187;43;111;523;56;41;24
201912;10020519;10;02;05;19;2;1918;1042;876;31;48;59;95;49;41;33;88;73;61;25;73;53;103;64;125;220;191;129;104;53;64;18;24;27;14;16;9;25;3;0;0;31;251;321;73;156;886;106;66;28
201912;10020620;10;02;06;20;2;626;299;327;6;3;15;25;9;6;12;26;4;19;16;17;15;19;13;49;75;53;45;44;25;13;27;7;12;15;19;10;21;0;6;0;6;52;83;17;34;304;47;56;27
201912;10020621;10;02;06;21;2;1389;666;723;29;52;50;76;28;29;21;48;42;27;15;36;58;63;50;100;192;79;82;80;64;57;22;13;20;12;22;10;12;0;0;0;29;206;182;36;121;647;92;64;12
201912;10020622;10;02;06;22;2;1197;583;614;19;31;22;32;27;9;16;25;33;25;17;38;25;31;36;80;127;98;95;81;51;51;28;15;19;32;31;34;36;30;3;0;19;112;125;38;56;568;94;116;69
201912;10020623;10;02;06;23;2;886;424;462;15;14;21;28;12;18;15;13;22;37;6;36;12;45;21;25;74;79;69;28;42;80;19;22;24;9;24;44;12;16;4;0;15;75;111;36;57;338;121;101;32
201912;10030724;10;03;07;24;2;1420;758;662;12;6;10;27;10;6;10;24;16;28;3;28;57;260;137;193;155;77;44;51;53;62;18;15;7;7;10;51;27;13;3;0;12;53;87;28;317;710;95;75;43
201912;10030725;10;03;07;25;2;1382;708;674;30;37;22;53;21;15;28;33;43;22;16;39;58;83;37;74;135;102;103;54;82;74;46;16;12;20;29;34;39;16;9;0;30;133;157;39;141;587;136;95;64
201912;10030726;10;03;07;26;2;524;270;254;12;10;16;21;7;6;12;19;10;27;3;12;13;15;12;28;50;72;41;35;18;24;14;6;3;3;7;15;10;0;3;0;12;54;77;12;28;256;44;28;13
201912;10030727;10;03;07;27;2;1147;572;575;15;22;18;31;27;15;16;35;36;37;18;51;15;43;34;62;68;115;102;82;74;45;37;9;18;20;16;39;24;20;3;0;15;98;157;51;58;537;91;93;47
201912;10040828;10;04;08;28;2;723;342;381;13;18;6;21;9;19;6;22;19;18;12;30;12;45;19;37;49;69;46;41;45;47;16;16;6;13;18;27;12;9;3;0;13;54;96;30;57;306;79;64;24
201912;10040829;10;04;08;29;2;435;239;196;9;15;3;13;3;0;6;12;6;13;9;12;7;24;27;33;48;44;27;42;19;15;3;0;3;6;9;6;15;3;3;0;9;34;46;12;31;240;18;24;21
201912;10040830;10;04;08;30;2;541;252;289;9;6;12;15;7;9;9;21;21;21;12;19;12;18;9;13;30;50;36;33;25;25;18;10;13;9;13;54;9;3;0;0;9;40;93;19;30;196;53;89;12
201912;10040931;10;04;09;31;2;852;432;420;3;13;12;12;6;16;21;24;34;24;15;37;21;40;33;34;55;85;77;45;59;66;25;18;12;10;7;21;18;9;0;0;3;43;134;37;61;388;109;50;27
201912;10040932;10;04;09;32;2;421;222;199;6;16;4;24;7;0;15;6;6;0;0;21;12;12;6;27;41;53;38;24;31;3;6;3;4;3;7;25;12;6;3;0;6;51;27;21;24;220;12;39;21
201912;10040933;10;04;09;33;2;1181;610;571;12;17;27;56;21;23;18;34;27;33;9;46;30;47;21;38;97;83;116;96;52;68;34;29;6;17;26;53;30;12;3;0;12;121;144;46;77;503;131;102;45
201912;11010101;11;01;01;01;2;72;50;22;0;0;0;4;0;0;3;0;0;0;0;4;3;3;6;12;3;0;12;7;0;6;0;3;0;3;0;0;3;0;0;0;0;4;3;4;6;40;9;3;3
201912;11010102;11;01;01;02;2;174;92;82;0;3;3;6;3;3;0;6;9;3;0;12;0;9;3;6;7;27;15;21;10;15;0;3;0;0;7;3;0;0;0;0;0;15;21;12;9;89;18;10;0
201912;11010103;11;01;01;03;2;533;313;220;12;15;12;29;11;9;9;13;33;15;7;35;21;39;22;42;57;36;35;24;21;12;3;6;0;3;3;6;3;0;0;0;12;67;86;35;60;237;21;12;3
201912;11010204;11;01;02;04;2;2826;1388;1438;59;75;84;128;63;50;49;92;104;84;35;130;68;126;106;146;288;231;199;163;110;118;64;61;47;28;46;38;25;6;0;3;59;350;414;130;194;1243;243;159;34
201912;11010205;11;01;02;05;2;2320;1195;1125;41;46;46;97;44;43;57;80;95;104;41;104;49;103;75;107;192;214;167;143;122;101;63;39;47;24;30;23;13;4;6;0;41;233;420;104;152;1020;203;124;23
201912;11010206;11;01;02;06;2;1679;838;841;46;40;37;67;33;25;26;52;45;59;18;65;49;116;67;116;172;135;97;81;84;64;33;24;9;33;13;39;19;9;3;3;46;177;225;65;165;752;121;94;34
201912;11010207;11;01;02;07;2;1984;1043;941;46;55;64;99;33;36;30;63;46;52;15;65;58;135;82;117;206;197;139;107;60;68;58;18;16;31;37;19;14;12;3;3;46;251;242;65;193;908;144;103;32
201912;11010308;11;01;03;08;2;3475;1709;1766;48;69;77;159;78;76;64;137;127;103;50;135;90;177;96;172;331;294;214;227;192;163;97;59;40;41;44;46;32;22;15;0;48;383;557;135;267;1526;319;171;69
201912;11010309;11;01;03;09;2;2728;1408;1320;49;62;73;124;47;69;61;92;89;81;43;109;104;161;83;138;272;223;187;153;130;124;66;30;32;32;25;27;28;7;3;4;49;306;435;109;265;1186;220;116;42
201912;11010310;11;01;03;10;2;1162;613;549;52;22;27;31;20;15;22;28;38;27;15;45;40;80;51;74;122;114;67;59;45;46;15;17;12;16;13;21;18;4;6;0;52;100;145;45;120;532;78;62;28
201912;11020411;11;02;04;11;2;2755;1434;1321;51;76;81;148;79;73;53;109;95;79;51;105;75;174;120;189;273;239;214;136;110;68;30;22;12;22;19;27;15;7;3;0;51;384;460;105;249;1281;120;80;25
201912;11020412;11;02;04;12;2;1520;845;675;29;22;34;50;28;23;32;39;45;37;13;56;58;129;62;85;170;125;100;70;77;66;34;19;9;13;26;19;33;14;0;3;29;134;189;56;187;689;119;67;50
201912;11020513;11;02;05;13;2;831;421;410;9;15;10;51;32;26;25;44;36;36;18;26;31;46;22;37;94;75;49;25;25;12;6;3;0;0;12;34;13;13;6;0;9;108;185;26;77;327;21;46;32
201912;11020514;11;02;05;14;2;2396;1289;1107;50;60;62;116;42;36;40;72;66;56;30;86;76;143;134;194;322;223;162;134;84;59;28;12;9;23;22;33;9;10;3;0;50;280;300;86;219;1253;99;87;22
201912;11020515;11;02;05;15;2;4034;1991;2043;79;78;83;160;65;84;82;139;127;108;50;168;135;234;137;245;419;316;330;236;183;195;89;45;36;45;24;70;41;22;9;0;79;386;590;168;369;1866;329;175;72
201912;11020516;11;02;05;16;2;770;378;392;24;24;19;27;20;12;20;22;19;9;15;24;21;52;12;43;98;75;49;56;31;25;12;12;3;3;16;12;12;3;0;0;24;90;97;24;73;364;49;34;15
201912;11030617;11;03;06;17;2;2317;1234;1083;51;36;56;67;31;45;36;88;78;60;31;98;80;180;84;174;275;200;153;135;101;79;41;21;6;12;28;37;31;3;0;0;51;190;338;98;260;1122;141;83;34
201912;11030618;11;03;06;18;2;4849;2451;2398;72;84;59;133;49;69;57;81;106;95;56;144;210;507;310;449;596;415;296;224;186;174;83;39;33;44;57;105;61;34;15;6;72;325;464;144;717;2476;296;239;116
201912;11030619;11;03;06;19;2;3682;1876;1806;61;79;65;151;54;44;58;108;81;76;30;126;81;225;158;290;430;388;253;223;181;151;99;45;33;34;51;47;38;13;6;3;61;349;397;126;306;1923;295;165;60
201912;11030720;11;03;07;20;2;3707;2442;1265;46;37;44;57;20;29;22;43;35;33;12;46;184;467;298;410;556;347;301;197;222;130;68;34;9;24;9;6;11;10;0;0;46;158;174;46;651;2331;232;48;21
201912;11030721;11;03;07;21;2;6925;3681;3244;116;126;113;224;102;82;73;158;146;130;64;190;217;620;380;564;903;710;490;386;304;265;159;79;68;63;44;64;49;27;6;3;116;565;653;190;837;3737;503;239;85
201912;11030824;11;03;08;24;2;3743;1932;1811;49;57;55;123;57;48;46;111;94;89;38;120;120;366;202;334;459;301;231;191;142;179;70;34;31;40;49;50;39;6;12;0;49;292;426;120;486;1860;283;170;57
201912;11040925;11;04;09;25;2;1048;537;511;16;24;14;41;15;16;3;21;26;20;7;28;31;43;53;104;184;115;92;67;47;40;10;3;4;6;6;8;4;0;0;0;16;94;93;28;74;662;53;24;4
201912;11040926;11;04;09;26;2;6963;3576;3387;129;155;110;236;88;90;100;134;132;132;56;138;206;511;385;669;1127;755;504;334;247;235;97;78;64;73;62;70;32;6;8;0;129;589;644;138;717;4021;410;269;46
201912;11041022;11;04;10;22;2;1949;1110;839;27;40;12;61;24;20;28;39;45;51;15;59;52;171;118;190;282;174;118;106;92;61;34;15;32;22;10;24;18;9;0;0;27;137;198;59;223;1080;110;88;27
201912;11041023;11;04;10;23;2;2386;1198;1188;53;52;55;84;41;47;36;60;78;73;38;56;60;157;93;199;305;215;163;119;111;101;36;25;14;32;20;28;19;6;7;3;53;232;332;56;217;1205;162;94;35
201912;11041027;11;04;10;27;2;952;501;451;16;13;12;38;10;16;22;27;27;15;22;29;36;73;65;57;97;93;59;68;23;33;15;15;3;19;12;11;13;7;6;0;16;73;129;29;109;462;63;45;26
201912;11041128;11;04;11;28;2;6738;3318;3420;93;142;134;232;95;96;75;172;134;121;75;202;208;564;414;604;742;579;426;325;232;284;127;78;62;53;101;160;102;76;27;3;93;603;673;202;772;3322;489;376;208
201912;11051229;11;05;12;29;2;900;428;472;25;27;34;46;14;17;27;22;28;15;12;25;36;39;46;49;128;74;75;55;35;25;3;6;3;6;0;18;7;3;0;0;25;121;121;25;75;462;34;27;10
201912;11051330;11;05;13;30;2;2165;1254;911;38;48;45;59;26;21;28;29;48;25;6;34;32;341;258;314;282;179;91;72;46;52;6;11;9;9;16;16;9;9;6;0;38;178;157;34;373;1242;69;50;24
201912;11051331;11;05;13;31;2;1362;712;650;27;24;30;38;36;22;25;40;37;41;18;40;34;83;39;75;157;101;129;76;56;42;46;15;12;6;24;41;27;21;0;0;27;128;183;40;117;633;103;83;48
201912;11051332;11;05;13;32;2;1027;504;523;6;16;24;42;21;18;16;36;26;48;15;35;34;45;50;80;95;90;88;77;63;24;16;6;7;10;9;15;6;9;0;0;6;103;159;35;79;543;46;41;15
201912;12103115;12;10;31;15;2;3408;1778;1630;48;58;75;90;54;43;42;72;73;62;50;96;94;209;117;220;358;305;259;270;212;170;88;63;40;77;73;54;27;6;3;0;48;277;342;96;303;1741;321;244;36
201912;12103116;12;10;31;16;2;4966;2659;2307;85;73;73;163;83;76;89;133;149;178;56;218;147;269;190;314;524;431;392;354;302;233;83;73;33;71;78;49;38;9;0;0;85;392;681;218;416;2507;389;231;47
201912;12103117;12;10;31;17;2;5958;3103;2855;76;138;108;200;85;65;95;163;148;147;85;202;170;323;246;420;605;542;442;415;337;291;129;94;91;83;137;59;50;12;0;0;76;531;703;202;493;3007;514;370;62
201912;12103218;12;10;32;18;2;6372;3371;3001;108;92;102;178;89;98;85;158;138;166;68;205;221;465;310;453;619;574;398;433;380;352;143;94;49;118;132;67;56;15;3;3;108;461;713;205;686;3167;589;366;77
201912;12103219;12;10;32;19;2;4078;2142;1936;58;78;79;139;63;63;62;104;99;82;44;135;96;245;148;294;474;373;324;253;224;188;102;56;50;61;83;64;25;9;3;0;58;359;454;135;341;2090;346;258;37
201912;12103220;12;10;32;20;2;1428;746;682;28;23;24;36;9;19;12;38;34;31;6;30;30;65;40;89;167;140;117;119;98;71;37;24;25;41;37;19;6;10;3;0;28;92;140;30;95;770;132;122;19
201912;12214125;12;21;41;25;2;2575;1530;1045;44;30;33;78;40;34;41;69;70;48;37;89;77;118;84;158;237;247;267;199;187;124;56;24;31;33;71;34;6;9;0;0;44;181;299;89;195;1379;204;169;15
201912;12214126;12;21;41;26;2;3252;1620;1632;58;68;44;114;37;46;54;80;79;81;43;134;91;183;91;187;272;259;235;231;193;183;91;49;64;97;71;63;38;3;13;0;58;263;383;134;274;1468;323;295;54
201912;12214421;12;21;44;21;2;1073;575;498;24;21;18;35;18;9;22;24;31;30;15;38;30;47;46;68;94;101;78;97;67;52;28;9;10;28;16;10;7;0;0;0;24;92;131;38;77;551;89;64;7
201912;12214422;12;21;44;22;2;4946;2556;2390;79;98;69;164;88;79;61;142;156;161;75;218;179;284;172;256;442;391;364;335;306;235;127;77;71;96;87;63;40;10;12;9;79;419;674;218;463;2266;439;317;71
201912;12214423;12;21;44;23;2;2400;1235;1165;34;30;49;72;49;31;35;62;50;60;28;73;56;135;57;137;232;207;197;157;155;131;91;40;35;40;69;56;20;12;0;0;34;200;266;73;191;1142;262;200;32
201912;12214424;12;21;44;24;2;5586;2980;2606;76;90;91;185;91;87;88;164;148;167;76;210;169;288;190;284;599;493;444;412;384;272;127;73;55;99;99;56;52;17;0;0;76;457;730;210;457;2806;472;309;69
201912;12214527;12;21;45;27;2;2613;1293;1320;30;54;40;70;30;28;19;58;73;58;22;82;61;133;93;148;260;223;176;192;167;149;74;51;43;72;87;53;33;28;6;0;30;194;258;82;194;1259;274;255;67
201912;12214528;12;21;45;28;2;116;69;47;0;0;0;0;0;4;0;0;3;0;0;23;25;12;10;10;3;4;4;0;6;9;0;0;0;0;0;0;0;0;3;0;0;0;7;23;37;37;9;0;3
201912;12224229;12;22;42;29;2;839;409;430;6;6;9;33;10;18;15;21;30;38;18;49;42;22;18;26;45;50;59;62;72;54;24;12;12;16;28;9;23;6;6;0;6;58;140;49;64;332;90;65;35
201912;12224230;12;22;42;30;2;2504;1202;1302;28;42;51;75;35;36;43;92;79;92;39;125;65;93;53;91;156;152;145;196;191;158;65;58;56;66;98;63;37;24;0;0;28;203;381;125;158;984;281;283;61
201912;12231101;12;23;11;01;2;2448;1169;1279;26;51;36;76;37;38;40;54;81;88;36;89;72;102;72;87;173;180;168;183;194;135;63;34;40;67;114;66;30;6;10;0;26;200;337;89;174;1057;232;287;46
201912;12231102;12;23;11;02;2;2293;1073;1220;30;40;36;80;39;40;55;75;80;79;43;125;42;86;34;76;100;142;162;172;144;175;71;38;45;74;69;64;37;25;15;0;30;195;372;125;128;830;284;252;77
201912;12301203;12;30;12;03;2;4620;2543;2077;66;63;64;170;64;65;49;115;105;98;55;166;170;272;182;315;425;370;343;353;294;222;120;66;53;104;124;87;27;10;3;0;66;361;487;166;442;2282;408;368;40
201912;12301204;12;30;12;04;2;1485;733;752;15;34;24;42;30;18;35;53;35;49;21;70;56;75;39;56;119;115;81;107;94;99;43;24;19;40;33;35;15;9;0;0;15;130;211;70;131;611;166;127;24
201912;12301205;12;30;12;05;2;949;490;459;21;18;12;28;21;18;9;27;24;22;6;42;32;38;41;29;85;71;81;103;52;44;25;12;10;27;16;24;7;0;4;0;21;79;106;42;70;462;81;77;11
201912;12301206;12;30;12;06;2;885;442;443;6;15;16;33;19;13;18;30;47;36;9;42;19;29;13;22;46;80;84;59;57;49;27;18;12;33;28;15;7;3;0;0;6;83;153;42;48;361;94;88;10
201912;12302107;12;30;21;07;2;1315;681;634;18;21;24;37;12;9;15;29;51;26;22;66;52;66;34;60;96;86;105;110;107;69;31;18;15;26;43;33;34;0;0;0;18;94;152;66;118;598;118;117;34
201912;12302108;12;30;21;08;2;6648;3309;3339;104;111;135;270;145;152;128;243;235;252;138;382;215;293;163;316;504;514;492;491;360;313;135;88;83;116;122;93;24;20;3;8;104;661;1148;382;508;2840;536;414;55
201912;12302109;12;30;21;09;2;6135;3076;3059;100;115;113;255;132;115;136;251;255;246;115;310;176;269;150;265;508;504;451;367;320;293;157;96;82;99;100;59;65;12;12;7;100;615;1118;310;445;2565;546;340;96
201912;12302110;12;30;21;10;2;6063;3090;2973;82;121;95;256;113;122;147;258;287;235;114;342;216;306;162;264;462;480;402;445;344;263;125;73;82;80;73;70;38;6;0;0;82;585;1163;342;522;2559;461;305;44
201912;12302211;12;30;22;11;2;948;482;466;9;10;13;24;6;12;9;18;16;21;13;34;32;47;30;52;69;49;64;75;81;80;39;28;20;31;21;15;17;4;6;3;9;53;89;34;79;420;147;87;30
201912;12302212;12;30;22;12;2;2947;1491;1456;50;69;71;130;73;60;80;112;125;120;56;134;107;160;88;133;232;244;199;164;154;120;61;42;27;40;40;25;24;7;0;0;50;343;553;134;267;1214;223;132;31
201912;12304313;12;30;43;13;2;1796;939;857;25;39;38;53;18;23;15;51;26;43;12;48;43;132;90;140;182;167;122;108;116;75;59;25;22;47;36;19;16;0;3;3;25;148;170;48;175;925;159;124;22
201912;12304314;12;30;43;14;2;1517;727;790;22;24;15;40;9;31;16;39;39;33;12;53;44;59;42;80;131;115;121;111;115;95;37;36;34;31;67;36;18;12;0;0;22;88;170;53;103;715;168;168;30
