ZEIT;RAUMID;BEZ;PGR;BZR;PLR;STADTRAUM;EINW10;EINW5;DAU10;DAU5;PDAU10;PDAU5
2015;01011101;01;01;11;01;1;2913;2981;1084;1557;37,2;52,2
2015;01011102;01;01;11;02;1;187;193;82;106;43,9;54,9
2015;01011103;01;01;11;03;1;5015;5255;1718;2691;34,3;51,2
2015;01011104;01;01;11;04;1;4095;4317;1115;1986;27,2;46,0
2015;01011105;01;01;11;05;1;1010;1044;162;411;16,0;39,4
2015;01011201;01;01;12;01;1;1903;1963;864;1334;45,4;68,0
2015;01011202;01;01;12;02;1;495;519;134;247;27,1;47,6
2015;01011203;01;01;12;03;1;891;920;291;445;32,7;48,4
2015;01011204;01;01;12;04;1;6331;6518;2329;3494;36,8;53,6
2015;01011301;01;01;13;01;1;5564;5803;1143;2344;20,5;40,4
2015;01011302;01;01;13;02;1;11116;11702;3825;6710;34,4;57,3
2015;01011303;01;01;13;03;1;8288;8534;2896;4702;34,9;55,1
2015;01011304;01;01;13;04;1;7888;8153;3746;5671;47,5;69,6
2015;01011305;01;01;13;05;1;6783;6976;2828;4065;41,7;58,3
2015;01011306;01;01;13;06;1;8151;8411;3083;4640;37,8;55,2
2015;01011401;01;01;14;01;1;13985;14791;3566;7131;25,5;48,2
2015;01011402;01;01;14;02;1;11423;12132;2753;5871;24,1;48,4
2015;01022101;01;02;21;01;1;3178;3282;835;1613;26,3;49,1
2015;01022102;01;02;21;02;1;5803;6021;1651;3052;28,5;50,7
2015;01022103;01;02;21;03;1;206;232;43;100;20,9;43,1
2015;01022104;01;02;21;04;1;16580;17245;5458;9604;32,9;55,7
2015;01022105;01;02;21;05;1;4803;5019;1584;2760;33,0;55,0
2015;01022106;01;02;21;06;1;10589;11036;4317;6717;40,8;60,9
2015;01022201;01;02;22;01;1;9818;10195;3071;5441;31,3;53,4
2015;01022202;01;02;22;02;1;1290;1390;572;919;44,3;66,1
2015;01022203;01;02;22;03;1;6139;6508;2227;3878;36,3;59,6
2015;01022204;01;02;22;04;1;5417;5632;2151;3400;39,7;60,4
2015;01022205;01;02;22;05;1;2868;3041;1064;1815;37,1;59,7
2015;01022206;01;02;22;06;1;2770;2897;1015;1810;36,6;62,5
2015;01022207;01;02;22;07;1;5342;5483;2126;3232;39,8;58,9
2015;01033101;01;03;31;01;1;23402;24872;6801;13043;29,1;52,4
2015;01033102;01;03;31;02;1;10390;10952;3308;6219;31,8;56,8
2015;01033201;01;03;32;01;1;11253;12130;4561;8260;40,5;68,1
2015;01033202;01;03;32;02;1;8692;9221;3687;6174;42,4;67,0
2015;01033203;01;03;32;03;1;12556;13270;4163;7403;33,2;55,8
2015;01044101;01;04;41;01;1;18605;19375;6698;11430;36,0;59,0
2015;01044102;01;04;41;02;1;14704;15236;5463;9001;37,2;59,1
2015;01044103;01;04;41;03;1;7489;7758;2282;4087;30,5;52,7
2015;01044201;01;04;42;01;1;20937;22193;6341;11960;30,3;53,9
2015;01044202;01;04;42;02;1;15283;15890;4006;7773;26,2;48,9
2015;01044203;01;04;42;03;1;14720;15363;4323;8155;29,4;53,1
2015;02010101;02;01;01;01;1;5545;5837;1879;3222;33,9;55,2
2015;02010102;02;01;01;02;1;11825;12624;4418;7908;37,4;62,6
2015;02010103;02;01;01;03;1;13656;14601;5887;10086;43,1;69,1
2015;02010104;02;01;01;04;1;4499;4834;1898;3402;42,2;70,4
2015;02020201;02;02;02;01;1;569;591;69;148;12,1;25,0
2015;02020202;02;02;02;02;1;5267;5526;1931;3209;36,7;58,1
2015;02020203;02;02;02;03;1;9660;10115;3474;5770;36,0;57,0
2015;02020204;02;02;02;04;1;11120;11607;4132;6758;37,2;58,2
2015;02020205;02;02;02;05;1;13652;14260;5542;8892;40,6;62,4
2015;02020206;02;02;02;06;1;17193;18065;6158;10705;35,8;59,3
2015;02030301;02;03;03;01;1;8391;8794;3535;5699;42,1;64,8
2015;02030302;02;03;03;02;1;11942;12566;4937;8089;41,3;64,4
2015;02030401;02;03;04;01;1;13690;14296;5037;8484;36,8;59,3
2015;02030402;02;03;04;02;1;10222;10665;3967;6442;38,8;60,4
2015;02040501;02;04;05;01;1;5025;5247;2752;3696;54,8;70,4
2015;02040502;02;04;05;02;1;6574;6804;2541;4053;38,7;59,6
2015;02040503;02;04;05;03;1;9757;10164;2796;5220;28,7;51,4
2015;02040701;02;04;07;01;1;11351;11760;4433;6927;39,1;58,9
2015;02040702;02;04;07;02;1;9711;10135;3324;5738;34,2;56,6
2015;02040703;02;04;07;03;1;930;993;70;234;7,5;23,6
2015;02050601;02;05;06;01;1;8074;8350;1984;3939;24,6;47,2
2015;02050602;02;05;06;02;1;18290;19155;4527;8925;24,8;46,6
2015;02050801;02;05;08;01;1;17184;17867;4094;8405;23,8;47,0
2015;02050802;02;05;08;02;1;18164;18869;4208;8603;23,2;45,6
2015;02050803;02;05;08;03;1;6117;6342;1704;3173;27,9;50,0
2015;02050804;02;05;08;04;1;3229;3443;842;1686;26,1;49,0
2015;03010101;03;01;01;01;2;3268;3435;1202;1666;36,8;48,5
2015;03010102;03;01;01;02;2;10503;11079;3932;5971;37,4;53,9
2015;03010104;03;01;01;04;2;189;196;73;115;38,6;58,7
2015;03020203;03;02;02;03;2;1875;1987;748;925;39,9;46,6
2015;03020209;03;02;02;09;2;12777;13584;4767;8161;37,3;60,1
2015;03020210;03;02;02;10;2;9445;10002;3759;5947;39,8;59,5
2015;03020307;03;02;03;07;2;15613;16570;6613;10778;42,4;65,0
2015;03030405;03;03;04;05;2;9315;9944;3265;6161;35,1;62,0
2015;03030406;03;03;04;06;2;7448;7813;4871;6200;65,4;79,4
2015;03030711;03;03;07;11;2;6184;6500;3421;4401;55,3;67,7
2015;03030715;03;03;07;15;2;6192;6479;3445;4589;55,6;70,8
2015;03030716;03;03;07;16;2;1070;1118;752;888;70,3;79,4
2015;03040508;03;04;05;08;2;4103;4362;1915;3059;46,7;70,1
2015;03040512;03;04;05;12;2;8753;9208;4248;6123;48,5;66,5
2015;03040513;03;04;05;13;2;3007;3238;1408;2139;46,8;66,1
2015;03040614;03;04;06;14;2;30619;32763;11837;19761;38,7;60,3
2015;03040818;03;04;08;18;2;30421;31988;12084;19348;39,7;60,5
2015;03050919;03;05;09;19;2;5040;5263;2025;3216;40,2;61,1
2015;03050920;03;05;09;20;2;6461;6850;2303;3913;35,6;57,1
2015;03050923;03;05;09;23;2;7932;8329;2238;4205;28,2;50,5
2015;03050924;03;05;09;24;2;5025;5347;1538;3032;30,6;56,7
2015;03050925;03;05;09;25;2;7888;8444;2686;4763;34,1;56,4
2015;03051017;03;05;10;17;2;3818;3973;1354;2395;35,5;60,3
2015;03051021;03;05;10;21;2;6017;6252;2742;4184;45,6;66,9
2015;03051022;03;05;10;22;2;4086;4284;1980;2898;48,5;67,6
2015;03061126;03;06;11;26;1;13418;14106;3912;7243;29,2;51,3
2015;03061131;03;06;11;31;1;9019;9527;2520;4774;27,9;50,1
2015;03061227;03;06;12;27;1;13072;13676;4197;7422;32,1;54,3
2015;03061228;03;06;12;28;1;11593;11932;4426;6864;38,2;57,5
2015;03061332;03;06;13;32;1;19488;20721;5576;10760;28,6;51,9
2015;03061429;03;06;14;29;1;9395;9698;5298;7067;56,4;72,9
2015;03061430;03;06;14;30;1;3032;3191;1507;1921;49,7;60,2
2015;03061434;03;06;14;34;1;5483;5745;1602;3069;29,2;53,4
2015;03061435;03;06;14;35;1;3558;3709;1268;2149;35,6;57,9
2015;03061441;03;06;14;41;1;1890;2170;162;888;8,6;40,9
2015;03071536;03;07;15;36;1;9289;9906;2721;5148;29,3;52,0
2015;03071537;03;07;15;37;1;13193;13977;4292;7521;32,5;53,8
2015;03071633;03;07;16;33;1;2601;2708;1264;1717;48,6;63,4
2015;03071638;03;07;16;38;1;14933;15894;4484;8525;30,0;53,6
2015;03071639;03;07;16;39;1;10691;11533;3685;6592;34,5;57,2
2015;04010101;04;01;01;01;2;9671;10135;4171;6524;43,1;64,4
2015;04010102;04;01;01;02;2;756;779;351;468;46,4;60,1
2015;04010103;04;01;01;03;2;6924;7286;3308;4893;47,8;67,2
2015;04020204;04;02;02;04;2;156;177;67;91;42,9;51,4
2015;04020205;04;02;02;05;2;1168;1224;601;824;51,5;67,3
2015;04020206;04;02;02;06;2;2465;2526;1091;1733;44,3;68,6
2015;04020207;04;02;02;07;2;2389;2508;1105;1662;46,3;66,3
2015;04020208;04;02;02;08;2;2595;2744;1260;1845;48,6;67,2
2015;04020209;04;02;02;09;2;2934;3062;1471;1994;50,1;65,1
2015;04020310;04;02;03;10;2;601;601;184;263;30,6;43,8
2015;04020311;04;02;03;11;2;13353;13849;6468;9290;48,4;67,1
2015;04020312;04;02;03;12;2;4884;5077;2192;3269;44,9;64,4
2015;04020313;04;02;03;13;2;6883;7118;2868;4275;41,7;60,1
2015;04020314;04;02;03;14;2;15;15;9;9;60,0;60,0
2015;04030415;04;03;04;15;1;2639;2694;741;1254;28,1;46,5
2015;04030416;04;03;04;16;1;9510;9963;4099;6391;43,1;64,1
2015;04030417;04;03;04;17;1;9938;10343;4179;6638;42,1;64,2
2015;04030518;04;03;05;18;1;8766;9063;3802;5746;43,4;63,4
2015;04030519;04;03;05;19;1;5215;5428;1901;3058;36,5;56,3
2015;04030620;04;03;06;20;1;7832;8120;3265;5115;41,7;63,0
2015;04030621;04;03;06;21;1;2733;2840;1070;1641;39,2;57,8
2015;04030622;04;03;06;22;1;9554;9861;4052;6212;42,4;63,0
2015;04030623;04;03;06;23;1;4226;4375;1815;2666;42,9;60,9
2015;04030724;04;03;07;24;1;5947;6132;2774;4065;46,6;66,3
2015;04030725;04;03;07;25;1;10961;11436;4555;7111;41,6;62,2
2015;04030726;04;03;07;26;1;5047;5216;2230;3223;44,2;61,8
2015;04030827;04;03;08;27;1;11126;11563;4311;6817;38,7;59,0
2015;04030828;04;03;08;28;1;8755;9020;3927;5633;44,9;62,5
2015;04030929;04;03;09;29;1;5378;5567;2272;3487;42,2;62,6
2015;04030930;04;03;09;30;1;5145;5347;2339;3343;45,5;62,5
2015;04030931;04;03;09;31;1;3368;3492;1408;2052;41,8;58,8
2015;04031032;04;03;10;32;1;13713;14159;6204;9114;45,2;64,4
2015;04041133;04;04;11;33;2;33;33;27;27;81,8;81,8
2015;04041134;04;04;11;34;2;4629;4870;1918;2869;41,4;58,9
2015;04041135;04;04;11;35;2;2535;2641;1194;1683;47,1;63,7
2015;04041136;04;04;11;36;2;2799;2915;1261;1785;45,1;61,2
2015;04041137;04;04;11;37;2;7275;7552;3402;4947;46,8;65,5
2015;04041238;04;04;12;38;2;5175;5435;2326;3586;44,9;66,0
2015;04041239;04;04;12;39;2;184;187;45;66;24,5;35,3
2015;04041240;04;04;12;40;2;1410;1479;723;984;51,3;66,5
2015;04041241;04;04;12;41;2;6478;6766;2832;4309;43,7;63,7
2015;04041342;04;04;13;42;2;3801;3904;1905;2748;50,1;70,4
2015;04041343;04;04;13;43;2;3305;3418;1682;2317;50,9;67,8
2015;04041344;04;04;13;44;2;9885;10315;4849;7315;49,1;70,9
2015;04051445;04;05;14;45;1;5766;6004;2359;3732;40,9;62,2
2015;04051446;04;05;14;46;1;9781;10116;4242;6217;43,4;61,5
2015;04051447;04;05;14;47;1;4897;5077;2055;2989;42,0;58,9
2015;04051448;04;05;14;48;1;8416;8680;3675;5370;43,7;61,9
2015;04051549;04;05;15;49;1;4320;4546;1714;2577;39,7;56,7
2015;04051550;04;05;15;50;1;5026;5223;2164;3166;43,1;60,6
2015;04051551;04;05;15;51;1;4004;4158;1797;2609;44,9;62,7
2015;04051652;04;05;16;52;1;8996;9297;3923;5960;43,6;64,1
2015;04051653;04;05;16;53;1;6157;6398;2767;4249;44,9;66,4
2015;04051654;04;05;16;54;1;2841;2926;1229;1826;43,3;62,4
2015;04051655;04;05;16;55;1;6377;6662;2527;3985;39,6;59,8
2015;04051656;04;05;16;56;1;6867;7205;3038;4494;44,2;62,4
2015;04061757;04;06;17;57;2;64;64;22;34;34,4;53,1
2015;05010101;05;01;01;01;2;9501;9994;3315;5561;34,9;55,6
2015;05010102;05;01;01;02;2;5456;5617;2489;3568;45,6;63,5
2015;05010103;05;01;01;03;2;6918;7155;3435;4891;49,7;68,4
2015;05010204;05;01;02;04;2;2863;3044;1089;1790;38,0;58,8
2015;05010205;05;01;02;05;2;1767;1836;922;1422;52,2;77,5
2015;05010206;05;01;02;06;2;9181;9648;4297;6428;46,8;66,6
2015;05010207;05;01;02;07;2;10044;10697;4688;7037;46,7;65,8
2015;05010208;05;01;02;08;2;6748;7053;2547;4056;37,7;57,5
2015;05010209;05;01;02;09;2;5613;5835;3098;4191;55,2;71,8
2015;05010310;05;01;03;10;2;3464;3632;1213;2029;35,0;55,9
2015;05010311;05;01;03;11;2;4944;5289;1476;2794;29,9;52,8
2015;05010312;05;01;03;12;2;6190;6569;1816;3085;29,3;47,0
2015;05010313;05;01;03;13;2;5957;6226;2019;3415;33,9;54,9
2015;05010314;05;01;03;14;2;10894;11331;4266;6641;39,2;58,6
2015;05010339;05;01;03;39;2;669;736;168;257;25,1;34,9
2015;05020415;05;02;04;15;2;3640;3806;2319;3042;63,7;79,9
2015;05020416;05;02;04;16;2;1631;1685;1050;1322;64,4;78,5
2015;05020417;05;02;04;17;2;5406;5626;3088;3973;57,1;70,6
2015;05020418;05;02;04;18;2;3689;3869;1782;2582;48,3;66,7
2015;05020419;05;02;04;19;2;6291;6605;2996;4327;47,6;65,5
2015;05020420;05;02;04;20;2;822;862;434;644;52,8;74,7
2015;05020521;05;02;05;21;2;2709;2895;929;1688;34,3;58,3
2015;05020522;05;02;05;22;2;6269;6725;2315;3868;36,9;57,5
2015;05020523;05;02;05;23;2;9965;10773;3606;6661;36,2;61,8
2015;05020524;05;02;05;24;2;5782;5967;3409;4379;59,0;73,4
2015;05020625;05;02;06;25;2;6851;7097;2784;4189;40,6;59,0
2015;05020626;05;02;06;26;2;16683;17409;5840;9405;35,0;54,0
2015;05020627;05;02;06;27;2;3535;3750;1324;2195;37,5;58,5
2015;05020628;05;02;06;28;2;1862;1931;915;1313;49,1;68,0
2015;05020629;05;02;06;29;2;4185;4317;2221;3151;53,1;73,0
2015;05030730;05;03;07;30;2;3350;3625;1062;2027;31,7;55,9
2015;05030731;05;03;07;31;2;10515;11007;3772;6532;35,9;59,3
2015;05030832;05;03;08;32;2;10209;10793;4171;6576;40,9;60,9
2015;05030833;05;03;08;33;2;1153;1229;182;306;15,8;24,9
2015;05040934;05;04;09;34;2;3443;3656;1920;2437;55,8;66,7
2015;05040935;05;04;09;35;2;378;390;175;227;46,3;58,2
2015;05040936;05;04;09;36;2;8557;9174;4017;5827;46,9;63,5
2015;05040937;05;04;09;37;2;1980;2069;1151;1535;58,1;74,2
2015;05040938;05;04;09;38;2;3274;3455;1781;2461;54,4;71,2
2015;06010101;06;01;01;01;2;6294;6571;3177;4393;50,5;66,9
2015;06010102;06;01;01;02;2;7922;8220;3223;5049;40,7;61,4
2015;06010103;06;01;01;03;2;5711;5961;2541;3867;44,5;64,9
2015;06010204;06;01;02;04;2;6293;6571;3117;4551;49,5;69,3
2015;06010205;06;01;02;05;2;8653;9054;3958;6044;45,7;66,8
2015;06010206;06;01;02;06;2;6955;7259;2942;4670;42,3;64,3
2015;06010207;06;01;02;07;2;7123;7425;3017;4752;42,4;64,0
2015;06010208;06;01;02;08;2;5945;6202;2591;3876;43,6;62,5
2015;06010209;06;01;02;09;2;8307;8605;3544;5313;42,7;61,7
2015;06010210;06;01;02;10;2;4412;4581;1880;2904;42,6;63,4
2015;06020301;06;02;03;01;2;4619;4804;2377;3408;51,5;70,9
2015;06020302;06;02;03;02;2;5088;5265;2324;3387;45,7;64,3
2015;06020303;06;02;03;03;2;6682;6944;2809;4395;42,0;63,3
2015;06020304;06;02;03;04;2;6269;6533;2820;4244;45,0;65,0
2015;06020305;06;02;03;05;2;10224;10696;4518;6854;44,2;64,1
2015;06020306;06;02;03;06;2;5911;6133;3374;4585;57,1;74,8
2015;06020407;06;02;04;07;2;4317;4579;1978;3041;45,8;66,4
2015;06020408;06;02;04;08;2;6156;6429;2955;4348;48,0;67,6
2015;06020409;06;02;04;09;2;7457;7739;3546;5109;47,6;66,0
2015;06020410;06;02;04;10;2;6456;6763;3213;4629;49,8;68,4
2015;06020411;06;02;04;11;2;7682;8075;3984;5671;51,9;70,2
2015;06030501;06;03;05;01;2;5361;5619;2922;3876;54,5;69,0
2015;06030502;06;03;05;02;2;5013;5179;2080;3085;41,5;59,6
2015;06030503;06;03;05;03;2;10440;10904;4937;7176;47,3;65,8
2015;06030504;06;03;05;04;2;10108;10615;5329;7460;52,7;70,3
2015;06030605;06;03;06;05;2;6339;6640;3092;4424;48,8;66,6
2015;06030606;06;03;06;06;2;4818;5020;2024;3066;42,0;61,1
2015;06030607;06;03;06;07;2;2911;3036;1261;1942;43,3;64,0
2015;06030608;06;03;06;08;2;11077;11799;4822;7724;43,5;65,5
2015;06030609;06;03;06;09;2;10778;11317;5067;7427;47,0;65,6
2015;06030610;06;03;06;10;2;7406;7831;3720;5301;50,2;67,7
2015;06040701;06;04;07;01;2;8914;9400;4281;6257;48,0;66,6
2015;06040702;06;04;07;02;2;4809;5095;2299;3707;47,8;72,8
2015;06040703;06;04;07;03;2;9787;10293;4518;6622;46,2;64,3
2015;06040804;06;04;08;04;2;6842;7167;3720;5137;54,4;71,7
2015;06040805;06;04;08;05;2;4829;5103;2495;3509;51,7;68,8
2015;06040806;06;04;08;06;2;6720;7053;3791;5100;56,4;72,3
2015;06040807;06;04;08;07;2;5231;5494;2322;3638;44,4;66,2
2015;06040808;06;04;08;08;2;3773;4095;1042;2597;27,6;63,4
2015;06040809;06;04;08;09;2;4555;4813;2326;3320;51,1;69,0
2015;06040810;06;04;08;10;2;6361;6719;2813;4270;44,2;63,6
2015;07010101;07;01;01;01;1;9022;9329;3671;5648;40,7;60,5
2015;07010102;07;01;01;02;1;14607;15199;5674;9193;38,8;60,5
2015;07010103;07;01;01;03;1;9260;9651;3765;6116;40,7;63,4
2015;07010104;07;01;01;04;1;12367;12990;4794;7928;38,8;61,0
2015;07020201;07;02;02;01;1;9679;10076;4425;6677;45,7;66,3
2015;07020202;07;02;02;02;1;9239;9619;3511;5621;38,0;58,4
2015;07020203;07;02;02;03;1;16057;16777;6403;10096;39,9;60,2
2015;07020204;07;02;02;04;1;10650;11127;3868;6504;36,3;58,5
2015;07030301;07;03;03;01;1;21942;23033;10027;15180;45,7;65,9
2015;07030302;07;03;03;02;1;8419;8815;3908;5854;46,4;66,4
2015;07030303;07;03;03;03;1;11015;11594;4538;7531;41,2;65,0
2015;07040401;07;04;04;01;2;16006;16873;7498;10884;46,8;64,5
2015;07040402;07;04;04;02;2;1997;2047;829;1249;41,5;61,0
2015;07040403;07;04;04;03;2;21614;22550;8845;13856;40,9;61,4
2015;07040404;07;04;04;04;2;4712;4892;2303;3423;48,9;70,0
2015;07040405;07;04;04;05;2;9877;10328;3618;6264;36,6;60,7
2015;07040406;07;04;04;06;2;3385;3527;917;1722;27,1;48,8
2015;07050501;07;05;05;01;2;14521;15109;6403;9644;44,1;63,8
2015;07050502;07;05;05;02;2;7468;7755;2725;4494;36,5;57,9
2015;07050503;07;05;05;03;2;8486;8763;3989;5864;47,0;66,9
2015;07050504;07;05;05;04;2;5105;5321;2610;3698;51,1;69,5
2015;07050505;07;05;05;05;2;9670;10077;5077;7198;52,5;71,4
2015;07050506;07;05;05;06;2;2057;2158;1181;1557;57,4;72,2
2015;07060601;07;06;06;01;2;8983;9458;3880;5891;43,2;62,3
2015;07060602;07;06;06;02;2;4255;4472;2311;3320;54,3;74,2
2015;07060603;07;06;06;03;2;2540;2694;1380;1918;54,3;71,2
2015;07060604;07;06;06;04;2;12955;13592;5905;8735;45,6;64,3
2015;07070701;07;07;07;01;2;9564;9988;5208;7125;54,5;71,3
2015;07070702;07;07;07;02;2;9606;10052;4991;6984;52,0;69,5
2015;07070703;07;07;07;03;2;6873;7158;3633;5136;52,9;71,8
2015;07070704;07;07;07;04;2;7322;7799;3172;4822;43,3;61,8
2015;07070705;07;07;07;05;2;6462;6756;3623;5036;56,1;74,5
2015;07070706;07;07;07;06;2;3558;3730;1556;2293;43,7;61,5
2015;07070707;07;07;07;07;2;2609;2712;1558;2059;59,7;75,9
2015;08010115;08;01;01;15;1;790;827;288;525;36,5;63,5
2015;08010116;08;01;01;16;1;3253;3393;1127;2032;34,6;59,9
2015;08010117;08;01;01;17;1;14853;15454;4376;8544;29,5;55,3
2015;08010118;08;01;01;18;1;10764;11348;3062;6048;28,4;53,3
2015;08010211;08;01;02;11;1;9263;9683;2730;5214;29,5;53,8
2015;08010212;08;01;02;12;1;6656;7115;2459;4436;36,9;62,3
2015;08010213;08;01;02;13;1;11513;12028;3410;6632;29,6;55,1
2015;08010214;08;01;02;14;1;7502;7886;2200;4296;29,3;54,5
2015;08010301;08;01;03;01;1;25362;26378;8680;15290;34,2;58,0
2015;08010302;08;01;03;02;1;3426;3563;1503;2377;43,9;66,7
2015;08010303;08;01;03;03;1;7881;8209;2349;4385;29,8;53,4
2015;08010404;08;01;04;04;1;21310;22286;6301;12094;29,6;54,3
2015;08010405;08;01;04;05;1;8352;8701;2547;4641;30,5;53,3
2015;08010406;08;01;04;06;1;6186;6566;1871;3503;30,2;53,4
2015;08010407;08;01;04;07;1;756;778;162;400;21,4;51,4
2015;08010508;08;01;05;08;1;4757;5136;1803;3332;37,9;64,9
2015;08010509;08;01;05;09;1;7992;8753;2473;5583;30,9;63,8
2015;08010510;08;01;05;10;1;356;379;72;168;20,2;44,3
2015;08020619;08;02;06;19;2;9664;10234;3382;5837;35,0;57,0
2015;08020620;08;02;06;20;2;8440;8820;3443;5515;40,8;62,5
2015;08020621;08;02;06;21;2;2112;2213;1294;1695;61,3;76,6
2015;08020622;08;02;06;22;2;13096;13655;6373;9395;48,7;68,8
2015;08020623;08;02;06;23;2;1194;1240;539;877;45,1;70,7
2015;08020624;08;02;06;24;2;1039;1103;442;693;42,5;62,8
2015;08020625;08;02;06;25;2;3100;3231;1608;2231;51,9;69,0
2015;08020726;08;02;07;26;2;7719;8027;3965;5687;51,4;70,8
2015;08020727;08;02;07;27;2;10535;10986;5428;7750;51,5;70,5
2015;08020728;08;02;07;28;2;7545;7925;3362;4974;44,6;62,8
2015;08030829;08;03;08;29;2;11192;11806;5752;8435;51,4;71,4
2015;08030830;08;03;08;30;2;6727;6958;3644;5069;54,2;72,9
2015;08030831;08;03;08;31;2;15396;16199;7639;11107;49,6;68,6
2015;08040932;08;04;09;32;2;2550;2677;1089;1781;42,7;66,5
2015;08040933;08;04;09;33;2;3748;3833;1957;2675;52,2;69,8
2015;08040934;08;04;09;34;2;2460;2569;1306;1828;53,1;71,2
2015;08041035;08;04;10;35;2;7428;7719;4351;5557;58,6;72,0
2015;08041036;08;04;10;36;2;6318;6566;3958;5168;62,6;78,7
2015;08041037;08;04;10;37;2;8889;9222;4948;6702;55,7;72,7
2015;08041038;08;04;10;38;2;6292;6569;3553;4610;56,5;70,2
2015;08041039;08;04;10;39;2;3455;3658;1120;2069;32,4;56,6
2015;08041040;08;04;10;40;2;7282;7625;3800;5417;52,2;71,0
2015;09010101;09;01;01;01;2;10285;10847;3307;6221;32,2;57,4
2015;09010102;09;01;01;02;2;64;70;12;42;18,8;60,0
2015;09010201;09;01;02;01;2;3724;3960;1598;2582;42,9;65,2
2015;09010202;09;01;02;02;2;6327;6481;3199;4322;50,6;66,7
2015;09010301;09;01;03;01;2;13977;14459;5915;8727;42,3;60,4
2015;09010302;09;01;03;02;2;2679;2804;1645;2206;61,4;78,7
2015;09010401;09;01;04;01;2;7460;7680;4207;5444;56,4;70,9
2015;09010402;09;01;04;02;2;9875;10441;3957;6793;40,1;65,1
2015;09020501;09;02;05;01;2;5658;5923;1383;2700;24,4;45,6
2015;09020502;09;02;05;02;2;13046;13632;4031;7455;30,9;54,7
2015;09020601;09;02;06;01;2;6717;6995;2184;3691;32,5;52,8
2015;09020602;09;02;06;02;2;3281;3414;1980;2538;60,3;74,3
2015;09020701;09;02;07;01;2;605;611;79;82;13,1;13,4
2015;09020702;09;02;07;02;2;14551;15208;6221;9343;42,8;61,4
2015;09020801;09;02;08;01;2;2629;2751;1191;1768;45,3;64,3
2015;09020802;09;02;08;02;2;6537;6944;2534;4026;38,8;58,0
2015;09030901;09;03;09;01;2;11509;12173;6243;8512;54,2;69,9
2015;09030902;09;03;09;02;2;5178;5478;2144;3559;41,4;65,0
2015;09030903;09;03;09;03;2;6856;7308;3060;4789;44,6;65,5
2015;09031001;09;03;10;01;2;11358;11896;6316;8522;55,6;71,6
2015;09031101;09;03;11;01;2;5329;5548;2580;3507;48,4;63,2
2015;09031201;09;03;12;01;2;1624;1699;986;1277;60,7;75,2
2015;09031202;09;03;12;02;2;2220;2333;1237;1640;55,7;70,3
2015;09041301;09;04;13;01;2;13412;13854;7209;9859;53,8;71,2
2015;09041302;09;04;13;02;2;1624;1715;767;1181;47,2;68,9
2015;09041401;09;04;14;01;2;4479;4633;2400;3227;53,6;69,7
2015;09041402;09;04;14;02;2;1336;1391;697;1012;52,2;72,8
2015;09041501;09;04;15;01;2;6394;6776;2015;3768;31,5;55,6
2015;09041601;09;04;16;01;2;6066;6344;3352;4770;55,3;75,2
2015;09051701;09;05;17;01;2;3344;3462;1737;2378;51,9;68,7
2015;09051702;09;05;17;02;2;13138;13783;6253;9226;47,6;66,9
2015;09051801;09;05;18;01;2;8486;8897;4677;6593;55,1;74,1
2015;09051901;09;05;19;01;2;9435;9816;3474;5579;36,8;56,8
2015;09052001;09;05;20;01;2;11565;12027;6275;8544;54,3;71,0
2015;10010101;10;01;01;01;2;4983;5299;1990;3491;39,9;65,9
2015;10010102;10;01;01;02;2;15630;16727;6514;10788;41,7;64,5
2015;10010203;10;01;02;03;2;1135;1197;4;65;0,4;5,4
2015;10010204;10;01;02;04;2;9201;9777;4103;6549;44,6;67,0
2015;10010205;10;01;02;05;2;7363;7791;3084;4744;41,9;60,9
2015;10010206;10;01;02;06;2;15404;16105;6979;10218;45,3;63,4
2015;10010207;10;01;02;07;2;9675;10209;4692;7082;48,5;69,4
2015;10010308;10;01;03;08;2;1916;1998;795;1102;41,5;55,2
2015;10010309;10;01;03;09;2;13193;13768;6756;9783;51,2;71,1
2015;10010310;10;01;03;10;2;16113;16885;8678;11920;53,9;70,6
2015;10010311;10;01;03;11;2;2643;2773;821;1765;31,1;63,6
2015;10020412;10;02;04;12;2;5629;6173;1666;3505;29,6;56,8
2015;10020413;10;02;04;13;2;13528;14257;5063;8453;37,4;59,3
2015;10020414;10;02;04;14;2;1483;1554;485;956;32,7;61,5
2015;10020415;10;02;04;15;2;4696;5033;1663;2840;35,4;56,4
2015;10020416;10;02;04;16;2;4774;5153;1163;2721;24,4;52,8
2015;10020517;10;02;05;17;2;7981;8317;3867;5649;48,5;67,9
2015;10020518;10;02;05;18;2;4419;4721;1728;2825;39,1;59,8
2015;10020519;10;02;05;19;2;4973;5447;1337;2470;26,9;45,3
2015;10020620;10;02;06;20;2;3039;3152;1262;1927;41,5;61,1
2015;10020621;10;02;06;21;2;5245;5603;1664;3013;31,7;53,8
2015;10020622;10;02;06;22;2;7927;8262;3854;5602;48,6;67,8
2015;10020623;10;02;06;23;2;6032;6279;2738;4474;45,4;71,3
2015;10030724;10;03;07;24;2;7257;7528;4016;5462;55,3;72,6
2015;10030725;10;03;07;25;2;5428;5607;2538;3688;46,8;65,8
2015;10030726;10;03;07;26;2;2689;2804;1339;1930;49,8;68,8
2015;10030727;10;03;07;27;2;8404;8822;4786;6732;56,9;76,3
2015;10040828;10;04;08;28;2;6954;7311;4124;5508;59,3;75,3
2015;10040829;10;04;08;29;2;3367;3506;1883;2523;55,9;72,0
2015;10040830;10;04;08;30;2;6890;7220;4411;5723;64,0;79,3
2015;10040931;10;04;09;31;2;8419;8836;4820;6553;57,3;74,2
2015;10040932;10;04;09;32;2;3630;3790;1921;2635;52,9;69,5
2015;10040933;10;04;09;33;2;13335;13955;8261;10860;61,9;77,8
2015;11010101;11;01;01;01;2;524;545;208;302;39,7;55,4
2015;11010102;11;01;01;02;2;2338;2470;1314;1723;56,2;69,8
2015;11010103;11;01;01;03;2;1424;1511;616;928;43,3;61,4
2015;11010204;11;01;02;04;2;7778;8286;3395;5473;43,6;66,1
2015;11010205;11;01;02;05;2;5990;6343;2696;4211;45,0;66,4
2015;11010206;11;01;02;06;2;5319;5612;2681;3875;50,4;69,0
2015;11010207;11;01;02;07;2;6226;6577;2488;3924;40,0;59,7
2015;11010308;11;01;03;08;2;10192;10754;5002;7529;49,1;70,0
2015;11010309;11;01;03;09;2;8548;9089;4057;6327;47,5;69,6
2015;11010310;11;01;03;10;2;4784;4982;2601;3787;54,4;76,0
2015;11020411;11;02;04;11;2;7513;7859;3666;4970;48,8;63,2
2015;11020412;11;02;04;12;2;5607;5884;2577;3929;46,0;66,8
2015;11020513;11;02;05;13;2;3319;3571;1440;2210;43,4;61,9
2015;11020514;11;02;05;14;2;7813;8171;2675;4508;34,2;55,2
2015;11020515;11;02;05;15;2;13000;13632;6149;9154;47,3;67,2
2015;11020516;11;02;05;16;2;3427;3547;1618;2473;47,2;69,7
2015;11030617;11;03;06;17;2;5575;5810;2706;3957;48,5;68,1
2015;11030618;11;03;06;18;2;14593;15125;7066;10186;48,4;67,3
2015;11030619;11;03;06;19;2;9675;10109;4554;6465;47,1;64,0
2015;11030720;11;03;07;20;2;5188;5369;385;1144;7,4;21,3
2015;11030721;11;03;07;21;2;21339;22212;6571;11309;30,8;50,9
2015;11030824;11;03;08;24;2;9149;9561;4315;6385;47,2;66,8
2015;11040925;11;04;09;25;2;3149;3364;887;1778;28,2;52,9
2015;11040926;11;04;09;26;2;25081;26077;8601;14722;34,3;56,5
2015;11041022;11;04;10;22;2;4961;5117;2224;2976;44,8;58,2
2015;11041023;11;04;10;23;2;5267;5559;2233;3577;42,4;64,3
2015;11041027;11;04;10;27;2;2461;2567;1072;1593;43,6;62,1
2015;11041128;11;04;11;28;2;23009;23789;11302;15856;49,1;66,7
2015;11051229;11;05;12;29;2;2852;3094;816;1877;28,6;60,7
2015;11051330;11;05;13;30;2;8067;8461;2530;4285;31,4;50,6
2015;11051331;11;05;13;31;2;9239;9782;4263;6051;46,1;61,9
2015;11051332;11;05;13;32;2;5560;6137;1891;3514;34,0;57,3
2015;12103115;12;10;31;15;2;6885;7173;2684;4357;39,0;60,7
2015;12103116;12;10;31;16;2;8307;8753;3170;5134;38,2;58,7
2015;12103117;12;10;31;17;2;9238;9707;3167;5302;34,3;54,6
2015;12103218;12;10;32;18;2;11888;12438;4667;7601;39,3;61,1
2015;12103219;12;10;32;19;2;7831;8173;3131;5034;40,0;61,6
2015;12103220;12;10;32;20;2;4262;4404;1982;2899;46,5;65,8
2015;12214125;12;21;41;25;2;6654;6915;2991;4457;45,0;64,5
2015;12214126;12;21;41;26;2;6943;7252;3104;4890;44,7;67,4
2015;12214421;12;21;44;21;2;2322;2442;786;1561;33,9;63,9
2015;12214422;12;21;44;22;2;6868;7316;2443;4058;35,6;55,5
2015;12214423;12;21;44;23;2;5152;5343;2449;3582;47,5;67,0
2015;12214424;12;21;44;24;2;9391;9885;3644;5795;38,8;58,6
2015;12214527;12;21;45;27;2;9851;10139;4053;6143;41,1;60,6
2015;12214528;12;21;45;28;2;286;292;47;88;16,4;30,1
2015;12224229;12;22;42;29;2;5573;5822;3217;4255;57,7;73,1
2015;12224230;12;22;42;30;2;16413;17169;9372;12464;57,1;72,6
2015;12231101;12;23;11;01;2;15012;15725;8514;11312;56,7;71,9
2015;12231102;12;23;11;02;2;15241;16087;8673;11448;56,9;71,2
2015;12301203;12;30;12;03;2;13653;14197;6004;8546;44,0;60,2
2015;12301204;12;30;12;04;2;5847;6089;2806;4161;48,0;68,3
2015;12301205;12;30;12;05;2;4477;4686;2266;3173;50,6;67,7
2015;12301206;12;30;12;06;2;4614;4872;2464;3209;53,4;65,9
2015;12302107;12;30;21;07;2;2813;2917;1425;2021;50,7;69,3
2015;12302108;12;30;21;08;2;12053;12884;4360;7862;36,2;61,0
2015;12302109;12;30;21;09;2;9655;10450;2774;5498;28,7;52,6
2015;12302110;12;30;21;10;2;8704;9510;2651;4822;30,5;50,7
2015;12302211;12;30;22;11;2;3139;3227;1657;2282;52,8;70,7
2015;12302212;12;30;22;12;2;4892;5268;1882;2891;38,5;54,9
2015;12304313;12;30;43;13;2;6047;6272;2719;4068;45,0;64,9
2015;12304314;12;30;43;14;2;9051;9348;4950;6844;54,7;73,2
